network_packet_size,login_attempts,session_duration,ip_reputation_score,failed_logins,unusual_time_access,protocol_type_ICMP,protocol_type_TCP,protocol_type_UDP,browser_type_Chrome,browser_type_Edge,browser_type_Firefox,browser_type_Safari,browser_type_Unknown,encryption_used_AES,encryption_used_DES,encryption_used_None,attack_detected
1.0485074626865671,1.0,-0.4098242145122768,0.7076373256681591,1.0,0.0,0.0,1.0,0.0,0.0,1.0,0.0,0.0,0.0,1.0,0.0,0.0,0
-0.7686567164179104,0.5,1.4527581388986375,-0.1689857670155312,1.0,0.0,1.0,0.0,0.0,1.0,0.0,0.0,0.0,0.0,0.0,0.0,1.0,0
0.9514925373134329,-1.0,0.5341960499276851,-0.4051440415117744,1.0,0.0,0.0,1.0,0.0,0.0,0.0,1.0,0.0,0.0,1.0,0.0,0.0,0
0.6492537313432836,0.0,-0.6217278394225659,0.8709265963934139,1.0,0.0,0.0,0.0,1.0,0.0,0.0,0.0,0.0,1.0,0.0,0.0,1.0,1
0.4552238805970149,0.0,2.5004393354750847,-0.5818261697099626,1.0,0.0,0.0,0.0,1.0,1.0,0.0,0.0,0.0,0.0,1.0,0.0,0.0,0
-0.6455223880597015,-1.0,1.9802675519759902,0.5499189046165043,3.0,0.0,0.0,1.0,0.0,1.0,0.0,0.0,0.0,0.0,1.0,0.0,0.0,1
-1.1194029850746268,-0.5,1.9160972185588245,-0.2538295763107939,0.0,0.0,0.0,0.0,1.0,0.0,0.0,1.0,0.0,0.0,0.0,0.0,1.0,0
0.041044776119402986,-0.5,1.8088985948198635,0.3921586577405986,-1.0,0.0,0.0,1.0,0.0,0.0,0.0,1.0,0.0,0.0,1.0,0.0,0.0,0
0.08582089552238806,0.0,-0.471227714209853,0.17724181284743468,0.0,0.0,1.0,0.0,0.0,0.0,0.0,1.0,0.0,0.0,0.0,1.0,0.0,0
0.1417910447761194,-0.5,-0.6034859255067273,-0.43658155555256417,0.0,0.0,0.0,1.0,0.0,1.0,0.0,0.0,0.0,0.0,1.0,0.0,0.0,0
0.13059701492537312,0.5,-0.34921710451561655,-1.0693196078992746,-1.0,1.0,0.0,1.0,0.0,0.0,1.0,0.0,0.0,0.0,0.0,1.0,0.0,0
1.4514925373134329,-1.0,-0.29071073385071206,0.9887988315790703,0.0,0.0,0.0,1.0,0.0,0.0,0.0,1.0,0.0,0.0,0.0,0.0,1.0,0
0.2798507462686567,2.5,-0.454573727215017,0.45724054081934845,0.0,0.0,0.0,0.0,1.0,1.0,0.0,0.0,0.0,0.0,0.0,0.0,1.0,1
-0.6082089552238806,-0.5,2.2686624407196283,-0.22206793037136377,2.0,0.0,0.0,1.0,0.0,1.0,0.0,0.0,0.0,0.0,1.0,0.0,0.0,1
-0.30970149253731344,0.5,-0.49507916958084036,0.5152635329415365,1.0,0.0,0.0,1.0,0.0,1.0,0.0,0.0,0.0,0.0,1.0,0.0,0.0,0
-1.1194029850746268,0.5,-0.45530729278028803,0.48093638008007655,1.0,0.0,0.0,1.0,0.0,1.0,0.0,0.0,0.0,0.0,0.0,0.0,1.0,1
0.8880597014925373,-1.0,-0.1955980871889769,1.0113787668181906,1.0,0.0,0.0,0.0,1.0,0.0,1.0,0.0,0.0,0.0,1.0,0.0,0.0,0
-0.31343283582089554,-0.5,-0.06895049443543634,0.8746892206805981,-1.0,0.0,0.0,1.0,0.0,0.0,0.0,0.0,1.0,0.0,0.0,0.0,1.0,0
-0.4626865671641791,-1.0,0.030520755830488504,0.1402773442852705,1.0,0.0,0.0,0.0,1.0,1.0,0.0,0.0,0.0,0.0,0.0,1.0,0.0,0
0.8955223880597015,0.0,-0.48691287277699946,0.16573913936146373,1.0,0.0,0.0,1.0,0.0,1.0,0.0,0.0,0.0,0.0,1.0,0.0,0.0,0
0.40671641791044777,1.0,-0.38748402003172777,0.31632846832948974,0.0,0.0,0.0,1.0,0.0,1.0,0.0,0.0,0.0,0.0,1.0,0.0,0.0,0
-0.7313432835820896,-1.0,-0.4143844115661487,0.25516718620559187,1.0,0.0,0.0,1.0,0.0,1.0,0.0,0.0,0.0,0.0,1.0,0.0,0.0,0
-0.022388059701492536,2.5,2.954439648602403,0.14232644223191093,0.0,0.0,0.0,0.0,1.0,1.0,0.0,0.0,0.0,0.0,0.0,1.0,0.0,1
-0.16417910447761194,0.5,-0.12394443043326568,-0.8628900568841472,1.0,0.0,0.0,1.0,0.0,1.0,0.0,0.0,0.0,0.0,0.0,1.0,0.0,1
-1.1940298507462686,-1.5,-0.567011185832135,-0.5412543410237203,1.0,0.0,0.0,1.0,0.0,1.0,0.0,0.0,0.0,0.0,1.0,0.0,0.0,0
-0.3805970149253731,0.0,-0.3447524257903079,-0.39569276336056936,2.0,0.0,0.0,0.0,1.0,0.0,0.0,0.0,1.0,0.0,1.0,0.0,0.0,1
0.018656716417910446,1.0,0.35338966502178243,0.8679240692033491,0.0,0.0,0.0,1.0,0.0,1.0,0.0,0.0,0.0,0.0,0.0,0.0,1.0,0
0.048507462686567165,0.5,1.3959437451119614,-0.217862337158482,-1.0,1.0,0.0,1.0,0.0,1.0,0.0,0.0,0.0,0.0,0.0,1.0,0.0,0
0.4291044776119403,0.0,-0.5835896481556824,-1.0693196078992746,2.0,0.0,0.0,0.0,1.0,1.0,0.0,0.0,0.0,0.0,1.0,0.0,0.0,1
0.8432835820895522,1.5,-0.6089166398855627,-0.2103976545237521,-1.0,0.0,0.0,1.0,0.0,1.0,0.0,0.0,0.0,0.0,0.0,1.0,0.0,1
-0.7201492537313433,-1.5,0.5275687176135575,1.3393714093875477,2.0,0.0,0.0,1.0,0.0,1.0,0.0,0.0,0.0,0.0,0.0,1.0,0.0,1
-1.0522388059701493,-0.5,-0.44384794597292615,1.0948504030880306,2.0,0.0,0.0,0.0,1.0,0.0,0.0,0.0,0.0,1.0,1.0,0.0,0.0,1
1.0149253731343284,0.0,0.22882904170262064,-0.4812084879421134,-1.0,0.0,0.0,0.0,1.0,0.0,0.0,1.0,0.0,0.0,1.0,0.0,0.0,0
-0.6194029850746269,2.0,0.2413147930279692,-0.3038087268743624,1.0,0.0,0.0,0.0,1.0,1.0,0.0,0.0,0.0,0.0,1.0,0.0,0.0,1
0.7761194029850746,-0.5,-0.35248010729939433,-0.28891549295731983,0.0,0.0,0.0,1.0,0.0,0.0,0.0,1.0,0.0,0.0,0.0,1.0,0.0,0
0.9104477611940298,-0.5,1.900888716320065,-0.3121575733108347,0.0,1.0,0.0,1.0,0.0,1.0,0.0,0.0,0.0,0.0,0.0,1.0,0.0,0
0.6529850746268657,0.5,-0.1248586940467161,-0.2604036230893046,2.0,0.0,0.0,0.0,1.0,1.0,0.0,0.0,0.0,0.0,1.0,0.0,0.0,1
-0.5223880597014925,0.5,1.4356989527488735,1.3129870529096088,0.0,0.0,0.0,1.0,0.0,0.0,0.0,1.0,0.0,0.0,0.0,0.0,1.0,1
0.7798507462686567,-1.0,1.9855981445802098,-0.11823306379814852,2.0,0.0,0.0,0.0,1.0,0.0,1.0,0.0,0.0,0.0,1.0,0.0,0.0,1
-1.1567164179104477,-1.0,0.15488406055038048,-0.17801362419699962,0.0,0.0,1.0,0.0,0.0,0.0,0.0,1.0,0.0,0.0,1.0,0.0,0.0,0
-0.19776119402985073,-1.0,0.07389056277837856,1.385435087834178,1.0,0.0,0.0,1.0,0.0,0.0,0.0,1.0,0.0,0.0,0.0,0.0,1.0,1
-0.2462686567164179,-1.0,0.2601988978632047,-0.1934375437335911,1.0,0.0,0.0,1.0,0.0,1.0,0.0,0.0,0.0,0.0,1.0,0.0,0.0,0
0.4141791044776119,0.5,-0.4338178419994126,0.21667080108477596,2.0,0.0,0.0,0.0,1.0,1.0,0.0,0.0,0.0,0.0,1.0,0.0,0.0,1
0.11194029850746269,-1.5,0.8147814209529041,0.020632150903085705,0.0,0.0,0.0,0.0,1.0,1.0,0.0,0.0,0.0,0.0,1.0,0.0,0.0,0
0.34701492537313433,2.5,0.7036404081698668,-0.23200513682201823,0.0,0.0,0.0,1.0,0.0,0.0,1.0,0.0,0.0,0.0,1.0,0.0,0.0,1
-1.4067164179104477,-0.5,0.5460549713728279,-0.8303167816023826,0.0,0.0,0.0,1.0,0.0,0.0,0.0,1.0,0.0,0.0,0.0,1.0,0.0,0
0.47388059701492535,-1.0,-0.08918812483030004,1.0658760384567365,2.0,1.0,0.0,1.0,0.0,1.0,0.0,0.0,0.0,0.0,0.0,0.0,1.0,1
1.4328358208955223,-1.0,-0.21350114833060369,-0.9012982086173804,2.0,0.0,0.0,1.0,0.0,1.0,0.0,0.0,0.0,0.0,0.0,0.0,1.0,1
0.917910447761194,1.0,0.4403381451592683,1.2127141012577989,2.0,0.0,0.0,0.0,1.0,0.0,1.0,0.0,0.0,0.0,0.0,0.0,1.0,1
-0.11567164179104478,1.0,-0.3520193600846757,-0.08130307925821446,0.0,0.0,0.0,0.0,1.0,0.0,0.0,1.0,0.0,0.0,0.0,1.0,0.0,1
-0.34701492537313433,-1.5,0.05792741955528014,0.3148643493862085,-1.0,0.0,0.0,0.0,1.0,0.0,1.0,0.0,0.0,0.0,0.0,0.0,1.0,0
0.03731343283582089,1.0,-0.43529881082261035,-0.3339143654294894,0.0,0.0,0.0,0.0,1.0,0.0,0.0,1.0,0.0,0.0,1.0,0.0,0.0,0
0.7686567164179104,-1.0,0.36930857888850016,-0.47096454260431253,-1.0,0.0,0.0,1.0,0.0,1.0,0.0,0.0,0.0,0.0,1.0,0.0,0.0,1
0.4141791044776119,0.5,-0.22204302088867472,0.6646830093998289,1.0,0.0,0.0,1.0,0.0,1.0,0.0,0.0,0.0,0.0,0.0,1.0,0.0,0
-0.8470149253731343,-0.5,-0.4226144519396499,0.24864113381009423,0.0,0.0,0.0,1.0,0.0,0.0,0.0,1.0,0.0,0.0,0.0,0.0,1.0,0
-0.1044776119402985,1.5,-0.27413774964843196,-0.1779045845340643,0.0,0.0,0.0,1.0,0.0,1.0,0.0,0.0,0.0,0.0,1.0,0.0,0.0,1
0.6492537313432836,-0.5,3.187271624244213,-0.768623137311851,2.0,1.0,0.0,1.0,0.0,0.0,1.0,0.0,0.0,0.0,1.0,0.0,0.0,1
0.3694029850746269,-0.5,0.3702072694913172,0.990349116426799,0.0,0.0,0.0,1.0,0.0,1.0,0.0,0.0,0.0,0.0,0.0,0.0,1.0,0
-0.47388059701492535,0.5,0.05687699134150522,-0.3969022722385777,0.0,0.0,0.0,1.0,0.0,1.0,0.0,0.0,0.0,0.0,0.0,0.0,1.0,1
-0.6417910447761194,0.5,-0.3752745781436264,0.006391697358422983,1.0,0.0,0.0,1.0,0.0,0.0,0.0,1.0,0.0,0.0,0.0,0.0,1.0,0
0.11940298507462686,0.5,0.26549943267358317,0.26710402625410723,-1.0,0.0,0.0,0.0,1.0,0.0,0.0,1.0,0.0,0.0,0.0,1.0,0.0,1
-0.3917910447761194,-0.5,-0.28829324339612644,0.6727426462705238,1.0,0.0,0.0,1.0,0.0,0.0,0.0,1.0,0.0,0.0,0.0,1.0,0.0,0
0.5261194029850746,0.5,0.07663753365179159,-1.0693196078992746,0.0,0.0,0.0,0.0,1.0,0.0,0.0,1.0,0.0,0.0,1.0,0.0,0.0,0
-0.43656716417910446,-1.5,2.5699661438446,-0.5375035368138334,1.0,0.0,0.0,1.0,0.0,1.0,0.0,0.0,0.0,0.0,0.0,1.0,0.0,0
-0.6082089552238806,-0.5,0.22868767843719476,-0.7244835214984467,2.0,0.0,0.0,1.0,0.0,1.0,0.0,0.0,0.0,0.0,0.0,1.0,0.0,1
1.7682089552238844,0.0,-0.04583402696156702,0.7030847144819933,1.0,0.0,0.0,1.0,0.0,0.0,1.0,0.0,0.0,0.0,1.0,0.0,0.0,0
-1.0223880597014925,1.5,0.1277553921144791,-0.5827196085211934,2.0,0.0,0.0,1.0,0.0,1.0,0.0,0.0,0.0,0.0,0.0,1.0,0.0,1
-1.294776119402985,0.5,-0.5631808025873208,-0.008342409879756282,1.0,0.0,0.0,1.0,0.0,0.0,0.0,1.0,0.0,0.0,1.0,0.0,0.0,0
0.8432835820895522,-0.5,0.5346776727782124,-0.1507856952267753,1.0,0.0,0.0,1.0,0.0,1.0,0.0,0.0,0.0,0.0,1.0,0.0,0.0,0
-0.0708955223880597,-0.5,-0.23998669530913389,-0.7726508241992439,2.0,0.0,0.0,1.0,0.0,0.0,0.0,1.0,0.0,0.0,0.0,1.0,0.0,1
-0.1417910447761194,0.5,-0.21739785742124595,0.7149028257708717,2.0,0.0,0.0,1.0,0.0,0.0,0.0,1.0,0.0,0.0,0.0,0.0,1.0,1
-0.2462686567164179,-1.0,-0.08037391880633885,-0.37739809011117087,1.0,0.0,0.0,1.0,0.0,1.0,0.0,0.0,0.0,0.0,1.0,0.0,0.0,0
0.458955223880597,0.0,-0.578908741416289,1.3726114779680412,0.0,0.0,0.0,1.0,0.0,1.0,0.0,0.0,0.0,0.0,1.0,0.0,0.0,1
-0.26492537313432835,-0.5,-0.5633816806098917,-0.5153418637763458,0.0,0.0,0.0,1.0,0.0,1.0,0.0,0.0,0.0,0.0,0.0,0.0,1.0,1
-0.291044776119403,-1.5,1.0227766511401941,0.38271164268242386,1.0,0.0,0.0,1.0,0.0,0.0,0.0,1.0,0.0,0.0,1.0,0.0,0.0,0
-1.2649253731343284,-1.0,-0.36490081861387647,0.6352372967535579,2.0,0.0,0.0,1.0,0.0,1.0,0.0,0.0,0.0,0.0,1.0,0.0,0.0,1
0.8283582089552238,0.0,3.488464304680498,0.31713420879406945,-1.0,0.0,0.0,1.0,0.0,0.0,0.0,1.0,0.0,0.0,0.0,1.0,0.0,0
1.044776119402985,0.5,1.0182455367363865,0.58037166210166,0.0,0.0,0.0,1.0,0.0,1.0,0.0,0.0,0.0,0.0,1.0,0.0,0.0,0
-0.6940298507462687,-1.0,-0.4838005146089131,0.2934353361171596,1.0,0.0,0.0,1.0,0.0,1.0,0.0,0.0,0.0,0.0,0.0,1.0,0.0,0
-1.041044776119403,-0.5,0.419117988545211,0.19020471405039965,1.0,0.0,0.0,1.0,0.0,1.0,0.0,0.0,0.0,0.0,1.0,0.0,0.0,0
-0.19402985074626866,1.0,1.3187235902536512,0.13652299666659287,2.0,0.0,0.0,0.0,1.0,0.0,1.0,0.0,0.0,0.0,1.0,0.0,0.0,1
-0.5074626865671642,-1.0,-0.13006259543461265,1.6301057651140767,3.0,0.0,0.0,1.0,0.0,0.0,1.0,0.0,0.0,0.0,0.0,0.0,1.0,1
1.0,0.0,-0.13230519383388545,0.16242849466909723,1.0,0.0,0.0,1.0,0.0,1.0,0.0,0.0,0.0,0.0,1.0,0.0,0.0,0
-0.33955223880597013,1.0,0.2275482168214545,-0.018479874800637962,1.0,0.0,0.0,0.0,1.0,1.0,0.0,0.0,0.0,0.0,0.0,0.0,1.0,1
0.9813432835820896,0.5,-0.11829663874365735,0.28462278221030823,0.0,0.0,0.0,0.0,1.0,1.0,0.0,0.0,0.0,0.0,0.0,1.0,0.0,0
1.458955223880597,1.0,-0.31634369219412906,-0.39268692652499537,1.0,0.0,0.0,0.0,1.0,1.0,0.0,0.0,0.0,0.0,1.0,0.0,0.0,0
-1.242537313432836,0.0,-0.48470991207096975,0.13894226619032057,-1.0,0.0,0.0,0.0,1.0,1.0,0.0,0.0,0.0,0.0,0.0,0.0,1.0,1
0.2537313432835821,-0.5,-0.45785552889617204,-0.18798583819478584,1.0,0.0,0.0,1.0,0.0,0.0,1.0,0.0,0.0,0.0,1.0,0.0,0.0,0
-0.13432835820895522,-0.5,0.9461659074796452,-0.4449380104204887,2.0,0.0,0.0,0.0,1.0,1.0,0.0,0.0,0.0,0.0,1.0,0.0,0.0,1
0.746268656716418,1.0,0.5541812746246958,-0.13620976916615923,1.0,0.0,0.0,0.0,1.0,1.0,0.0,0.0,0.0,0.0,0.0,1.0,0.0,0
0.3843283582089552,1.5,-0.4800481071887008,-0.5266854877106882,1.0,0.0,0.0,0.0,1.0,1.0,0.0,0.0,0.0,0.0,0.0,1.0,0.0,1
1.5970149253731343,1.0,-0.41682899775259025,-0.1882964635888326,0.0,0.0,0.0,1.0,0.0,1.0,0.0,0.0,0.0,0.0,1.0,0.0,0.0,0
1.7682089552238844,1.5,1.5416873518580234,1.6077179275051587,0.0,0.0,0.0,0.0,1.0,0.0,0.0,1.0,0.0,0.0,1.0,0.0,0.0,1
-1.6194029850746268,-1.5,-0.22741610266823353,1.25597163407212,0.0,0.0,0.0,1.0,0.0,1.0,0.0,0.0,0.0,0.0,0.0,0.0,1.0,1
0.7238805970149254,0.5,0.03753345548981081,-1.0693196078992746,-1.0,1.0,0.0,0.0,1.0,1.0,0.0,0.0,0.0,0.0,1.0,0.0,0.0,0
0.23134328358208955,1.0,0.25404852339840645,-0.05083342390431543,-1.0,0.0,0.0,1.0,0.0,0.0,1.0,0.0,0.0,0.0,0.0,0.0,1.0,0
1.0485074626865671,0.5,2.1879534671815555,-0.22665545288587885,0.0,0.0,0.0,0.0,1.0,0.0,1.0,0.0,0.0,0.0,1.0,0.0,0.0,0
0.2537313432835821,-1.0,3.2630922599097896,1.113622257519616,1.0,0.0,0.0,0.0,1.0,1.0,0.0,0.0,0.0,0.0,1.0,0.0,0.0,1
0.2574626865671642,0.5,-0.38544588846010414,-0.08472070950920361,1.0,0.0,0.0,1.0,0.0,0.0,0.0,1.0,0.0,0.0,1.0,0.0,0.0,0
0.11567164179104478,-0.5,0.07801947723384878,-0.4892202754201016,0.0,0.0,0.0,0.0,1.0,1.0,0.0,0.0,0.0,0.0,0.0,1.0,0.0,0
0.35447761194029853,1.5,-0.07809974815872041,-0.2912090703347418,2.0,1.0,0.0,0.0,1.0,0.0,0.0,1.0,0.0,0.0,1.0,0.0,0.0,1
-0.5597014925373134,-1.5,-0.46504331012861244,0.08320007300233151,-1.0,1.0,0.0,1.0,0.0,0.0,1.0,0.0,0.0,0.0,1.0,0.0,0.0,0
1.7682089552238844,-0.5,-0.1343092481206352,-0.40903660429334965,1.0,1.0,0.0,1.0,0.0,1.0,0.0,0.0,0.0,0.0,1.0,0.0,0.0,0
0.09701492537313433,0.0,-0.6072513936716648,-0.9710716526028772,0.0,1.0,0.0,0.0,1.0,0.0,1.0,0.0,0.0,0.0,1.0,0.0,0.0,0
-0.4141791044776119,-0.5,0.9098821186932423,0.7265160990129543,2.0,0.0,1.0,0.0,0.0,1.0,0.0,0.0,0.0,0.0,0.0,0.0,1.0,1
0.2798507462686567,-1.0,-0.37787827807376695,-0.3426770374409399,1.0,0.0,1.0,0.0,0.0,1.0,0.0,0.0,0.0,0.0,0.0,1.0,0.0,0
0.5783582089552238,-0.5,1.4211997349603955,0.04410939512612093,0.0,1.0,1.0,0.0,0.0,0.0,0.0,1.0,0.0,0.0,1.0,0.0,0.0,0
0.44776119402985076,-0.5,1.4363225761018739,0.141659004925576,1.0,0.0,0.0,1.0,0.0,0.0,1.0,0.0,0.0,0.0,0.0,0.0,1.0,1
1.4514925373134329,-1.0,0.4833755886452334,-1.0163600956930599,0.0,1.0,0.0,0.0,1.0,0.0,1.0,0.0,0.0,0.0,1.0,0.0,0.0,0
0.5074626865671642,0.5,-0.013460568811274365,-0.8598509347422454,1.0,0.0,0.0,1.0,0.0,0.0,0.0,0.0,1.0,0.0,0.0,1.0,0.0,1
-1.085820895522388,-1.5,1.2505860269505102,0.97767497547126,0.0,0.0,0.0,1.0,0.0,1.0,0.0,0.0,0.0,0.0,0.0,1.0,0.0,0
-0.15671641791044777,-1.0,-0.4896879768993108,0.9320748418762457,0.0,0.0,0.0,1.0,0.0,1.0,0.0,0.0,0.0,0.0,1.0,0.0,0.0,0
-0.7611940298507462,0.5,-0.27718671340466655,1.2919665045614148,2.0,0.0,0.0,1.0,0.0,0.0,1.0,0.0,0.0,0.0,1.0,0.0,0.0,1
-0.6455223880597015,-0.5,3.488464304680498,0.019021805102989387,0.0,1.0,0.0,1.0,0.0,1.0,0.0,0.0,0.0,0.0,1.0,0.0,0.0,1
0.3358208955223881,-0.5,0.5642886973605599,0.1012207313382846,0.0,0.0,1.0,0.0,0.0,0.0,1.0,0.0,0.0,0.0,0.0,0.0,1.0,0
0.48134328358208955,1.5,-0.3609517601207964,-0.39164603578305485,1.0,0.0,0.0,1.0,0.0,0.0,0.0,1.0,0.0,0.0,0.0,0.0,1.0,1
1.294776119402985,-0.5,-0.3967049010605893,-0.4388879549564398,0.0,0.0,0.0,1.0,0.0,1.0,0.0,0.0,0.0,0.0,0.0,0.0,1.0,0
-0.7574626865671642,1.0,0.23282978268314525,0.43409481509299447,1.0,0.0,0.0,1.0,0.0,0.0,0.0,0.0,0.0,1.0,1.0,0.0,0.0,1
0.07835820895522388,-1.0,0.3892748390426715,0.7725110147860061,0.0,0.0,0.0,1.0,0.0,0.0,1.0,0.0,0.0,0.0,1.0,0.0,0.0,0
0.5149253731343284,-1.0,-0.028567802713421814,0.1341001312273666,-1.0,1.0,0.0,1.0,0.0,0.0,0.0,0.0,1.0,0.0,0.0,1.0,0.0,0
0.22388059701492538,2.0,-0.09842060356756321,-0.2926648706296791,-1.0,0.0,0.0,0.0,1.0,1.0,0.0,0.0,0.0,0.0,0.0,0.0,1.0,1
0.5373134328358209,-0.5,-0.6124158970740397,0.5155008448805073,2.0,0.0,0.0,1.0,0.0,1.0,0.0,0.0,0.0,0.0,0.0,1.0,0.0,1
0.5149253731343284,0.5,-0.019879914952429998,-0.651811375988132,1.0,0.0,1.0,0.0,0.0,0.0,0.0,0.0,0.0,1.0,1.0,0.0,0.0,1
-0.06716417910447761,1.5,1.2111890192708243,-0.1976512427526361,0.0,0.0,1.0,0.0,0.0,0.0,0.0,0.0,0.0,1.0,0.0,0.0,1.0,1
-0.376865671641791,-1.0,1.2728627128104215,-0.14130708583298607,2.0,0.0,0.0,1.0,0.0,0.0,0.0,1.0,0.0,0.0,0.0,1.0,0.0,1
0.35447761194029853,0.0,-0.22427459179961234,0.18867252763382525,0.0,0.0,0.0,1.0,0.0,1.0,0.0,0.0,0.0,0.0,0.0,1.0,0.0,0
0.15671641791044777,-1.0,0.10465875195644492,-0.39746274875108273,2.0,0.0,1.0,0.0,0.0,0.0,1.0,0.0,0.0,0.0,0.0,1.0,0.0,1
0.12313432835820895,-0.5,-0.08729280198631735,-0.37813492496135,1.0,0.0,1.0,0.0,0.0,0.0,0.0,0.0,0.0,1.0,0.0,0.0,1.0,0
0.8059701492537313,1.0,2.3370668058135897,-0.708037105549887,0.0,0.0,0.0,1.0,0.0,1.0,0.0,0.0,0.0,0.0,0.0,0.0,1.0,0
0.30223880597014924,-0.5,-0.4248730796459027,0.04212106294710699,0.0,0.0,0.0,1.0,0.0,1.0,0.0,0.0,0.0,0.0,1.0,0.0,0.0,0
0.2947761194029851,1.5,-0.41628441867815014,-0.5395641431977438,1.0,0.0,1.0,0.0,0.0,1.0,0.0,0.0,0.0,0.0,0.0,0.0,1.0,1
0.007462686567164179,-1.5,-0.399568716194049,1.3477161623396725,0.0,0.0,0.0,1.0,0.0,0.0,0.0,0.0,1.0,0.0,0.0,1.0,0.0,1
0.7052238805970149,-1.0,-0.20675510041776018,-0.36176615701806913,1.0,0.0,0.0,1.0,0.0,1.0,0.0,0.0,0.0,0.0,0.0,0.0,1.0,0
-0.6417910447761194,1.5,-0.15763166097500292,-0.32318964863840394,-1.0,0.0,0.0,1.0,0.0,1.0,0.0,0.0,0.0,0.0,0.0,1.0,0.0,1
-0.3208955223880597,-1.0,0.800758236230898,-0.590659885275951,1.0,1.0,0.0,0.0,1.0,0.0,0.0,0.0,1.0,0.0,0.0,0.0,1.0,0
-0.22014925373134328,0.5,0.4023700337812836,-0.6035675250938972,-1.0,0.0,0.0,0.0,1.0,0.0,1.0,0.0,0.0,0.0,1.0,0.0,0.0,0
0.5149253731343284,0.0,0.8029251401572357,-0.6121408647419554,0.0,1.0,0.0,1.0,0.0,0.0,1.0,0.0,0.0,0.0,1.0,0.0,0.0,0
0.22761194029850745,0.5,-0.1511704876343011,-0.7981834934071779,-1.0,0.0,0.0,1.0,0.0,1.0,0.0,0.0,0.0,0.0,0.0,1.0,0.0,0
-0.6492537313432836,-0.5,2.4590371222779126,0.838657889924995,2.0,0.0,0.0,1.0,0.0,1.0,0.0,0.0,0.0,0.0,1.0,0.0,0.0,1
-0.23134328358208955,-0.5,-0.23058793439413663,-0.8600116654356755,0.0,0.0,0.0,0.0,1.0,1.0,0.0,0.0,0.0,0.0,0.0,0.0,1.0,0
-0.3880597014925373,0.5,1.227916718123265,0.08504427513145381,1.0,0.0,0.0,1.0,0.0,1.0,0.0,0.0,0.0,0.0,1.0,0.0,0.0,0
-0.20149253731343283,0.5,-0.503583959745567,0.4426472645975972,1.0,0.0,0.0,1.0,0.0,0.0,0.0,1.0,0.0,0.0,1.0,0.0,0.0,0
0.7873134328358209,0.0,0.6084517033979917,-0.3587105712657148,1.0,0.0,0.0,1.0,0.0,0.0,0.0,0.0,1.0,0.0,0.0,1.0,0.0,0
-0.27238805970149255,1.5,-0.31309100034597703,0.42937575915588994,-1.0,0.0,0.0,1.0,0.0,1.0,0.0,0.0,0.0,0.0,0.0,1.0,0.0,1
-0.16791044776119404,0.0,3.1338346079269352,-0.34015437322007724,0.0,0.0,0.0,0.0,1.0,0.0,0.0,1.0,0.0,0.0,1.0,0.0,0.0,1
0.5634328358208955,1.0,-0.5642699914073269,-0.5860702953470442,-1.0,0.0,0.0,1.0,0.0,1.0,0.0,0.0,0.0,0.0,1.0,0.0,0.0,0
-0.13432835820895522,0.0,1.0763517339772353,-0.004019623760760906,0.0,0.0,0.0,1.0,0.0,0.0,0.0,0.0,0.0,1.0,1.0,0.0,0.0,1
-0.4925373134328358,-1.0,1.741806631284621,-0.4851404843931064,2.0,0.0,0.0,0.0,1.0,1.0,0.0,0.0,0.0,0.0,0.0,0.0,1.0,1
-0.022388059701492536,-1.5,2.2946834972260586,1.2600075843954333,0.0,1.0,0.0,1.0,0.0,1.0,0.0,0.0,0.0,0.0,0.0,0.0,1.0,1
0.27238805970149255,1.0,1.096186397269081,0.09152990622265211,0.0,0.0,0.0,1.0,0.0,1.0,0.0,0.0,0.0,0.0,1.0,0.0,0.0,0
-0.13805970149253732,2.5,0.027255163045819476,-0.6469743952687087,-1.0,0.0,0.0,0.0,1.0,1.0,0.0,0.0,0.0,0.0,1.0,0.0,0.0,1
0.4141791044776119,-0.5,-0.2939423361889653,0.13683824073469975,1.0,0.0,0.0,1.0,0.0,0.0,0.0,1.0,0.0,0.0,1.0,0.0,0.0,0
-0.06716417910447761,0.5,-0.2618347816258285,1.148417347284269,1.0,0.0,0.0,1.0,0.0,1.0,0.0,0.0,0.0,0.0,0.0,1.0,0.0,1
-1.4701492537313432,-0.5,0.3027210385880233,0.08115177965235516,0.0,0.0,0.0,0.0,1.0,1.0,0.0,0.0,0.0,0.0,1.0,0.0,0.0,0
-0.13805970149253732,-0.5,-0.17468293759396386,-0.8657137066700216,-1.0,0.0,0.0,0.0,1.0,1.0,0.0,0.0,0.0,0.0,1.0,0.0,0.0,0
0.7014925373134329,-0.5,-0.5228438906032672,-0.7729241741697574,1.0,0.0,0.0,1.0,0.0,1.0,0.0,0.0,0.0,0.0,0.0,0.0,1.0,0
0.055970149253731345,0.0,0.4651069741128941,-0.394301296239871,0.0,0.0,0.0,0.0,1.0,1.0,0.0,0.0,0.0,0.0,1.0,0.0,0.0,1
0.2126865671641791,-0.5,1.3880920003797173,-0.3069830196518385,0.0,1.0,0.0,1.0,0.0,1.0,0.0,0.0,0.0,0.0,1.0,0.0,0.0,0
1.0485074626865671,0.0,-0.5309992165876554,-0.7193502710384387,1.0,0.0,0.0,1.0,0.0,1.0,0.0,0.0,0.0,0.0,0.0,1.0,0.0,0
0.5223880597014925,0.0,0.04868157109896634,-0.4239705298129644,0.0,0.0,0.0,1.0,0.0,0.0,0.0,1.0,0.0,0.0,0.0,0.0,1.0,0
-0.22388059701492538,1.5,-0.05836741842809334,0.28431183984793923,0.0,0.0,0.0,1.0,0.0,0.0,1.0,0.0,0.0,0.0,0.0,0.0,1.0,1
-0.4291044776119403,0.0,-0.5530836669859549,0.998951837546814,-1.0,0.0,0.0,0.0,1.0,0.0,0.0,1.0,0.0,0.0,0.0,1.0,0.0,0
1.2238805970149254,1.0,-0.2654545163688851,0.317009099184079,1.0,1.0,0.0,1.0,0.0,0.0,0.0,1.0,0.0,0.0,1.0,0.0,0.0,0
0.30223880597014924,-0.5,-0.075783885494251,0.7749247902930972,-1.0,1.0,0.0,1.0,0.0,0.0,1.0,0.0,0.0,0.0,0.0,1.0,0.0,0
0.7164179104477612,0.5,-0.45822721197022015,-0.621412796903971,1.0,0.0,0.0,1.0,0.0,0.0,0.0,1.0,0.0,0.0,0.0,0.0,1.0,0
0.29850746268656714,-0.5,-0.38231078486435766,-0.7038217580298459,0.0,0.0,0.0,1.0,0.0,0.0,1.0,0.0,0.0,0.0,1.0,0.0,0.0,0
-0.06343283582089553,0.5,-0.27176191946027567,0.052668103878748006,0.0,0.0,0.0,1.0,0.0,0.0,0.0,0.0,0.0,1.0,1.0,0.0,0.0,1
0.1455223880597015,0.0,0.03856186203048157,0.09604047397978953,0.0,0.0,0.0,1.0,0.0,0.0,0.0,0.0,1.0,0.0,1.0,0.0,0.0,0
-0.35074626865671643,-1.0,-0.3935115737463638,0.8524073398115249,-1.0,0.0,0.0,0.0,1.0,0.0,0.0,0.0,0.0,1.0,0.0,0.0,1.0,0
-0.1828358208955224,-0.5,-0.352652892036819,1.0193490984588878,2.0,0.0,0.0,1.0,0.0,0.0,1.0,0.0,0.0,0.0,0.0,1.0,0.0,1
-0.026119402985074626,-0.5,0.5865291128437075,0.8394716501162748,0.0,0.0,0.0,1.0,0.0,0.0,0.0,1.0,0.0,0.0,1.0,0.0,0.0,0
-0.23880597014925373,-0.5,-0.32999587124323265,0.7502190644791663,0.0,0.0,0.0,0.0,1.0,0.0,0.0,1.0,0.0,0.0,0.0,1.0,0.0,0
-1.1567164179104477,2.0,0.6040514674243251,-0.3437886197649474,1.0,0.0,0.0,0.0,1.0,1.0,0.0,0.0,0.0,0.0,0.0,1.0,0.0,1
-1.3097014925373134,-1.5,1.1264510511170729,0.4774123499552234,0.0,0.0,0.0,1.0,0.0,0.0,1.0,0.0,0.0,0.0,0.0,1.0,0.0,0
0.23880597014925373,-1.5,-0.39485457111423333,-0.20577640978075934,0.0,0.0,0.0,1.0,0.0,1.0,0.0,0.0,0.0,0.0,0.0,0.0,1.0,1
-0.11194029850746269,-1.0,0.34577861945995403,0.13788056292760564,1.0,0.0,0.0,1.0,0.0,0.0,0.0,1.0,0.0,0.0,0.0,0.0,1.0,0
0.458955223880597,-1.0,0.6243557609464191,-0.4393755963538188,-1.0,0.0,1.0,0.0,0.0,0.0,0.0,0.0,0.0,1.0,0.0,0.0,1.0,0
0.8171641791044776,-0.5,-0.5374341753998081,0.062442523696672234,1.0,0.0,0.0,1.0,0.0,1.0,0.0,0.0,0.0,0.0,0.0,1.0,0.0,0
0.47761194029850745,1.0,-0.4595871313975773,0.6544823679067089,0.0,0.0,0.0,1.0,0.0,1.0,0.0,0.0,0.0,0.0,0.0,1.0,0.0,1
1.2686567164179106,-1.5,0.10591930578754977,-0.15822994388096787,2.0,0.0,1.0,0.0,0.0,1.0,0.0,0.0,0.0,0.0,1.0,0.0,0.0,1
0.5111940298507462,1.5,-0.2788001124483234,0.3871520676199278,-1.0,0.0,0.0,1.0,0.0,0.0,1.0,0.0,0.0,0.0,0.0,0.0,1.0,1
0.07835820895522388,0.0,0.8968834774508991,-0.056070759481291345,0.0,0.0,0.0,1.0,0.0,1.0,0.0,0.0,0.0,0.0,0.0,0.0,1.0,0
0.9029850746268657,1.0,0.672862999728584,-0.9496051529631407,1.0,0.0,0.0,1.0,0.0,0.0,0.0,1.0,0.0,0.0,1.0,0.0,0.0,0
1.0261194029850746,-0.5,-0.32060966569220833,-0.16843471772294305,-1.0,0.0,0.0,1.0,0.0,1.0,0.0,0.0,0.0,0.0,0.0,0.0,1.0,0
-0.09701492537313433,0.0,-0.40185044650810303,-0.6274697442385642,2.0,0.0,0.0,1.0,0.0,1.0,0.0,0.0,0.0,0.0,1.0,0.0,0.0,1
-0.10074626865671642,0.0,0.7227076334416751,-0.1594382581132633,0.0,1.0,0.0,1.0,0.0,0.0,1.0,0.0,0.0,0.0,0.0,1.0,0.0,0
-0.8208955223880597,-1.0,0.13622927413527378,0.22767459805119913,-1.0,0.0,0.0,1.0,0.0,0.0,0.0,1.0,0.0,0.0,0.0,0.0,1.0,0
-0.47761194029850745,-1.0,-0.49338820418118,0.9875906257473722,1.0,0.0,0.0,1.0,0.0,0.0,0.0,1.0,0.0,0.0,0.0,1.0,0.0,0
0.34328358208955223,-1.0,0.8299813179176688,-0.9215049179086752,-1.0,0.0,0.0,0.0,1.0,1.0,0.0,0.0,0.0,0.0,0.0,1.0,0.0,0
1.0820895522388059,0.5,1.795671916044968,-0.5676760594018279,1.0,0.0,0.0,1.0,0.0,0.0,1.0,0.0,0.0,0.0,0.0,1.0,0.0,0
-0.7611940298507462,0.0,-0.029387223928246695,-0.4926122128188878,1.0,0.0,0.0,0.0,1.0,1.0,0.0,0.0,0.0,0.0,1.0,0.0,0.0,0
-0.5298507462686567,-0.5,0.5357022078422841,-0.14488601261125794,0.0,0.0,0.0,1.0,0.0,1.0,0.0,0.0,0.0,0.0,1.0,0.0,0.0,0
1.7164179104477613,-1.0,0.0991446090217234,-0.8131952991084007,1.0,0.0,0.0,0.0,1.0,0.0,0.0,1.0,0.0,0.0,0.0,1.0,0.0,0
-0.6156716417910447,-0.5,3.0945732715647494,0.5683588924122986,1.0,0.0,0.0,1.0,0.0,0.0,1.0,0.0,0.0,0.0,0.0,1.0,0.0,0
1.2537313432835822,-0.5,-0.5895779576269519,1.0596579779230773,1.0,0.0,0.0,1.0,0.0,1.0,0.0,0.0,0.0,0.0,0.0,1.0,0.0,0
-1.6194029850746268,-1.5,-0.5970928054654732,0.7546258050742257,1.0,1.0,0.0,1.0,0.0,0.0,1.0,0.0,0.0,0.0,0.0,1.0,0.0,0
-0.6268656716417911,0.5,-0.2650127436771918,0.6073753194086334,1.0,0.0,0.0,1.0,0.0,1.0,0.0,0.0,0.0,0.0,0.0,1.0,0.0,0
-0.11567164179104478,0.0,0.07101266656783248,-0.42349489328537104,3.0,0.0,0.0,1.0,0.0,0.0,0.0,0.0,1.0,0.0,0.0,0.0,1.0,1
0.503731343283582,-0.5,0.2964312424645815,0.6027010432104255,1.0,0.0,0.0,0.0,1.0,0.0,1.0,0.0,0.0,0.0,0.0,1.0,0.0,0
-1.5522388059701493,1.0,-0.37098708864809465,-0.05714789611572899,-1.0,0.0,0.0,1.0,0.0,0.0,0.0,0.0,0.0,1.0,0.0,1.0,0.0,1
0.11567164179104478,0.5,-0.4456747721352383,0.014244439633746792,0.0,0.0,0.0,1.0,0.0,1.0,0.0,0.0,0.0,0.0,1.0,0.0,0.0,0
-0.41044776119402987,0.5,-0.47556731530963275,0.9126280014738917,0.0,1.0,0.0,1.0,0.0,0.0,0.0,0.0,0.0,1.0,0.0,0.0,1.0,1
-0.17537313432835822,0.0,-0.5127048020954466,-0.24672716533034045,0.0,0.0,0.0,0.0,1.0,0.0,1.0,0.0,0.0,0.0,1.0,0.0,0.0,0
-0.4664179104477612,-1.0,0.6935223708090351,-0.16903332084346753,3.0,0.0,0.0,0.0,1.0,0.0,0.0,0.0,1.0,0.0,1.0,0.0,0.0,1
0.6902985074626866,-1.0,-0.25399002413677285,0.06822576042375172,0.0,0.0,0.0,1.0,0.0,0.0,1.0,0.0,0.0,0.0,0.0,1.0,0.0,0
-0.39552238805970147,0.5,-0.047978080580560356,-0.6614802208142913,1.0,0.0,0.0,1.0,0.0,1.0,0.0,0.0,0.0,0.0,1.0,0.0,0.0,1
0.45149253731343286,1.5,-0.013847796933482023,0.12347367914127039,0.0,1.0,0.0,1.0,0.0,0.0,0.0,0.0,1.0,0.0,0.0,0.0,1.0,1
-1.041044776119403,1.0,-0.4065061915929013,-0.2968891836518222,1.0,0.0,0.0,0.0,1.0,0.0,0.0,1.0,0.0,0.0,0.0,1.0,0.0,0
-0.03731343283582089,-0.5,0.23224592300974303,1.487173500899813,2.0,0.0,0.0,0.0,1.0,1.0,0.0,0.0,0.0,0.0,0.0,1.0,0.0,1
-0.5410447761194029,0.5,-0.18838627809251676,0.42608944199518173,-1.0,0.0,0.0,0.0,1.0,1.0,0.0,0.0,0.0,0.0,1.0,0.0,0.0,0
0.3843283582089552,0.0,1.14714356637002,0.38677800574799936,1.0,0.0,0.0,0.0,1.0,0.0,0.0,1.0,0.0,0.0,0.0,0.0,1.0,0
0.6082089552238806,0.5,-0.31636076613483777,1.4303222805186315,0.0,0.0,0.0,1.0,0.0,1.0,0.0,0.0,0.0,0.0,0.0,0.0,1.0,1
0.06343283582089553,-1.0,-0.5746889507984498,-0.019510013997533604,0.0,0.0,0.0,1.0,0.0,0.0,0.0,0.0,0.0,1.0,1.0,0.0,0.0,0
0.31716417910447764,-0.5,2.2094002926785796,0.491171176913881,2.0,1.0,0.0,1.0,0.0,1.0,0.0,0.0,0.0,0.0,0.0,1.0,0.0,1
-0.8694029850746269,0.5,-0.1212772985276631,-0.8147435308367914,1.0,0.0,0.0,1.0,0.0,1.0,0.0,0.0,0.0,0.0,0.0,0.0,1.0,0
0.3880597014925373,0.0,-0.4979183098503538,-0.12067199534833162,0.0,1.0,0.0,1.0,0.0,1.0,0.0,0.0,0.0,0.0,1.0,0.0,0.0,1
0.40298507462686567,2.5,-0.22362815460927488,-0.42208590685003144,1.0,0.0,0.0,0.0,1.0,1.0,0.0,0.0,0.0,0.0,1.0,0.0,0.0,1
0.8955223880597015,-1.0,0.07696838605258258,-0.6809023660640595,-1.0,0.0,0.0,1.0,0.0,1.0,0.0,0.0,0.0,0.0,1.0,0.0,0.0,0
-0.6305970149253731,-1.0,-0.25745710887775974,0.7906109735293504,2.0,0.0,0.0,1.0,0.0,1.0,0.0,0.0,0.0,0.0,0.0,1.0,0.0,1
0.41044776119402987,0.5,0.4897118838073382,1.3016615607710171,0.0,0.0,0.0,0.0,1.0,0.0,1.0,0.0,0.0,0.0,0.0,1.0,0.0,1
0.376865671641791,2.0,-0.5566612154309787,-0.12486248351954007,0.0,0.0,0.0,1.0,0.0,1.0,0.0,0.0,0.0,0.0,1.0,0.0,0.0,1
0.8955223880597015,0.0,1.5552715543292104,-0.07020381664016831,1.0,1.0,0.0,1.0,0.0,0.0,0.0,0.0,1.0,0.0,0.0,0.0,1.0,1
0.25,0.0,0.8246115690281131,-0.5405270195730587,1.0,0.0,0.0,1.0,0.0,0.0,0.0,1.0,0.0,0.0,1.0,0.0,0.0,1
0.7126865671641791,-1.5,1.2881164337685065,-0.4248069819936902,0.0,0.0,0.0,0.0,1.0,1.0,0.0,0.0,0.0,0.0,0.0,1.0,0.0,0
0.5298507462686567,-1.0,-0.49978053499255626,-0.02794909537072439,0.0,0.0,0.0,1.0,0.0,0.0,0.0,1.0,0.0,0.0,0.0,1.0,0.0,0
0.43656716417910446,0.5,-0.6145715709523245,-0.342341148117769,2.0,0.0,0.0,1.0,0.0,1.0,0.0,0.0,0.0,0.0,1.0,0.0,0.0,1
0.832089552238806,-1.5,-0.0829549795091848,-0.21665147223765446,0.0,1.0,0.0,1.0,0.0,1.0,0.0,0.0,0.0,0.0,1.0,0.0,0.0,0
-0.11940298507462686,0.0,-0.47967938285772066,-0.7639713648387949,0.0,0.0,0.0,1.0,0.0,1.0,0.0,0.0,0.0,0.0,1.0,0.0,0.0,0
-0.08582089552238806,0.5,-0.08617551474393445,0.9032180274034662,0.0,0.0,0.0,1.0,0.0,1.0,0.0,0.0,0.0,0.0,1.0,0.0,0.0,1
-0.6380597014925373,0.0,-0.4215415802126634,-0.640583011595753,0.0,0.0,0.0,0.0,1.0,1.0,0.0,0.0,0.0,0.0,0.0,0.0,1.0,0
-0.5,0.0,0.1269704653653115,-0.20762545545800842,1.0,0.0,0.0,0.0,1.0,0.0,0.0,1.0,0.0,0.0,0.0,1.0,0.0,0
0.10074626865671642,0.0,-0.6200256354136288,-0.17515042851754128,0.0,0.0,0.0,1.0,0.0,1.0,0.0,0.0,0.0,0.0,0.0,0.0,1.0,0
-0.9216417910447762,1.5,-0.6109490196063434,0.7855676509782231,0.0,0.0,0.0,1.0,0.0,0.0,0.0,1.0,0.0,0.0,0.0,0.0,1.0,1
0.5559701492537313,0.5,-0.12805367515700336,1.1549474307920746,1.0,0.0,0.0,1.0,0.0,1.0,0.0,0.0,0.0,0.0,0.0,1.0,0.0,1
0.19776119402985073,-0.5,0.9024749151250172,0.2235017021870838,-1.0,0.0,0.0,1.0,0.0,0.0,1.0,0.0,0.0,0.0,1.0,0.0,0.0,1
-1.1828358208955223,-0.5,-0.47041042290952095,0.8651443603946986,2.0,0.0,0.0,1.0,0.0,1.0,0.0,0.0,0.0,0.0,0.0,0.0,1.0,1
-0.8134328358208955,1.0,0.5311828990882423,-0.6734855065931886,-1.0,0.0,0.0,0.0,1.0,1.0,0.0,0.0,0.0,0.0,0.0,1.0,0.0,1
1.7682089552238844,-0.5,1.0886477928213865,-0.4158926715200656,1.0,0.0,0.0,1.0,0.0,0.0,1.0,0.0,0.0,0.0,0.0,1.0,0.0,0
0.667910447761194,-1.5,3.488464304680498,1.3309863888254476,2.0,0.0,0.0,1.0,0.0,1.0,0.0,0.0,0.0,0.0,1.0,0.0,0.0,1
0.3208955223880597,0.0,-0.47516069013717865,-0.3560866639161745,-1.0,0.0,0.0,0.0,1.0,0.0,1.0,0.0,0.0,0.0,1.0,0.0,0.0,1
-0.19402985074626866,0.0,0.04281564500441655,-0.23855998600015862,1.0,0.0,0.0,1.0,0.0,0.0,1.0,0.0,0.0,0.0,1.0,0.0,0.0,0
-0.2835820895522388,0.0,-0.5173956774596403,0.15462332037814988,-1.0,0.0,0.0,1.0,0.0,1.0,0.0,0.0,0.0,0.0,1.0,0.0,0.0,0
-0.5261194029850746,2.5,-0.5470106058171373,-0.43529255265105327,1.0,0.0,0.0,1.0,0.0,0.0,1.0,0.0,0.0,0.0,0.0,1.0,0.0,1
-1.6194029850746268,-1.5,-0.5398267245111741,0.2294787836271856,0.0,0.0,0.0,1.0,0.0,0.0,1.0,0.0,0.0,0.0,1.0,0.0,0.0,0
1.373134328358209,-1.5,-0.3749924632238448,-0.8800471932646919,2.0,0.0,0.0,1.0,0.0,1.0,0.0,0.0,0.0,0.0,1.0,0.0,0.0,1
-1.2014925373134329,-0.5,-0.09345358753723786,0.3732265107252907,0.0,0.0,0.0,1.0,0.0,1.0,0.0,0.0,0.0,0.0,0.0,1.0,0.0,1
-0.15298507462686567,-1.0,-0.5279573380083342,0.5788766231905695,0.0,1.0,0.0,1.0,0.0,0.0,0.0,0.0,0.0,1.0,1.0,0.0,0.0,0
-0.12313432835820895,2.0,0.15984939577218155,-0.6998975575851196,0.0,0.0,0.0,1.0,0.0,0.0,0.0,1.0,0.0,0.0,0.0,1.0,0.0,1
0.7238805970149254,1.5,-0.048275916176859106,-0.6754691606718366,1.0,1.0,0.0,0.0,1.0,0.0,0.0,1.0,0.0,0.0,0.0,0.0,1.0,1
-0.007462686567164179,1.0,1.5409490991799415,0.9128351262233898,-1.0,0.0,0.0,1.0,0.0,0.0,0.0,1.0,0.0,0.0,0.0,1.0,0.0,0
0.10820895522388059,1.0,-0.5331930923698193,0.19591046482233865,0.0,0.0,0.0,0.0,1.0,1.0,0.0,0.0,0.0,0.0,0.0,1.0,0.0,0
-0.6380597014925373,0.0,-0.47298530639327213,1.7206757969526445,0.0,0.0,1.0,0.0,0.0,1.0,0.0,0.0,0.0,0.0,0.0,1.0,0.0,1
1.2313432835820894,-0.5,-0.2687747315386744,-0.8183791697292228,1.0,0.0,0.0,1.0,0.0,1.0,0.0,0.0,0.0,0.0,0.0,0.0,1.0,0
0.40671641791044777,0.0,0.7415267225289051,-0.25926857636428036,0.0,0.0,0.0,1.0,0.0,0.0,0.0,0.0,1.0,0.0,1.0,0.0,0.0,0
-0.7201492537313433,-0.5,0.099920178390318,-0.99758238679413,0.0,0.0,0.0,1.0,0.0,0.0,0.0,1.0,0.0,0.0,0.0,0.0,1.0,1
0.27611940298507465,-1.0,0.27776644839999326,-0.22308424757498588,0.0,0.0,0.0,0.0,1.0,1.0,0.0,0.0,0.0,0.0,1.0,0.0,0.0,0
-0.23507462686567165,0.0,-0.5335825585442941,1.4883149263958448,0.0,0.0,1.0,0.0,0.0,1.0,0.0,0.0,0.0,0.0,0.0,0.0,1.0,1
0.5708955223880597,0.0,2.3479545469103806,0.40030396374300103,0.0,1.0,0.0,1.0,0.0,1.0,0.0,0.0,0.0,0.0,0.0,1.0,0.0,1
-0.11567164179104478,0.5,0.7483293541612186,0.4234729791482989,1.0,1.0,0.0,1.0,0.0,0.0,0.0,1.0,0.0,0.0,1.0,0.0,0.0,0
-1.544776119402985,0.5,-0.3088225465552208,0.07456405101433958,1.0,0.0,0.0,0.0,1.0,0.0,0.0,0.0,1.0,0.0,1.0,0.0,0.0,0
-0.10074626865671642,0.0,0.8555893065875457,-0.862505380982117,1.0,0.0,0.0,1.0,0.0,1.0,0.0,0.0,0.0,0.0,1.0,0.0,0.0,0
0.7574626865671642,-1.0,2.2456389216202335,-0.32399525216816216,0.0,1.0,1.0,0.0,0.0,1.0,0.0,0.0,0.0,0.0,0.0,0.0,1.0,1
-0.04477611940298507,1.5,-0.3073942303519382,1.4255657122540484,1.0,0.0,0.0,0.0,1.0,1.0,0.0,0.0,0.0,0.0,0.0,1.0,0.0,1
0.5522388059701493,-1.0,0.9273125298192618,-0.14319549268489812,0.0,0.0,0.0,1.0,0.0,1.0,0.0,0.0,0.0,0.0,1.0,0.0,0.0,0
1.671641791044776,-1.0,-0.2209425487368701,0.6993691086213432,2.0,1.0,0.0,1.0,0.0,0.0,0.0,1.0,0.0,0.0,1.0,0.0,0.0,1
-1.1380597014925373,-1.0,0.8726258385089839,-0.14615316157288896,1.0,1.0,0.0,1.0,0.0,0.0,0.0,1.0,0.0,0.0,0.0,0.0,1.0,0
-0.6865671641791045,-1.5,-0.5892550627107298,-0.40580212528768533,2.0,0.0,0.0,1.0,0.0,0.0,0.0,1.0,0.0,0.0,1.0,0.0,0.0,1
1.5485074626865671,1.0,-0.38607725728894804,0.01996757429591853,0.0,0.0,0.0,1.0,0.0,0.0,0.0,1.0,0.0,0.0,1.0,0.0,0.0,0
0.029850746268656716,-1.5,0.08489175327609864,-0.6229162136114309,0.0,0.0,0.0,1.0,0.0,0.0,0.0,1.0,0.0,0.0,1.0,0.0,0.0,0
1.671641791044776,-0.5,1.0999111065947846,-1.0693196078992746,2.0,1.0,0.0,1.0,0.0,1.0,0.0,0.0,0.0,0.0,1.0,0.0,0.0,1
0.1865671641791045,-1.5,-0.45989579978858014,-0.8556403704421099,1.0,0.0,0.0,1.0,0.0,1.0,0.0,0.0,0.0,0.0,0.0,1.0,0.0,0
-0.5783582089552238,2.5,1.6908528194341743,-0.1592152411894972,2.0,0.0,0.0,1.0,0.0,1.0,0.0,0.0,0.0,0.0,1.0,0.0,0.0,1
0.10074626865671642,1.0,-0.1359943520446693,-0.32837894132662304,-1.0,0.0,1.0,0.0,0.0,1.0,0.0,0.0,0.0,0.0,1.0,0.0,0.0,0
0.582089552238806,1.0,-0.12485365231167096,-0.8149905242796923,-1.0,0.0,0.0,1.0,0.0,0.0,1.0,0.0,0.0,0.0,0.0,1.0,0.0,0
1.7682089552238844,0.0,-0.5086586665916459,-0.35102233023920953,0.0,0.0,0.0,1.0,0.0,1.0,0.0,0.0,0.0,0.0,0.0,0.0,1.0,0
1.0820895522388059,1.0,-0.04830282684962098,-0.6206858986199828,0.0,0.0,0.0,1.0,0.0,0.0,0.0,1.0,0.0,0.0,1.0,0.0,0.0,0
0.8470149253731343,0.5,-0.5381122110186627,0.3281181180541833,0.0,0.0,0.0,0.0,1.0,1.0,0.0,0.0,0.0,0.0,0.0,0.0,1.0,1
-1.5111940298507462,0.0,0.3803479641983383,0.7327792297918223,0.0,0.0,0.0,0.0,1.0,0.0,0.0,1.0,0.0,0.0,0.0,1.0,0.0,0
-0.5597014925373134,1.5,-0.274704460662269,0.8760910138142111,1.0,0.0,0.0,1.0,0.0,0.0,0.0,1.0,0.0,0.0,0.0,1.0,0.0,1
-0.26119402985074625,1.5,-0.32664824909657203,-0.8623919828810162,1.0,0.0,0.0,1.0,0.0,1.0,0.0,0.0,0.0,0.0,0.0,1.0,0.0,1
-0.13059701492537312,0.0,1.4581934906048934,0.7301816874832961,2.0,0.0,0.0,1.0,0.0,1.0,0.0,0.0,0.0,0.0,1.0,0.0,0.0,1
-0.09701492537313433,2.0,-0.43783930703912444,-0.48519584223473916,0.0,0.0,0.0,1.0,0.0,1.0,0.0,0.0,0.0,0.0,1.0,0.0,0.0,1
0.9514925373134329,2.0,1.1392523222990614,0.42216464096106143,0.0,0.0,1.0,0.0,0.0,1.0,0.0,0.0,0.0,0.0,0.0,0.0,1.0,1
0.4291044776119403,-1.5,-0.10128863640820475,0.6389797100441823,-1.0,0.0,0.0,1.0,0.0,1.0,0.0,0.0,0.0,0.0,0.0,0.0,1.0,1
-1.171641791044776,0.5,0.2571081958843234,-0.7955723315201544,0.0,0.0,0.0,1.0,0.0,1.0,0.0,0.0,0.0,0.0,1.0,0.0,0.0,0
-0.19029850746268656,0.0,1.2061014088759854,-0.6325161539990914,0.0,1.0,0.0,1.0,0.0,1.0,0.0,0.0,0.0,0.0,1.0,0.0,0.0,1
0.21641791044776118,0.5,0.21368623365834755,-0.6193706981894205,1.0,1.0,0.0,1.0,0.0,1.0,0.0,0.0,0.0,0.0,1.0,0.0,0.0,0
1.7682089552238844,0.5,2.018803319028177,0.8716749318236638,2.0,0.0,0.0,1.0,0.0,0.0,0.0,0.0,1.0,0.0,1.0,0.0,0.0,1
0.7723880597014925,2.0,-0.23911965680551955,-0.50437547716272,0.0,1.0,0.0,1.0,0.0,1.0,0.0,0.0,0.0,0.0,1.0,0.0,0.0,1
-0.5074626865671642,0.0,1.486353231759477,0.20760346081669542,1.0,0.0,0.0,0.0,1.0,0.0,0.0,0.0,0.0,1.0,0.0,0.0,1.0,1
-1.126865671641791,-0.5,0.4276651312050916,-0.7698309931274722,0.0,0.0,0.0,1.0,0.0,0.0,0.0,1.0,0.0,0.0,0.0,0.0,1.0,0
-0.373134328358209,0.5,0.7216800585216558,0.2843447539346011,-1.0,0.0,0.0,1.0,0.0,1.0,0.0,0.0,0.0,0.0,0.0,1.0,0.0,0
-0.3246268656716418,0.0,0.6551288812302994,-0.883806310423802,0.0,0.0,0.0,1.0,0.0,1.0,0.0,0.0,0.0,0.0,1.0,0.0,0.0,0
1.4664179104477613,-1.0,0.3894449394993216,-0.9581575857138588,3.0,0.0,0.0,1.0,0.0,0.0,0.0,1.0,0.0,0.0,1.0,0.0,0.0,1
-0.19402985074626866,0.5,0.9902068465655677,-0.4354935801426466,3.0,1.0,0.0,1.0,0.0,0.0,0.0,1.0,0.0,0.0,1.0,0.0,0.0,1
0.6231343283582089,2.0,-0.033450330538499,-0.9264521485120031,1.0,0.0,0.0,0.0,1.0,1.0,0.0,0.0,0.0,0.0,0.0,1.0,0.0,1
0.44776119402985076,1.0,1.2676421172884484,-0.296945292809216,0.0,0.0,0.0,0.0,1.0,1.0,0.0,0.0,0.0,0.0,1.0,0.0,0.0,0
0.05970149253731343,1.0,-0.17214111260951895,0.39051363692519253,0.0,1.0,0.0,1.0,0.0,1.0,0.0,0.0,0.0,0.0,0.0,1.0,0.0,0
-0.15671641791044777,-0.5,-0.5724864326449163,0.21110526117483092,0.0,0.0,0.0,1.0,0.0,1.0,0.0,0.0,0.0,0.0,0.0,1.0,0.0,0
1.044776119402985,-1.0,-0.4525337711297958,0.7283820143854761,0.0,0.0,0.0,1.0,0.0,1.0,0.0,0.0,0.0,0.0,1.0,0.0,0.0,0
0.8619402985074627,0.0,-0.22683152476781104,-0.4423929665014421,1.0,0.0,0.0,1.0,0.0,0.0,0.0,1.0,0.0,0.0,0.0,1.0,0.0,0
-0.34328358208955223,0.5,1.274309527946125,1.6495582969352434,-1.0,0.0,0.0,1.0,0.0,1.0,0.0,0.0,0.0,0.0,0.0,1.0,0.0,1
0.14925373134328357,0.0,0.8498713054741296,-0.14887761577362932,1.0,0.0,0.0,1.0,0.0,0.0,0.0,0.0,1.0,0.0,1.0,0.0,0.0,0
0.3694029850746269,-1.0,-0.1734419726567474,-0.7805108864604584,2.0,0.0,0.0,0.0,1.0,1.0,0.0,0.0,0.0,0.0,0.0,0.0,1.0,1
0.9216417910447762,1.0,1.563479509410738,-0.9950520604520595,1.0,0.0,0.0,1.0,0.0,0.0,0.0,1.0,0.0,0.0,1.0,0.0,0.0,1
-0.4626865671641791,-1.5,0.37015572869611,-0.11832249327675448,0.0,1.0,0.0,0.0,1.0,1.0,0.0,0.0,0.0,0.0,1.0,0.0,0.0,0
0.026119402985074626,-1.5,0.021828835182421655,-0.7646874854741755,1.0,0.0,0.0,1.0,0.0,0.0,0.0,0.0,0.0,1.0,0.0,0.0,1.0,0
-0.5597014925373134,-1.0,-0.1993242863885096,0.9381573070017826,0.0,0.0,0.0,1.0,0.0,0.0,1.0,0.0,0.0,0.0,0.0,0.0,1.0,0
0.4962686567164179,0.5,-0.2215383154251274,-0.9033587184679974,1.0,0.0,0.0,0.0,1.0,1.0,0.0,0.0,0.0,0.0,1.0,0.0,0.0,0
1.25,-0.5,-0.5295973402651755,-0.34329025997319346,2.0,0.0,0.0,1.0,0.0,0.0,1.0,0.0,0.0,0.0,1.0,0.0,0.0,1
0.9440298507462687,-0.5,0.6284648569973429,-0.40168901955183717,2.0,1.0,0.0,0.0,1.0,1.0,0.0,0.0,0.0,0.0,1.0,0.0,0.0,1
0.48507462686567165,1.0,0.5137620738919415,-0.3926315451583221,2.0,0.0,1.0,0.0,0.0,0.0,0.0,1.0,0.0,0.0,0.0,0.0,1.0,1
0.6305970149253731,0.0,0.9573982312871895,0.45738422107953597,2.0,0.0,0.0,1.0,0.0,1.0,0.0,0.0,0.0,0.0,0.0,0.0,1.0,1
0.996268656716418,-0.5,0.7976803868584766,-0.3389743088957045,3.0,0.0,0.0,0.0,1.0,0.0,0.0,0.0,1.0,0.0,0.0,1.0,0.0,1
0.6231343283582089,-0.5,-0.0233628528905504,0.027814547478795085,2.0,0.0,0.0,1.0,0.0,1.0,0.0,0.0,0.0,0.0,0.0,0.0,1.0,1
-0.4552238805970149,-0.5,-0.2835311342074325,-0.10312623157255597,2.0,0.0,0.0,0.0,1.0,1.0,0.0,0.0,0.0,0.0,0.0,1.0,0.0,1
0.6716417910447762,0.0,0.9384474772672553,0.7502554672015017,0.0,0.0,0.0,1.0,0.0,0.0,0.0,1.0,0.0,0.0,0.0,1.0,0.0,0
0.2462686567164179,-0.5,0.12181544538783594,0.15130026451315123,0.0,0.0,0.0,0.0,1.0,1.0,0.0,0.0,0.0,0.0,1.0,0.0,0.0,0
1.492537313432836,1.0,-0.2977046664692495,0.14867704112194743,-1.0,0.0,0.0,1.0,0.0,1.0,0.0,0.0,0.0,0.0,0.0,0.0,1.0,0
-1.0261194029850746,2.0,-0.14320519909148424,-0.7050493560480132,1.0,0.0,0.0,1.0,0.0,1.0,0.0,0.0,0.0,0.0,0.0,1.0,0.0,1
-0.7835820895522388,0.0,0.49548386412139966,-0.5141198254796401,0.0,1.0,0.0,0.0,1.0,0.0,0.0,1.0,0.0,0.0,0.0,1.0,0.0,0
1.3097014925373134,0.5,-0.2553868839931579,1.0824377390859323,0.0,0.0,0.0,1.0,0.0,0.0,0.0,0.0,1.0,0.0,1.0,0.0,0.0,1
-0.9589552238805971,-1.5,0.3024355084042421,0.4716689540246523,2.0,0.0,0.0,1.0,0.0,1.0,0.0,0.0,0.0,0.0,1.0,0.0,0.0,1
-0.13805970149253732,-0.5,0.5521788954770602,0.2226693525383864,2.0,1.0,0.0,1.0,0.0,0.0,0.0,1.0,0.0,0.0,1.0,0.0,0.0,1
0.8283582089552238,0.0,-0.19017424832582108,-0.10643222988840964,0.0,0.0,0.0,1.0,0.0,0.0,0.0,0.0,1.0,0.0,0.0,0.0,1.0,0
0.835820895522388,1.0,-0.6158992559814357,-0.6401435749537046,0.0,0.0,0.0,1.0,0.0,1.0,0.0,0.0,0.0,0.0,0.0,1.0,0.0,0
0.2537313432835821,0.5,2.4585372813888164,0.47012790097584073,0.0,0.0,0.0,1.0,0.0,0.0,0.0,1.0,0.0,0.0,1.0,0.0,0.0,1
0.8171641791044776,0.5,-0.3073958744713379,-0.48431882660721803,1.0,0.0,1.0,0.0,0.0,1.0,0.0,0.0,0.0,0.0,1.0,0.0,0.0,0
-0.033582089552238806,-0.5,0.2537162949895273,0.03747761425219044,2.0,0.0,0.0,0.0,1.0,0.0,0.0,1.0,0.0,0.0,0.0,0.0,1.0,1
-0.8731343283582089,1.5,2.180678955174996,-0.7853329790762755,2.0,0.0,0.0,1.0,0.0,1.0,0.0,0.0,0.0,0.0,0.0,1.0,0.0,1
-0.7164179104477612,-1.0,-0.3190316168387614,0.09246138051724342,0.0,0.0,0.0,1.0,0.0,0.0,0.0,1.0,0.0,0.0,1.0,0.0,0.0,0
-0.11940298507462686,-0.5,-0.5274833901845688,-0.20338626895217177,-1.0,0.0,0.0,0.0,1.0,1.0,0.0,0.0,0.0,0.0,1.0,0.0,0.0,0
-0.208955223880597,0.5,-0.014937999807772967,-0.428234205262878,0.0,0.0,0.0,1.0,0.0,1.0,0.0,0.0,0.0,0.0,0.0,1.0,0.0,0
0.13432835820895522,0.5,0.9899744087320886,-0.796125091375512,0.0,0.0,1.0,0.0,0.0,0.0,1.0,0.0,0.0,0.0,1.0,0.0,0.0,0
-1.5820895522388059,-1.0,-0.41433969173133733,0.8829189918365964,-1.0,0.0,0.0,1.0,0.0,0.0,1.0,0.0,0.0,0.0,0.0,1.0,0.0,0
1.2350746268656716,1.5,2.094120874402376,-0.5513330562156971,0.0,0.0,0.0,1.0,0.0,1.0,0.0,0.0,0.0,0.0,0.0,0.0,1.0,1
-0.7761194029850746,1.5,0.5618509089343732,-0.6338603120671762,-1.0,0.0,0.0,0.0,1.0,0.0,0.0,1.0,0.0,0.0,0.0,1.0,0.0,1
-0.8880597014925373,0.5,0.8731629324241241,-0.9309755462616318,0.0,0.0,0.0,1.0,0.0,1.0,0.0,0.0,0.0,0.0,1.0,0.0,0.0,0
0.27611940298507465,1.5,-0.54115051669693,-0.3219017516880869,-1.0,0.0,0.0,0.0,1.0,0.0,0.0,1.0,0.0,0.0,0.0,0.0,1.0,1
-1.2761194029850746,-1.0,-0.5288262652683037,-0.026917634161445585,0.0,0.0,0.0,1.0,0.0,1.0,0.0,0.0,0.0,0.0,1.0,0.0,0.0,0
-1.6194029850746268,0.0,-0.26167154395861014,0.20983476141529608,2.0,1.0,0.0,1.0,0.0,0.0,0.0,1.0,0.0,0.0,0.0,1.0,0.0,1
-0.13432835820895522,0.5,-0.3339349493015251,0.40493122997173686,2.0,0.0,0.0,0.0,1.0,1.0,0.0,0.0,0.0,0.0,0.0,1.0,0.0,1
-0.8694029850746269,2.5,-0.2811490998131079,0.9792545616009359,2.0,0.0,1.0,0.0,0.0,1.0,0.0,0.0,0.0,0.0,1.0,0.0,0.0,1
-0.5671641791044776,0.5,0.23922057328556473,-0.5184861286711105,0.0,1.0,0.0,1.0,0.0,0.0,0.0,1.0,0.0,0.0,0.0,0.0,1.0,0
1.5708955223880596,0.0,1.4893486192929222,-0.23025266936973246,0.0,0.0,0.0,0.0,1.0,1.0,0.0,0.0,0.0,0.0,0.0,1.0,0.0,1
0.055970149253731345,-0.5,0.28833919888869836,-0.6402803318209986,-1.0,1.0,1.0,0.0,0.0,1.0,0.0,0.0,0.0,0.0,1.0,0.0,0.0,0
-0.13059701492537312,-0.5,-0.16997574529448162,-0.06233266442640062,-1.0,0.0,0.0,0.0,1.0,1.0,0.0,0.0,0.0,0.0,1.0,0.0,0.0,0
0.208955223880597,-1.0,0.2271870204845284,0.5988104512920788,0.0,1.0,0.0,1.0,0.0,1.0,0.0,0.0,0.0,0.0,0.0,0.0,1.0,0
0.5261194029850746,-1.0,-0.41554114603213577,1.3883901611655045,1.0,0.0,0.0,0.0,1.0,1.0,0.0,0.0,0.0,0.0,1.0,0.0,0.0,1
1.0111940298507462,1.0,-0.047936367153828575,-0.24156990205331252,-1.0,0.0,0.0,1.0,0.0,1.0,0.0,0.0,0.0,0.0,1.0,0.0,0.0,0
0.9328358208955224,0.0,0.5569346953644855,0.8335923791084281,-1.0,0.0,0.0,0.0,1.0,1.0,0.0,0.0,0.0,0.0,0.0,1.0,0.0,0
1.1902985074626866,-1.5,0.2372361996058892,0.911417936267235,1.0,0.0,0.0,1.0,0.0,1.0,0.0,0.0,0.0,0.0,1.0,0.0,0.0,0
-1.421641791044776,-1.5,-0.45285059586352144,0.39596438127632716,-1.0,1.0,0.0,1.0,0.0,1.0,0.0,0.0,0.0,0.0,0.0,0.0,1.0,1
1.205223880597015,0.5,-0.26216409045584893,0.32064610370666125,1.0,0.0,0.0,1.0,0.0,1.0,0.0,0.0,0.0,0.0,0.0,0.0,1.0,0
0.06343283582089553,2.5,0.5137411704796979,0.791553313520228,-1.0,0.0,0.0,1.0,0.0,0.0,1.0,0.0,0.0,0.0,1.0,0.0,0.0,1
0.7201492537313433,1.0,-0.1649635278099325,-0.0583659894892945,1.0,0.0,0.0,1.0,0.0,0.0,0.0,1.0,0.0,0.0,0.0,1.0,0.0,0
-0.23507462686567165,0.0,-0.35246355329906365,0.2695706459759614,2.0,0.0,0.0,0.0,1.0,0.0,1.0,0.0,0.0,0.0,1.0,0.0,0.0,1
0.5186567164179104,2.5,0.11201817856657875,-0.4288936795850102,-1.0,0.0,0.0,1.0,0.0,1.0,0.0,0.0,0.0,0.0,1.0,0.0,0.0,1
-0.8843283582089553,-1.0,1.699649546327335,0.5543132626193064,0.0,0.0,0.0,1.0,0.0,0.0,0.0,1.0,0.0,0.0,0.0,1.0,0.0,0
-0.43283582089552236,-1.5,0.9475165701005982,1.2136609048118099,0.0,0.0,0.0,1.0,0.0,1.0,0.0,0.0,0.0,0.0,0.0,0.0,1.0,1
-0.3358208955223881,1.5,-0.17354132675889716,-0.7459649032381889,-1.0,0.0,0.0,1.0,0.0,1.0,0.0,0.0,0.0,0.0,0.0,1.0,0.0,1
-0.16044776119402984,1.0,-0.1686084223727423,0.4979828798941337,1.0,0.0,0.0,1.0,0.0,1.0,0.0,0.0,0.0,0.0,0.0,0.0,1.0,0
-0.5746268656716418,-0.5,-0.013226620695393978,-0.24620861643915212,1.0,0.0,0.0,1.0,0.0,1.0,0.0,0.0,0.0,0.0,0.0,0.0,1.0,0
-0.9514925373134329,-0.5,2.3723262852029934,1.0683596905055166,1.0,0.0,0.0,1.0,0.0,1.0,0.0,0.0,0.0,0.0,0.0,0.0,1.0,0
-0.332089552238806,1.0,0.567617942696808,0.29604192730783,0.0,0.0,0.0,1.0,0.0,1.0,0.0,0.0,0.0,0.0,1.0,0.0,0.0,0
0.6268656716417911,-1.0,-0.40640218459306804,0.29108396682313925,3.0,0.0,0.0,1.0,0.0,1.0,0.0,0.0,0.0,0.0,1.0,0.0,0.0,1
1.041044776119403,0.0,-0.5151284647201155,0.1871901373890361,2.0,0.0,0.0,1.0,0.0,1.0,0.0,0.0,0.0,0.0,1.0,0.0,0.0,1
0.746268656716418,-1.0,-0.4834625112556672,0.033977812925683894,0.0,0.0,0.0,1.0,0.0,1.0,0.0,0.0,0.0,0.0,1.0,0.0,0.0,0
1.037313432835821,-0.5,0.13780787807459616,0.6586700892147136,-1.0,0.0,0.0,1.0,0.0,0.0,0.0,1.0,0.0,0.0,1.0,0.0,0.0,0
0.4664179104477612,0.5,2.6386066916532167,-0.44406682904411204,0.0,0.0,0.0,1.0,0.0,1.0,0.0,0.0,0.0,0.0,0.0,0.0,1.0,0
0.39552238805970147,-0.5,-0.5494377911791196,-0.49989404335999976,0.0,0.0,0.0,1.0,0.0,1.0,0.0,0.0,0.0,0.0,1.0,0.0,0.0,0
-0.9402985074626866,0.0,0.036257184436554256,1.2940972244954037,1.0,0.0,0.0,0.0,1.0,0.0,0.0,1.0,0.0,0.0,0.0,0.0,1.0,1
1.335820895522388,-0.5,0.0036873510037362858,0.01171782545286568,1.0,1.0,0.0,0.0,1.0,0.0,0.0,0.0,1.0,0.0,1.0,0.0,0.0,0
0.16044776119402984,2.0,-0.1080331036277383,0.7759575600975454,0.0,0.0,0.0,1.0,0.0,0.0,0.0,1.0,0.0,0.0,0.0,1.0,0.0,1
0.8731343283582089,0.5,-0.15982384116629345,1.2270609219601187,0.0,0.0,0.0,1.0,0.0,1.0,0.0,0.0,0.0,0.0,1.0,0.0,0.0,1
0.3208955223880597,-1.0,0.7563382274470746,1.2861164567844308,2.0,1.0,0.0,1.0,0.0,0.0,0.0,1.0,0.0,0.0,0.0,0.0,1.0,1
-0.06343283582089553,0.5,0.01488067700625884,1.2642032128780403,0.0,0.0,0.0,1.0,0.0,1.0,0.0,0.0,0.0,0.0,1.0,0.0,0.0,1
-0.31343283582089554,-1.5,0.7655894900941965,-0.9567036506228729,1.0,0.0,0.0,1.0,0.0,1.0,0.0,0.0,0.0,0.0,0.0,1.0,0.0,0
-0.26492537313432835,0.0,0.12252106598162996,0.6211500337410578,0.0,1.0,0.0,1.0,0.0,1.0,0.0,0.0,0.0,0.0,0.0,0.0,1.0,0
-1.3992537313432836,0.0,0.6440713546132066,0.2199691301959159,0.0,0.0,0.0,1.0,0.0,1.0,0.0,0.0,0.0,0.0,0.0,1.0,0.0,1
0.835820895522388,0.5,2.9913990036732545,1.4899845509140186,-1.0,0.0,0.0,1.0,0.0,0.0,0.0,0.0,0.0,1.0,1.0,0.0,0.0,1
-0.8917910447761194,-0.5,0.9295453972374941,0.1345573347322757,3.0,0.0,0.0,1.0,0.0,0.0,0.0,0.0,1.0,0.0,1.0,0.0,0.0,1
0.22388059701492538,-0.5,0.29890888131999466,-0.1967514530919225,1.0,0.0,0.0,1.0,0.0,0.0,0.0,1.0,0.0,0.0,1.0,0.0,0.0,0
0.4216417910447761,0.0,-0.06864046773703733,0.5810602137732748,-1.0,0.0,0.0,1.0,0.0,1.0,0.0,0.0,0.0,0.0,0.0,0.0,1.0,0
-0.5895522388059702,0.5,-0.22643201889701156,0.021372144360476568,0.0,0.0,0.0,1.0,0.0,1.0,0.0,0.0,0.0,0.0,1.0,0.0,0.0,0
-0.41044776119402987,-0.5,0.4290327018264924,0.8040957345709275,1.0,0.0,0.0,1.0,0.0,0.0,0.0,1.0,0.0,0.0,0.0,0.0,1.0,0
-0.4626865671641791,0.0,0.21055242314673586,-0.21240862786908263,0.0,0.0,0.0,1.0,0.0,1.0,0.0,0.0,0.0,0.0,0.0,0.0,1.0,0
-0.582089552238806,1.0,0.20475963550389245,-0.004201013196265773,0.0,0.0,0.0,1.0,0.0,1.0,0.0,0.0,0.0,0.0,0.0,0.0,1.0,0
0.1417910447761194,-1.0,-0.19601573604003222,0.12687536214760348,0.0,0.0,0.0,1.0,0.0,1.0,0.0,0.0,0.0,0.0,1.0,0.0,0.0,0
0.6343283582089553,-1.5,-0.3572123623067618,0.2641695164759848,1.0,0.0,0.0,1.0,0.0,1.0,0.0,0.0,0.0,0.0,0.0,1.0,0.0,0
-0.9365671641791045,1.0,0.23359962800446557,0.07428399015853253,0.0,0.0,0.0,0.0,1.0,1.0,0.0,0.0,0.0,0.0,0.0,1.0,0.0,0
1.257462686567164,-0.5,0.9733536121356579,0.2213356171604586,2.0,0.0,0.0,1.0,0.0,0.0,0.0,1.0,0.0,0.0,0.0,1.0,0.0,1
0.5298507462686567,0.0,0.2027211457269884,-0.013479756140265566,2.0,0.0,0.0,1.0,0.0,0.0,0.0,1.0,0.0,0.0,1.0,0.0,0.0,1
0.8022388059701493,-0.5,-0.3773120942139652,-0.964244111630087,1.0,0.0,0.0,1.0,0.0,1.0,0.0,0.0,0.0,0.0,0.0,1.0,0.0,0
0.8955223880597015,-1.0,1.512238700808351,0.6746473261646713,-1.0,0.0,0.0,1.0,0.0,1.0,0.0,0.0,0.0,0.0,1.0,0.0,0.0,0
0.25,0.5,2.156374147948562,0.08904036636460264,0.0,0.0,0.0,1.0,0.0,0.0,0.0,1.0,0.0,0.0,1.0,0.0,0.0,0
0.25,-0.5,1.7897740316763588,-0.21287290458367272,0.0,0.0,1.0,0.0,0.0,1.0,0.0,0.0,0.0,0.0,0.0,0.0,1.0,0
-0.664179104477612,0.0,0.32581711051915063,-0.5408084709282324,0.0,0.0,1.0,0.0,0.0,1.0,0.0,0.0,0.0,0.0,0.0,0.0,1.0,0
-0.13432835820895522,-1.5,0.6413522429264141,-0.38168717868990343,-1.0,0.0,0.0,1.0,0.0,1.0,0.0,0.0,0.0,0.0,0.0,0.0,1.0,1
0.20149253731343283,0.0,0.300877512140139,-0.14799463156785397,2.0,0.0,0.0,0.0,1.0,0.0,1.0,0.0,0.0,0.0,0.0,1.0,0.0,1
-1.2649253731343284,0.0,-0.2631907565790996,-0.5656906451836129,1.0,0.0,0.0,1.0,0.0,1.0,0.0,0.0,0.0,0.0,1.0,0.0,0.0,0
-0.7313432835820896,1.0,-0.32572758714593186,0.6238736691577506,3.0,0.0,0.0,1.0,0.0,1.0,0.0,0.0,0.0,0.0,1.0,0.0,0.0,1
0.9776119402985075,0.5,-0.29474426222155625,0.2919210828999861,0.0,0.0,0.0,0.0,1.0,0.0,0.0,1.0,0.0,0.0,1.0,0.0,0.0,1
1.0186567164179106,1.0,0.6944629432667235,-0.6765058490779068,1.0,1.0,1.0,0.0,0.0,1.0,0.0,0.0,0.0,0.0,0.0,0.0,1.0,0
0.458955223880597,1.5,-0.3517694380814987,-0.02361196200003565,1.0,1.0,0.0,1.0,0.0,0.0,1.0,0.0,0.0,0.0,1.0,0.0,0.0,1
0.5708955223880597,0.0,1.7010440043332857,-0.2690626504262343,0.0,0.0,0.0,1.0,0.0,0.0,0.0,1.0,0.0,0.0,1.0,0.0,0.0,1
-0.03731343283582089,2.5,0.3591089480886737,0.7597543970282089,-1.0,0.0,0.0,1.0,0.0,0.0,1.0,0.0,0.0,0.0,0.0,1.0,0.0,1
0.3619402985074627,0.0,0.7673267569604444,-0.323713675755996,-1.0,0.0,0.0,1.0,0.0,0.0,0.0,0.0,0.0,1.0,0.0,1.0,0.0,1
-0.6865671641791045,1.0,1.0793530583744166,-0.8854201648650261,2.0,0.0,0.0,1.0,0.0,0.0,0.0,0.0,1.0,0.0,0.0,1.0,0.0,1
0.3582089552238806,-0.5,-0.5191686560703154,0.35217847239138456,3.0,0.0,0.0,1.0,0.0,1.0,0.0,0.0,0.0,0.0,1.0,0.0,0.0,1
-0.25,0.0,0.20613974198153573,1.1355255141476153,2.0,0.0,0.0,1.0,0.0,0.0,1.0,0.0,0.0,0.0,0.0,0.0,1.0,1
-0.45149253731343286,0.5,-0.306467677600209,-0.21412428625342306,1.0,0.0,0.0,0.0,1.0,1.0,0.0,0.0,0.0,0.0,0.0,0.0,1.0,0
-0.16044776119402984,0.0,-0.6039365164660935,-0.75119230947211,0.0,1.0,0.0,1.0,0.0,0.0,1.0,0.0,0.0,0.0,1.0,0.0,0.0,0
-0.3880597014925373,-1.5,0.2538503280073819,0.09002478731600386,0.0,1.0,0.0,0.0,1.0,0.0,0.0,1.0,0.0,0.0,0.0,1.0,0.0,0
0.5932835820895522,-0.5,0.10294509537493898,0.0306230758032044,-1.0,0.0,0.0,1.0,0.0,1.0,0.0,0.0,0.0,0.0,1.0,0.0,0.0,0
-0.16044776119402984,0.5,0.785579800312659,-0.3933968672666475,1.0,0.0,0.0,1.0,0.0,1.0,0.0,0.0,0.0,0.0,1.0,0.0,0.0,0
-0.10074626865671642,-0.5,0.6675788940912994,1.0522666678870305,1.0,0.0,0.0,1.0,0.0,1.0,0.0,0.0,0.0,0.0,1.0,0.0,0.0,0
-0.4141791044776119,1.0,-0.20629228403940078,-0.290169272751893,3.0,0.0,0.0,1.0,0.0,1.0,0.0,0.0,0.0,0.0,0.0,0.0,1.0,1
0.41044776119402987,-0.5,-0.5159330927590533,0.9606689704397536,0.0,1.0,0.0,0.0,1.0,1.0,0.0,0.0,0.0,0.0,0.0,0.0,1.0,0
-1.007462686567164,1.5,-0.2562669877189756,0.23526553355696656,3.0,0.0,0.0,1.0,0.0,0.0,0.0,0.0,1.0,0.0,1.0,0.0,0.0,1
1.2537313432835822,-0.5,-0.3098322432850608,-0.2112812690781287,2.0,1.0,0.0,1.0,0.0,0.0,1.0,0.0,0.0,0.0,1.0,0.0,0.0,1
0.26119402985074625,1.0,-0.21200560091737763,0.8314451836719966,1.0,0.0,0.0,1.0,0.0,0.0,0.0,0.0,0.0,1.0,1.0,0.0,0.0,1
0.8432835820895522,0.0,-0.22543782773880203,0.6950637256666349,0.0,0.0,0.0,1.0,0.0,0.0,1.0,0.0,0.0,0.0,0.0,1.0,0.0,0
0.14925373134328357,2.0,1.5143266791179222,-1.0681008067602256,2.0,0.0,0.0,0.0,1.0,1.0,0.0,0.0,0.0,0.0,0.0,0.0,1.0,1
-0.0037313432835820895,0.5,0.23104877848477215,0.8217434966174438,0.0,0.0,1.0,0.0,0.0,1.0,0.0,0.0,0.0,0.0,1.0,0.0,0.0,0
0.018656716417910446,-1.5,0.12337422512570866,0.36274189525197376,0.0,0.0,0.0,0.0,1.0,0.0,1.0,0.0,0.0,0.0,0.0,0.0,1.0,0
1.257462686567164,-1.0,0.3389770324710678,-0.7796602981231967,2.0,0.0,0.0,1.0,0.0,1.0,0.0,0.0,0.0,0.0,0.0,1.0,0.0,1
-0.585820895522388,-1.0,3.0654752977312882,0.9968303636777351,2.0,0.0,0.0,1.0,0.0,1.0,0.0,0.0,0.0,0.0,0.0,1.0,0.0,1
0.09328358208955224,-1.5,-0.2740073398599766,-0.4105959395118743,1.0,0.0,0.0,0.0,1.0,0.0,1.0,0.0,0.0,0.0,1.0,0.0,0.0,0
0.08208955223880597,0.5,0.22631596396156697,-0.31992864983286345,1.0,1.0,0.0,0.0,1.0,1.0,0.0,0.0,0.0,0.0,1.0,0.0,0.0,0
-0.417910447761194,0.5,1.6001471350919096,0.8429162636312953,-1.0,0.0,0.0,1.0,0.0,0.0,1.0,0.0,0.0,0.0,0.0,1.0,0.0,1
-0.39552238805970147,-1.0,-0.25415765903038084,-0.9182691051624717,0.0,0.0,1.0,0.0,0.0,1.0,0.0,0.0,0.0,0.0,0.0,0.0,1.0,1
-0.2462686567164179,2.0,-0.6131648023925316,0.1497522709364841,0.0,0.0,0.0,1.0,0.0,1.0,0.0,0.0,0.0,0.0,1.0,0.0,0.0,1
0.22388059701492538,0.0,-0.48716017664047473,0.008339172187597974,0.0,0.0,0.0,0.0,1.0,0.0,0.0,1.0,0.0,0.0,1.0,0.0,0.0,0
-0.376865671641791,1.0,2.72381080194726,0.3073512098052238,-1.0,0.0,0.0,0.0,1.0,1.0,0.0,0.0,0.0,0.0,0.0,1.0,0.0,1
-1.6194029850746268,-1.5,0.39721626761386875,0.29118646108836826,0.0,0.0,0.0,0.0,1.0,0.0,1.0,0.0,0.0,0.0,0.0,1.0,0.0,1
-0.7425373134328358,0.0,0.1849817561619858,-0.34428923693488916,0.0,0.0,0.0,1.0,0.0,1.0,0.0,0.0,0.0,0.0,1.0,0.0,0.0,0
0.26119402985074625,0.0,0.15963157505998918,0.02280073113100897,1.0,1.0,0.0,1.0,0.0,1.0,0.0,0.0,0.0,0.0,0.0,1.0,0.0,1
0.6343283582089553,0.0,1.402594580476186,1.197717729444014,-1.0,0.0,0.0,1.0,0.0,0.0,0.0,1.0,0.0,0.0,1.0,0.0,0.0,1
-0.5559701492537313,0.0,0.2175571507907799,0.9490891197885075,0.0,1.0,0.0,1.0,0.0,1.0,0.0,0.0,0.0,0.0,0.0,1.0,0.0,0
0.7798507462686567,-1.5,0.30273877353544076,-0.8223334601627226,1.0,0.0,0.0,1.0,0.0,0.0,0.0,1.0,0.0,0.0,0.0,1.0,0.0,0
-1.6194029850746268,-0.5,1.3068044130266256,0.06127850382421763,0.0,0.0,0.0,0.0,1.0,0.0,0.0,1.0,0.0,0.0,0.0,0.0,1.0,1
-0.21641791044776118,1.0,-0.08224054979543038,-0.6455760264886276,2.0,0.0,0.0,1.0,0.0,1.0,0.0,0.0,0.0,0.0,0.0,1.0,0.0,1
0.13805970149253732,2.5,0.4183163799112624,-0.725564542269053,1.0,0.0,0.0,1.0,0.0,1.0,0.0,0.0,0.0,0.0,1.0,0.0,0.0,1
0.7686567164179104,0.0,-0.6075971405650279,0.004190115336842385,0.0,0.0,0.0,0.0,1.0,1.0,0.0,0.0,0.0,0.0,0.0,1.0,0.0,0
-0.43656716417910446,2.0,3.488464304680498,-0.8391333988844059,-1.0,1.0,0.0,1.0,0.0,1.0,0.0,0.0,0.0,0.0,0.0,1.0,0.0,1
-0.664179104477612,0.0,-0.08930640314862344,-0.8214131525221693,-1.0,0.0,0.0,0.0,1.0,0.0,0.0,1.0,0.0,0.0,0.0,1.0,0.0,0
1.2201492537313432,0.5,-0.41364907927262695,-0.21363356390658536,1.0,1.0,0.0,1.0,0.0,1.0,0.0,0.0,0.0,0.0,1.0,0.0,0.0,0
0.39552238805970147,-1.0,0.30181519367233917,-0.27173626284687485,1.0,0.0,1.0,0.0,0.0,1.0,0.0,0.0,0.0,0.0,1.0,0.0,0.0,0
0.26865671641791045,-1.0,0.22557021547809025,0.14793146689538814,0.0,0.0,0.0,1.0,0.0,0.0,0.0,1.0,0.0,0.0,0.0,1.0,0.0,0
0.1865671641791045,-1.0,-0.5454608764345623,0.4234284790041092,-1.0,0.0,0.0,1.0,0.0,1.0,0.0,0.0,0.0,0.0,1.0,0.0,0.0,0
-0.40671641791044777,0.5,2.6666308135645687,-0.45319155260335664,0.0,0.0,0.0,1.0,0.0,1.0,0.0,0.0,0.0,0.0,1.0,0.0,0.0,1
-1.242537313432836,-0.5,-0.4594655347850799,0.5413083506564109,0.0,0.0,0.0,1.0,0.0,1.0,0.0,0.0,0.0,0.0,0.0,0.0,1.0,0
0.27238805970149255,-0.5,-0.06253840742708536,-0.02478634077142844,3.0,0.0,0.0,1.0,0.0,0.0,0.0,1.0,0.0,0.0,1.0,0.0,0.0,1
0.022388059701492536,-0.5,0.7889843819980416,0.3559877953577619,0.0,0.0,0.0,1.0,0.0,1.0,0.0,0.0,0.0,0.0,1.0,0.0,0.0,0
0.44776119402985076,-1.0,-0.4694655515741384,-0.905474933056075,0.0,0.0,0.0,1.0,0.0,1.0,0.0,0.0,0.0,0.0,0.0,1.0,0.0,0
0.1044776119402985,2.5,-0.6000783823291682,0.22182285376450522,0.0,1.0,0.0,1.0,0.0,0.0,0.0,1.0,0.0,0.0,0.0,1.0,0.0,1
1.126865671641791,1.5,-0.4283305021418503,0.27486128742558996,1.0,0.0,0.0,1.0,0.0,1.0,0.0,0.0,0.0,0.0,1.0,0.0,0.0,1
0.022388059701492536,-0.5,1.4864321879973976,0.6727870146113697,2.0,0.0,0.0,1.0,0.0,0.0,0.0,0.0,1.0,0.0,1.0,0.0,0.0,1
-0.3582089552238806,0.5,0.6648684576550409,0.038993468166983715,2.0,0.0,0.0,1.0,0.0,0.0,1.0,0.0,0.0,0.0,0.0,0.0,1.0,1
-0.4925373134328358,1.0,-0.2931838851745548,-0.5366099095597516,2.0,1.0,0.0,0.0,1.0,0.0,0.0,1.0,0.0,0.0,0.0,0.0,1.0,1
1.5671641791044777,0.0,0.28250965346739704,1.7206757969526445,1.0,0.0,0.0,1.0,0.0,1.0,0.0,0.0,0.0,0.0,1.0,0.0,0.0,1
-0.6007462686567164,0.0,1.513248612071976,0.5165771993929094,0.0,1.0,0.0,1.0,0.0,0.0,0.0,1.0,0.0,0.0,0.0,1.0,0.0,0
-0.48507462686567165,-0.5,-0.37392235794905493,0.5004734630190918,0.0,0.0,0.0,0.0,1.0,0.0,0.0,1.0,0.0,0.0,1.0,0.0,0.0,0
0.5783582089552238,0.5,0.5395347113488685,-0.39065703207233116,3.0,1.0,0.0,1.0,0.0,0.0,0.0,1.0,0.0,0.0,1.0,0.0,0.0,1
-1.421641791044776,1.0,1.9576866905427484,0.637856044779279,0.0,0.0,0.0,0.0,1.0,0.0,1.0,0.0,0.0,0.0,1.0,0.0,0.0,0
-0.13805970149253732,0.0,0.6351849198911291,0.5664998512546406,0.0,0.0,0.0,1.0,0.0,0.0,0.0,1.0,0.0,0.0,1.0,0.0,0.0,0
-0.1828358208955224,1.0,2.063154293358787,-0.9157855494100506,2.0,0.0,0.0,1.0,0.0,1.0,0.0,0.0,0.0,0.0,0.0,1.0,0.0,1
0.5634328358208955,-0.5,1.6112418276406684,-0.030378588501649848,1.0,0.0,0.0,1.0,0.0,0.0,0.0,1.0,0.0,0.0,0.0,1.0,0.0,0
0.3694029850746269,-1.0,-0.05246789923497381,-1.0693196078992746,1.0,0.0,0.0,1.0,0.0,0.0,1.0,0.0,0.0,0.0,0.0,1.0,0.0,0
-0.1417910447761194,0.5,-0.48521900077099667,-0.7316765508318908,0.0,0.0,1.0,0.0,0.0,0.0,0.0,1.0,0.0,0.0,1.0,0.0,0.0,1
-0.5932835820895522,0.0,-0.33850410954250537,0.5492928286767828,1.0,0.0,0.0,1.0,0.0,1.0,0.0,0.0,0.0,0.0,1.0,0.0,0.0,0
0.23134328358208955,0.5,-0.30546646034131014,-0.7934931166868195,-1.0,0.0,0.0,1.0,0.0,0.0,1.0,0.0,0.0,0.0,0.0,1.0,0.0,0
1.5708955223880596,0.5,-0.207810191727916,-0.6157763121861756,0.0,0.0,0.0,0.0,1.0,1.0,0.0,0.0,0.0,0.0,0.0,1.0,0.0,0
-0.13432835820895522,-1.0,-0.5029666893306269,0.8821063029184409,0.0,0.0,0.0,0.0,1.0,1.0,0.0,0.0,0.0,0.0,1.0,0.0,0.0,0
0.4216417910447761,-1.5,-0.14839951489673112,-0.11363456090194528,1.0,0.0,0.0,1.0,0.0,1.0,0.0,0.0,0.0,0.0,0.0,0.0,1.0,0
0.6791044776119403,-0.5,-0.1576810146366472,-0.1283101406192699,0.0,0.0,0.0,0.0,1.0,0.0,0.0,1.0,0.0,0.0,1.0,0.0,0.0,0
-0.41044776119402987,0.0,-0.31468961159742204,0.0726077025992966,2.0,0.0,0.0,1.0,0.0,1.0,0.0,0.0,0.0,0.0,0.0,1.0,0.0,1
0.7164179104477612,1.5,-0.034341133583225956,0.623332420029802,-1.0,0.0,0.0,1.0,0.0,1.0,0.0,0.0,0.0,0.0,0.0,0.0,1.0,1
0.5223880597014925,-1.5,-0.2236332973349929,1.305296746905452,0.0,0.0,0.0,0.0,1.0,1.0,0.0,0.0,0.0,0.0,0.0,1.0,0.0,1
0.6194029850746269,-1.5,1.2726750094089594,0.6475455415839516,0.0,1.0,0.0,1.0,0.0,1.0,0.0,0.0,0.0,0.0,1.0,0.0,0.0,1
-1.4776119402985075,0.0,-0.0653284859345057,-0.3290783474519426,1.0,0.0,0.0,1.0,0.0,0.0,0.0,0.0,0.0,1.0,0.0,1.0,0.0,1
-0.2537313432835821,1.5,-0.1784651264443871,1.1425484853045094,-1.0,1.0,1.0,0.0,0.0,0.0,0.0,0.0,1.0,0.0,0.0,0.0,1.0,1
-1.0,0.0,-0.06443406810214448,0.9373468676931617,1.0,0.0,0.0,0.0,1.0,0.0,0.0,1.0,0.0,0.0,1.0,0.0,0.0,0
-0.2835820895522388,0.0,0.8598564741991622,0.6539952684775475,3.0,0.0,0.0,1.0,0.0,0.0,0.0,1.0,0.0,0.0,0.0,0.0,1.0,1
-0.4701492537313433,-1.5,0.055916273544785365,0.6164275247908907,1.0,0.0,1.0,0.0,0.0,0.0,0.0,0.0,0.0,1.0,1.0,0.0,0.0,0
-0.48134328358208955,-0.5,0.1415991831999676,-0.3007085876617888,1.0,0.0,0.0,1.0,0.0,1.0,0.0,0.0,0.0,0.0,0.0,1.0,0.0,0
-0.5186567164179104,-1.5,2.3829490308620045,0.15178819594820855,0.0,0.0,0.0,1.0,0.0,1.0,0.0,0.0,0.0,0.0,1.0,0.0,0.0,1
0.13805970149253732,0.5,-0.24242438141135314,0.8619365255417526,2.0,0.0,0.0,0.0,1.0,0.0,0.0,1.0,0.0,0.0,1.0,0.0,0.0,1
1.1492537313432836,-1.5,2.0522204541364997,-0.5282791961975173,2.0,0.0,0.0,1.0,0.0,0.0,0.0,1.0,0.0,0.0,1.0,0.0,0.0,1
-0.2873134328358209,1.5,0.3422970247459861,1.5954232209752155,2.0,0.0,0.0,1.0,0.0,0.0,0.0,0.0,1.0,0.0,0.0,1.0,0.0,1
-0.06343283582089553,-0.5,-0.3070666017367855,0.10867469631939361,0.0,0.0,0.0,1.0,0.0,0.0,0.0,1.0,0.0,0.0,0.0,0.0,1.0,1
-0.39552238805970147,-1.0,-0.2794717707807117,-0.3576468852572319,1.0,0.0,0.0,1.0,0.0,0.0,0.0,1.0,0.0,0.0,0.0,1.0,0.0,0
0.6007462686567164,0.5,0.011252374556871662,0.06338768388685675,0.0,0.0,0.0,1.0,0.0,0.0,0.0,1.0,0.0,0.0,1.0,0.0,0.0,0
-0.9029850746268657,1.5,0.16076564196663054,0.1783642183611526,0.0,0.0,0.0,1.0,0.0,0.0,0.0,0.0,0.0,1.0,0.0,0.0,1.0,1
-0.03731343283582089,1.0,-0.12034387570468832,0.13929618466638302,0.0,0.0,0.0,1.0,0.0,0.0,0.0,1.0,0.0,0.0,1.0,0.0,0.0,0
0.20522388059701493,-1.5,0.12115500215741701,-0.7271535768208424,0.0,0.0,0.0,1.0,0.0,0.0,0.0,0.0,0.0,1.0,1.0,0.0,0.0,0
0.03731343283582089,1.5,0.08119513509380909,-0.4912563576195164,-1.0,0.0,0.0,0.0,1.0,1.0,0.0,0.0,0.0,0.0,0.0,1.0,0.0,1
0.23507462686567165,0.5,-0.2742517742010213,0.7690207274573514,0.0,0.0,0.0,0.0,1.0,1.0,0.0,0.0,0.0,0.0,0.0,1.0,0.0,0
-0.022388059701492536,0.0,-0.2323896431440228,-0.1919296349989477,0.0,0.0,0.0,1.0,0.0,0.0,1.0,0.0,0.0,0.0,1.0,0.0,0.0,1
0.664179104477612,0.0,2.3897669123483904,1.6967819553355878,1.0,1.0,0.0,0.0,1.0,1.0,0.0,0.0,0.0,0.0,0.0,0.0,1.0,1
-0.1455223880597015,0.0,-0.5000215667065717,0.1213680743378832,0.0,0.0,0.0,0.0,1.0,0.0,1.0,0.0,0.0,0.0,1.0,0.0,0.0,0
1.257462686567164,2.0,-0.2227920397754367,0.1955935110057836,-1.0,1.0,1.0,0.0,0.0,0.0,0.0,1.0,0.0,0.0,0.0,1.0,0.0,1
-1.3582089552238805,-1.0,-0.5490716875309902,-0.585799472589401,0.0,0.0,0.0,0.0,1.0,0.0,1.0,0.0,0.0,0.0,0.0,1.0,0.0,0
-1.0746268656716418,1.0,-0.32122494214680797,0.5000067246560359,-1.0,0.0,0.0,1.0,0.0,0.0,0.0,1.0,0.0,0.0,1.0,0.0,0.0,1
0.8544776119402985,1.5,1.0682957441834695,-0.754065486789093,0.0,0.0,0.0,1.0,0.0,1.0,0.0,0.0,0.0,0.0,0.0,0.0,1.0,1
0.8097014925373134,0.0,0.022616865406523096,-0.8934525216758601,0.0,0.0,0.0,0.0,1.0,0.0,0.0,1.0,0.0,0.0,0.0,1.0,0.0,0
-0.1865671641791045,-1.5,-0.4212148324465923,-0.9039363923759992,-1.0,0.0,0.0,1.0,0.0,0.0,0.0,1.0,0.0,0.0,0.0,0.0,1.0,0
0.832089552238806,1.0,0.3549281022103241,-1.0693196078992746,1.0,0.0,0.0,1.0,0.0,1.0,0.0,0.0,0.0,0.0,1.0,0.0,0.0,0
-1.6194029850746268,0.0,0.6981923437188818,0.04355550250927825,0.0,0.0,0.0,1.0,0.0,1.0,0.0,0.0,0.0,0.0,0.0,1.0,0.0,0
0.018656716417910446,-1.0,-0.33364032538836186,0.8637657621915118,1.0,0.0,0.0,0.0,1.0,1.0,0.0,0.0,0.0,0.0,1.0,0.0,0.0,0
1.3880597014925373,-0.5,-0.43062846712028185,1.0976318901460373,1.0,0.0,0.0,1.0,0.0,0.0,0.0,0.0,0.0,1.0,0.0,0.0,1.0,1
-0.3917910447761194,-1.0,0.015244048751741112,0.6922264139407782,1.0,0.0,0.0,1.0,0.0,1.0,0.0,0.0,0.0,0.0,0.0,1.0,0.0,0
-0.5111940298507462,0.5,1.5403192592573456,-0.0009028212850242226,1.0,1.0,0.0,1.0,0.0,1.0,0.0,0.0,0.0,0.0,1.0,0.0,0.0,1
-1.1753731343283582,0.5,0.36819316277796865,0.19664265982898413,1.0,0.0,0.0,0.0,1.0,0.0,0.0,0.0,1.0,0.0,0.0,1.0,0.0,0
-0.7350746268656716,-1.0,0.5950500430210013,1.3656959233087194,1.0,0.0,0.0,0.0,1.0,1.0,0.0,0.0,0.0,0.0,1.0,0.0,0.0,1
-1.2835820895522387,-1.5,0.387148234354504,-1.0693196078992746,0.0,0.0,0.0,0.0,1.0,1.0,0.0,0.0,0.0,0.0,0.0,0.0,1.0,0
1.007462686567164,1.0,-0.042808684556289764,-0.5958972700290556,0.0,0.0,0.0,1.0,0.0,0.0,0.0,1.0,0.0,0.0,1.0,0.0,0.0,0
-0.07462686567164178,1.0,1.04005464367551,0.17672309045362183,1.0,1.0,0.0,1.0,0.0,0.0,1.0,0.0,0.0,0.0,0.0,0.0,1.0,0
0.39925373134328357,0.0,3.0554179024484367,-0.8603385503699108,3.0,0.0,0.0,1.0,0.0,1.0,0.0,0.0,0.0,0.0,1.0,0.0,0.0,1
-0.2873134328358209,2.0,-0.3823269935664239,-0.016793363289825246,1.0,0.0,0.0,1.0,0.0,1.0,0.0,0.0,0.0,0.0,1.0,0.0,0.0,1
-0.014925373134328358,-1.5,-0.3257299363762675,-0.5006590125981519,-1.0,1.0,0.0,1.0,0.0,0.0,0.0,1.0,0.0,0.0,1.0,0.0,0.0,1
0.6567164179104478,0.0,0.8573769104236546,0.9125145025983348,2.0,0.0,0.0,1.0,0.0,1.0,0.0,0.0,0.0,0.0,0.0,1.0,0.0,1
0.34328358208955223,0.0,-0.3391751994282786,-0.5502855757448077,-1.0,1.0,0.0,1.0,0.0,1.0,0.0,0.0,0.0,0.0,1.0,0.0,0.0,0
0.5597014925373134,0.5,1.2052195940890176,-0.9012152878715376,1.0,0.0,0.0,1.0,0.0,1.0,0.0,0.0,0.0,0.0,0.0,0.0,1.0,0
1.4365671641791045,0.0,1.1810514853387917,-0.2220149657993274,1.0,1.0,0.0,0.0,1.0,1.0,0.0,0.0,0.0,0.0,1.0,0.0,0.0,0
-1.0559701492537314,0.5,-0.30258680242003005,0.8304183382817534,-1.0,0.0,0.0,0.0,1.0,0.0,1.0,0.0,0.0,0.0,0.0,1.0,0.0,0
0.22014925373134328,1.0,0.9360740249131332,0.6092687070134967,1.0,0.0,1.0,0.0,0.0,1.0,0.0,0.0,0.0,0.0,0.0,0.0,1.0,0
-0.04477611940298507,-0.5,-0.5684428848262459,-0.28803104472587576,2.0,0.0,0.0,0.0,1.0,1.0,0.0,0.0,0.0,0.0,0.0,1.0,0.0,1
0.2835820895522388,0.5,-0.134089864921738,-0.004882075025606264,-1.0,0.0,0.0,1.0,0.0,0.0,0.0,0.0,0.0,1.0,1.0,0.0,0.0,1
0.31716417910447764,1.0,0.14189252156590942,-0.4726325321487358,0.0,0.0,0.0,1.0,0.0,1.0,0.0,0.0,0.0,0.0,1.0,0.0,0.0,0
1.5298507462686568,-1.0,-0.39045964792954724,-0.05122285136641315,2.0,0.0,0.0,1.0,0.0,1.0,0.0,0.0,0.0,0.0,0.0,0.0,1.0,1
0.7126865671641791,-0.5,0.026897011669175096,-0.1546975850090206,0.0,1.0,0.0,1.0,0.0,1.0,0.0,0.0,0.0,0.0,1.0,0.0,0.0,0
0.31343283582089554,-0.5,0.32846020444169094,0.7498151040695997,0.0,0.0,0.0,1.0,0.0,1.0,0.0,0.0,0.0,0.0,1.0,0.0,0.0,0
0.6082089552238806,1.0,-0.09250020784366822,1.7206757969526445,0.0,0.0,0.0,1.0,0.0,1.0,0.0,0.0,0.0,0.0,1.0,0.0,0.0,1
-0.5186567164179104,0.0,-0.15769522314425286,0.3084805775485877,2.0,0.0,0.0,1.0,0.0,1.0,0.0,0.0,0.0,0.0,1.0,0.0,0.0,1
-0.7126865671641791,0.0,0.5963616849592718,-0.05878507475766193,1.0,0.0,0.0,1.0,0.0,0.0,0.0,0.0,1.0,0.0,1.0,0.0,0.0,0
1.1492537313432836,-1.0,0.22310999003986304,-0.3458744392318184,0.0,0.0,0.0,1.0,0.0,0.0,1.0,0.0,0.0,0.0,0.0,1.0,0.0,0
-0.2798507462686567,1.0,3.488464304680498,-0.5542779462042301,1.0,0.0,1.0,0.0,0.0,1.0,0.0,0.0,0.0,0.0,1.0,0.0,0.0,0
0.22761194029850745,-0.5,-0.5546359742498834,0.5603607009912979,0.0,0.0,0.0,1.0,0.0,1.0,0.0,0.0,0.0,0.0,1.0,0.0,0.0,0
-0.05223880597014925,1.0,-0.38464204880809366,0.5927811582262829,-1.0,0.0,1.0,0.0,0.0,0.0,0.0,1.0,0.0,0.0,1.0,0.0,0.0,0
-0.6156716417910447,0.0,-0.5804565521161542,0.6796195817058311,0.0,0.0,0.0,1.0,0.0,0.0,0.0,1.0,0.0,0.0,1.0,0.0,0.0,0
1.25,-1.0,-0.05410373078224473,-0.10051073806266408,0.0,0.0,0.0,1.0,0.0,1.0,0.0,0.0,0.0,0.0,1.0,0.0,0.0,0
1.541044776119403,-1.0,0.31188392539696236,-0.08479290643779476,1.0,0.0,0.0,1.0,0.0,0.0,1.0,0.0,0.0,0.0,1.0,0.0,0.0,0
1.4850746268656716,-1.5,-0.3660269947928232,0.30351845167250674,1.0,0.0,0.0,1.0,0.0,1.0,0.0,0.0,0.0,0.0,0.0,1.0,0.0,0
-1.5820895522388059,-1.0,1.1242692500569587,0.7937256099992128,1.0,0.0,0.0,1.0,0.0,1.0,0.0,0.0,0.0,0.0,1.0,0.0,0.0,0
-0.07462686567164178,2.5,1.700629916198918,-0.11381156540743177,1.0,0.0,0.0,1.0,0.0,1.0,0.0,0.0,0.0,0.0,1.0,0.0,0.0,1
-0.11194029850746269,0.0,1.781561518713295,-0.8633596067499502,3.0,0.0,0.0,1.0,0.0,1.0,0.0,0.0,0.0,0.0,1.0,0.0,0.0,1
-0.9776119402985075,0.0,2.5442888130508208,0.26734598954351396,1.0,0.0,0.0,1.0,0.0,0.0,0.0,1.0,0.0,0.0,0.0,1.0,0.0,1
-0.30223880597014924,0.0,0.23827712185517266,-0.12663085385789308,0.0,0.0,0.0,1.0,0.0,1.0,0.0,0.0,0.0,0.0,1.0,0.0,0.0,1
-0.19776119402985073,0.0,0.05120990471580025,0.594614719714593,1.0,0.0,0.0,0.0,1.0,1.0,0.0,0.0,0.0,0.0,1.0,0.0,0.0,0
-0.9813432835820896,0.0,-0.5558410043820272,-0.2632047145104154,1.0,0.0,0.0,0.0,1.0,1.0,0.0,0.0,0.0,0.0,1.0,0.0,0.0,0
1.7682089552238844,0.0,-0.3878797989324424,-1.0693196078992746,0.0,0.0,0.0,1.0,0.0,0.0,1.0,0.0,0.0,0.0,1.0,0.0,0.0,0
-0.15671641791044777,-0.5,-0.12954420803525132,0.8415481519141854,1.0,0.0,0.0,0.0,1.0,1.0,0.0,0.0,0.0,0.0,1.0,0.0,0.0,0
-0.6940298507462687,-0.5,-0.23896149223517305,-0.6187390779045491,-1.0,0.0,0.0,1.0,0.0,0.0,1.0,0.0,0.0,0.0,1.0,0.0,0.0,0
0.7649253731343284,0.5,0.9346879183109702,1.4584142646993605,2.0,0.0,0.0,1.0,0.0,1.0,0.0,0.0,0.0,0.0,1.0,0.0,0.0,1
-0.44402985074626866,-0.5,0.5250117413719554,0.44046904878410004,0.0,0.0,0.0,1.0,0.0,1.0,0.0,0.0,0.0,0.0,1.0,0.0,0.0,0
0.1044776119402985,0.0,-0.24255515542979267,0.3185456708255267,1.0,0.0,0.0,0.0,1.0,0.0,1.0,0.0,0.0,0.0,0.0,1.0,0.0,1
0.8171641791044776,-0.5,-0.35817322420725045,1.1350567889720633,1.0,0.0,1.0,0.0,0.0,0.0,0.0,0.0,0.0,1.0,1.0,0.0,0.0,1
0.19776119402985073,-1.5,-0.5517224423596925,0.49391371946329166,1.0,0.0,0.0,0.0,1.0,0.0,1.0,0.0,0.0,0.0,0.0,0.0,1.0,0
-1.1156716417910448,-1.5,-0.10869277038562924,-0.7729276065730889,0.0,0.0,0.0,1.0,0.0,1.0,0.0,0.0,0.0,0.0,0.0,0.0,1.0,0
0.14925373134328357,-1.5,-0.6096373983884498,-0.8344851683393316,-1.0,0.0,0.0,1.0,0.0,1.0,0.0,0.0,0.0,0.0,1.0,0.0,0.0,0
0.7985074626865671,-1.0,0.27235789191642573,0.9345901468747869,1.0,0.0,0.0,0.0,1.0,1.0,0.0,0.0,0.0,0.0,0.0,1.0,0.0,0
-1.3917910447761195,0.0,-0.4079864807550897,0.04159719701613063,0.0,1.0,1.0,0.0,0.0,0.0,1.0,0.0,0.0,0.0,1.0,0.0,0.0,0
-0.5970149253731343,2.0,-0.6033276907121631,-0.9764681391695611,1.0,0.0,0.0,0.0,1.0,1.0,0.0,0.0,0.0,0.0,0.0,1.0,0.0,1
0.8843283582089553,0.0,0.3696471351604226,0.6448671247484495,-1.0,0.0,0.0,1.0,0.0,1.0,0.0,0.0,0.0,0.0,0.0,0.0,1.0,0
-0.8992537313432836,1.5,0.25995924787318525,-0.4497709802261374,3.0,0.0,0.0,1.0,0.0,0.0,1.0,0.0,0.0,0.0,0.0,1.0,0.0,1
-0.332089552238806,0.5,-0.41424923327139196,0.25095337235505377,3.0,0.0,0.0,1.0,0.0,0.0,1.0,0.0,0.0,0.0,1.0,0.0,0.0,1
1.0223880597014925,-1.5,0.4624023051965448,-0.7818698000741069,0.0,0.0,0.0,1.0,0.0,0.0,1.0,0.0,0.0,0.0,0.0,0.0,1.0,0
0.5597014925373134,1.0,0.614608402951122,-0.25585617961009266,2.0,0.0,0.0,1.0,0.0,0.0,0.0,0.0,0.0,1.0,0.0,1.0,0.0,1
-0.6082089552238806,1.5,-0.050057220225429834,0.30761432510895015,0.0,0.0,0.0,1.0,0.0,1.0,0.0,0.0,0.0,0.0,0.0,0.0,1.0,1
0.22761194029850745,1.0,3.488464304680498,-0.7889064897282099,2.0,1.0,0.0,1.0,0.0,1.0,0.0,0.0,0.0,0.0,1.0,0.0,0.0,1
-0.8656716417910447,0.5,-0.3263344294670805,-0.01474168187895115,1.0,1.0,0.0,1.0,0.0,0.0,0.0,0.0,1.0,0.0,0.0,0.0,1.0,1
0.6567164179104478,0.0,-0.37713283308281265,0.8688223387764651,-1.0,0.0,0.0,1.0,0.0,1.0,0.0,0.0,0.0,0.0,1.0,0.0,0.0,0
1.7201492537313432,-0.5,-0.011174014281011701,-0.746072172484444,0.0,0.0,0.0,1.0,0.0,1.0,0.0,0.0,0.0,0.0,0.0,0.0,1.0,0
0.3917910447761194,-1.5,2.7891147498618336,-0.14567860399709034,1.0,0.0,0.0,1.0,0.0,1.0,0.0,0.0,0.0,0.0,0.0,1.0,0.0,0
0.4962686567164179,-1.0,-0.5530531990347037,1.3187717431842845,1.0,1.0,0.0,1.0,0.0,1.0,0.0,0.0,0.0,0.0,0.0,1.0,0.0,1
0.03731343283582089,1.0,-0.5761419822485638,0.5480789368183998,0.0,0.0,0.0,1.0,0.0,0.0,1.0,0.0,0.0,0.0,1.0,0.0,0.0,0
-0.6529850746268657,0.0,1.5197949926454335,-0.07261499461812922,0.0,0.0,0.0,1.0,0.0,1.0,0.0,0.0,0.0,0.0,1.0,0.0,0.0,0
0.4664179104477612,0.5,-0.1784669176804245,-0.43615041149043515,1.0,0.0,0.0,1.0,0.0,1.0,0.0,0.0,0.0,0.0,1.0,0.0,0.0,0
-0.03731343283582089,1.0,-0.5635204424082609,0.1960371522967571,1.0,0.0,1.0,0.0,0.0,1.0,0.0,0.0,0.0,0.0,1.0,0.0,0.0,0
-0.35447761194029853,-1.5,0.6157964894319436,-0.8265812162673833,0.0,0.0,0.0,1.0,0.0,0.0,1.0,0.0,0.0,0.0,1.0,0.0,0.0,0
-0.23880597014925373,-0.5,-0.44600857428195234,-0.4010526075017385,1.0,0.0,0.0,0.0,1.0,1.0,0.0,0.0,0.0,0.0,0.0,0.0,1.0,0
0.7089552238805971,-0.5,-0.34463976067325863,0.45057869441707976,0.0,0.0,0.0,1.0,0.0,1.0,0.0,0.0,0.0,0.0,0.0,0.0,1.0,0
0.667910447761194,-1.0,-0.6217278394225659,-0.10181832010019133,2.0,0.0,0.0,1.0,0.0,1.0,0.0,0.0,0.0,0.0,0.0,1.0,0.0,1
0.24253731343283583,0.5,1.0504780893892616,0.2588275345111782,0.0,1.0,0.0,1.0,0.0,1.0,0.0,0.0,0.0,0.0,1.0,0.0,0.0,0
-0.029850746268656716,-1.0,0.601038256909387,0.2827520292276582,2.0,0.0,1.0,0.0,0.0,1.0,0.0,0.0,0.0,0.0,0.0,1.0,0.0,1
-0.2835820895522388,0.0,0.19348405594360957,-0.447698383533441,1.0,0.0,0.0,1.0,0.0,1.0,0.0,0.0,0.0,0.0,0.0,1.0,0.0,0
-1.507462686567164,-0.5,1.0968323175266605,0.45090966090891627,0.0,1.0,0.0,1.0,0.0,1.0,0.0,0.0,0.0,0.0,1.0,0.0,0.0,0
-0.1828358208955224,0.0,-0.49337136007912463,0.6438250685926812,0.0,0.0,0.0,0.0,1.0,1.0,0.0,0.0,0.0,0.0,0.0,0.0,1.0,0
-0.44776119402985076,0.0,0.5410027559812549,0.49818309779101216,-1.0,1.0,0.0,1.0,0.0,0.0,0.0,0.0,1.0,0.0,1.0,0.0,0.0,0
-0.13059701492537312,-0.5,0.5943464331209498,0.15249853005490277,0.0,0.0,0.0,1.0,0.0,1.0,0.0,0.0,0.0,0.0,1.0,0.0,0.0,0
1.7682089552238844,-0.5,1.2769479454405444,0.7041695657412771,0.0,0.0,0.0,0.0,1.0,0.0,1.0,0.0,0.0,0.0,0.0,0.0,1.0,0
-0.5335820895522388,0.5,-0.5163453217381888,0.6710242067002014,-1.0,0.0,0.0,1.0,0.0,1.0,0.0,0.0,0.0,0.0,0.0,0.0,1.0,0
-0.8134328358208955,0.5,0.16225401084392013,0.3781774664593354,1.0,0.0,0.0,0.0,1.0,0.0,1.0,0.0,0.0,0.0,0.0,1.0,0.0,0
-0.75,-1.0,0.437180288066073,-0.7957274233629756,1.0,1.0,0.0,1.0,0.0,1.0,0.0,0.0,0.0,0.0,1.0,0.0,0.0,0
-0.1865671641791045,-0.5,-0.09844682785067155,0.43569589268192266,1.0,0.0,0.0,1.0,0.0,1.0,0.0,0.0,0.0,0.0,0.0,1.0,0.0,0
1.7682089552238844,2.0,-0.6192094402918635,-0.9961160918283242,-1.0,0.0,0.0,0.0,1.0,1.0,0.0,0.0,0.0,0.0,0.0,1.0,0.0,1
0.041044776119402986,0.0,-0.5059099791404842,0.3662542310979659,0.0,0.0,0.0,1.0,0.0,1.0,0.0,0.0,0.0,0.0,0.0,1.0,0.0,0
-0.7388059701492538,0.0,0.5436254996617581,0.30074063596606326,-1.0,0.0,0.0,1.0,0.0,1.0,0.0,0.0,0.0,0.0,0.0,0.0,1.0,0
-0.3582089552238806,0.0,-0.6091269557620437,-0.8913879392710055,0.0,0.0,0.0,0.0,1.0,0.0,0.0,1.0,0.0,0.0,0.0,0.0,1.0,0
1.123134328358209,-1.0,0.5490422754214651,-0.9713857613619106,0.0,0.0,0.0,1.0,0.0,0.0,1.0,0.0,0.0,0.0,0.0,1.0,0.0,0
-0.16791044776119404,0.0,0.35026872197685294,0.7442520506919911,1.0,0.0,0.0,0.0,1.0,1.0,0.0,0.0,0.0,0.0,1.0,0.0,0.0,0
-0.1455223880597015,1.0,0.07258955378392537,0.017755586997993716,1.0,0.0,0.0,1.0,0.0,1.0,0.0,0.0,0.0,0.0,1.0,0.0,0.0,0
0.1791044776119403,0.5,-0.5866698905938764,-0.9799889301669206,1.0,0.0,1.0,0.0,0.0,1.0,0.0,0.0,0.0,0.0,1.0,0.0,0.0,0
-0.7089552238805971,0.5,0.18142943454450125,-0.4767474110275015,1.0,1.0,0.0,0.0,1.0,1.0,0.0,0.0,0.0,0.0,1.0,0.0,0.0,0
0.7611940298507462,1.5,-0.16315473625447346,0.43000083647824794,1.0,0.0,0.0,1.0,0.0,1.0,0.0,0.0,0.0,0.0,1.0,0.0,0.0,1
-0.6791044776119403,0.5,0.557229087226837,0.8379038415906797,1.0,1.0,0.0,1.0,0.0,1.0,0.0,0.0,0.0,0.0,1.0,0.0,0.0,0
-1.6082089552238805,-1.0,0.274592900695885,0.5529063344422014,0.0,0.0,0.0,1.0,0.0,0.0,0.0,1.0,0.0,0.0,0.0,1.0,0.0,0
1.0335820895522387,0.5,1.5243937729444446,0.8907421587177577,1.0,1.0,0.0,1.0,0.0,1.0,0.0,0.0,0.0,0.0,0.0,1.0,0.0,0
0.11194029850746269,1.5,0.05014483941399188,0.20142297114993227,2.0,0.0,0.0,1.0,0.0,1.0,0.0,0.0,0.0,0.0,1.0,0.0,0.0,1
-0.9440298507462687,2.5,1.350681471875339,-0.2935282093445148,0.0,0.0,0.0,1.0,0.0,1.0,0.0,0.0,0.0,0.0,0.0,1.0,0.0,1
0.5708955223880597,-0.5,-0.30546272466021746,-0.19393611275698244,1.0,0.0,0.0,1.0,0.0,1.0,0.0,0.0,0.0,0.0,1.0,0.0,0.0,0
-1.0037313432835822,0.0,0.08279072843987301,0.7623134486956931,1.0,0.0,0.0,1.0,0.0,0.0,1.0,0.0,0.0,0.0,1.0,0.0,0.0,0
0.8805970149253731,1.5,-0.5051602124324912,0.8425735635935511,0.0,1.0,0.0,1.0,0.0,1.0,0.0,0.0,0.0,0.0,1.0,0.0,0.0,1
0.5074626865671642,0.0,0.22705338771286804,0.05170317885993587,2.0,0.0,0.0,1.0,0.0,1.0,0.0,0.0,0.0,0.0,1.0,0.0,0.0,1
-1.5186567164179106,1.5,-0.4179512967351588,-0.2800382006926462,2.0,0.0,1.0,0.0,0.0,1.0,0.0,0.0,0.0,0.0,0.0,0.0,1.0,1
-0.6380597014925373,0.5,-0.3918801007069428,-0.8088751671154004,0.0,0.0,0.0,1.0,0.0,0.0,0.0,1.0,0.0,0.0,1.0,0.0,0.0,0
0.1044776119402985,-0.5,-0.23102740108003653,-0.28694174277983603,1.0,0.0,0.0,0.0,1.0,1.0,0.0,0.0,0.0,0.0,0.0,0.0,1.0,1
1.242537313432836,0.5,1.516260270080853,0.2661403761583345,2.0,0.0,0.0,1.0,0.0,1.0,0.0,0.0,0.0,0.0,1.0,0.0,0.0,1
0.20149253731343283,-0.5,0.33940385402558554,-0.6843368515243661,1.0,0.0,0.0,1.0,0.0,0.0,0.0,1.0,0.0,0.0,0.0,0.0,1.0,0
0.22761194029850745,0.0,-0.16154032361831205,-0.7828679308234454,3.0,0.0,0.0,0.0,1.0,1.0,0.0,0.0,0.0,0.0,1.0,0.0,0.0,1
-1.0149253731343284,-0.5,-0.34147554057036944,0.8788524969793328,-1.0,0.0,0.0,1.0,0.0,0.0,1.0,0.0,0.0,0.0,0.0,1.0,0.0,1
-0.44029850746268656,-0.5,-0.4212368523611774,0.35520220095469934,-1.0,0.0,0.0,1.0,0.0,1.0,0.0,0.0,0.0,0.0,0.0,0.0,1.0,0
-0.022388059701492536,0.5,0.44417002829445723,0.03707414796423103,1.0,0.0,0.0,0.0,1.0,0.0,1.0,0.0,0.0,0.0,0.0,0.0,1.0,0
0.09701492537313433,-1.5,-0.31057475180642685,1.217380075763493,1.0,1.0,0.0,1.0,0.0,1.0,0.0,0.0,0.0,0.0,0.0,1.0,0.0,1
0.12313432835820895,0.5,1.1710537960739387,1.3255734979158944,0.0,0.0,0.0,1.0,0.0,0.0,1.0,0.0,0.0,0.0,1.0,0.0,0.0,1
0.1455223880597015,2.0,1.948305752736967,-0.8573816052939432,0.0,0.0,0.0,1.0,0.0,0.0,0.0,1.0,0.0,0.0,0.0,0.0,1.0,1
-0.011194029850746268,0.5,0.8088399387344176,1.7206757969526445,0.0,1.0,0.0,1.0,0.0,0.0,1.0,0.0,0.0,0.0,0.0,0.0,1.0,1
1.0597014925373134,0.0,0.12793042713789915,-0.02388658967008775,1.0,0.0,0.0,1.0,0.0,1.0,0.0,0.0,0.0,0.0,1.0,0.0,0.0,0
-0.8992537313432836,-1.5,-0.6023855699924633,-0.9906246030499843,1.0,0.0,0.0,1.0,0.0,1.0,0.0,0.0,0.0,0.0,0.0,1.0,0.0,0
-1.208955223880597,-1.0,1.2736408346290364,0.8795034146128794,1.0,0.0,0.0,0.0,1.0,0.0,0.0,0.0,0.0,1.0,1.0,0.0,0.0,0
-0.6268656716417911,-1.0,-0.2558756583341614,-0.7983148033034276,3.0,0.0,0.0,1.0,0.0,1.0,0.0,0.0,0.0,0.0,1.0,0.0,0.0,1
-1.007462686567164,1.0,-0.38543863190523375,0.38659735520366806,-1.0,1.0,0.0,0.0,1.0,0.0,1.0,0.0,0.0,0.0,0.0,1.0,0.0,0
0.9738805970149254,0.5,0.3173138751092107,-1.0346468100984385,1.0,1.0,0.0,1.0,0.0,0.0,0.0,0.0,1.0,0.0,1.0,0.0,0.0,1
0.029850746268656716,2.0,-0.3058004872519195,-0.2407237839723649,1.0,0.0,0.0,1.0,0.0,0.0,1.0,0.0,0.0,0.0,0.0,1.0,0.0,1
0.7313432835820896,0.0,1.1774116776450216,1.0763370133224421,0.0,0.0,0.0,1.0,0.0,1.0,0.0,0.0,0.0,0.0,1.0,0.0,0.0,0
0.011194029850746268,1.5,0.5981340056334278,-0.3372994062475765,1.0,0.0,0.0,1.0,0.0,0.0,0.0,1.0,0.0,0.0,0.0,1.0,0.0,1
0.12313432835820895,0.0,3.488464304680498,1.5060637431792856,1.0,0.0,0.0,1.0,0.0,1.0,0.0,0.0,0.0,0.0,0.0,0.0,1.0,1
1.2201492537313432,2.0,1.0136595144876577,0.26238386059495367,2.0,1.0,0.0,1.0,0.0,0.0,1.0,0.0,0.0,0.0,1.0,0.0,0.0,1
1.291044776119403,1.0,-0.6062072009811196,-0.37403434293020477,-1.0,0.0,0.0,0.0,1.0,0.0,0.0,1.0,0.0,0.0,1.0,0.0,0.0,0
1.1977611940298507,-1.5,1.5219090908936892,0.022170633507051403,1.0,0.0,0.0,1.0,0.0,0.0,0.0,1.0,0.0,0.0,0.0,1.0,0.0,0
-0.19029850746268656,-0.5,-0.3359032953488207,-0.9341312992728172,-1.0,1.0,0.0,0.0,1.0,0.0,0.0,1.0,0.0,0.0,1.0,0.0,0.0,0
0.8992537313432836,-1.0,-0.1817200932812171,0.399365170287875,3.0,0.0,0.0,0.0,1.0,1.0,0.0,0.0,0.0,0.0,0.0,0.0,1.0,1
0.5447761194029851,1.0,-0.4638803162589719,-0.11304808734814721,2.0,0.0,0.0,1.0,0.0,0.0,0.0,1.0,0.0,0.0,1.0,0.0,0.0,1
-0.2947761194029851,-1.5,-0.14698675792658555,0.31150425522879627,1.0,0.0,1.0,0.0,0.0,0.0,1.0,0.0,0.0,0.0,1.0,0.0,0.0,0
0.9552238805970149,-1.5,-0.31364810786352976,1.0767542687010292,0.0,1.0,0.0,0.0,1.0,0.0,1.0,0.0,0.0,0.0,1.0,0.0,0.0,0
0.5223880597014925,2.5,-0.058924111621146955,1.4298932105484614,-1.0,0.0,0.0,1.0,0.0,1.0,0.0,0.0,0.0,0.0,1.0,0.0,0.0,1
0.9402985074626866,0.0,0.7866869482100607,-0.3549570191306092,-1.0,0.0,0.0,1.0,0.0,1.0,0.0,0.0,0.0,0.0,1.0,0.0,0.0,0
-0.1828358208955224,-1.0,0.6579815792889742,0.42459059686059636,1.0,1.0,0.0,1.0,0.0,1.0,0.0,0.0,0.0,0.0,1.0,0.0,0.0,0
-0.6268656716417911,0.5,2.2026244267639976,1.4592460203772786,1.0,0.0,0.0,1.0,0.0,0.0,0.0,0.0,1.0,0.0,1.0,0.0,0.0,1
0.4701492537313433,0.5,-0.06835962043104085,0.7636894603186724,3.0,0.0,0.0,1.0,0.0,1.0,0.0,0.0,0.0,0.0,1.0,0.0,0.0,1
0.1417910447761194,-1.0,1.5499872818320024,-0.8334554427647622,0.0,0.0,0.0,0.0,1.0,0.0,1.0,0.0,0.0,0.0,0.0,1.0,0.0,0
-0.05970149253731343,-0.5,-0.5123270791154403,0.7253356495894693,3.0,0.0,0.0,1.0,0.0,1.0,0.0,0.0,0.0,0.0,1.0,0.0,0.0,1
0.16791044776119404,0.0,-0.5916055684538396,0.32667262275713693,0.0,0.0,0.0,0.0,1.0,1.0,0.0,0.0,0.0,0.0,0.0,1.0,0.0,0
-0.9888059701492538,-1.5,1.5267728221917882,0.9311198330829448,0.0,0.0,0.0,0.0,1.0,0.0,0.0,0.0,0.0,1.0,0.0,1.0,0.0,0
0.026119402985074626,-1.0,-0.5162171547706516,0.06934669319504351,1.0,0.0,0.0,1.0,0.0,1.0,0.0,0.0,0.0,0.0,1.0,0.0,0.0,1
-0.26119402985074625,-0.5,-0.4084213397611081,-0.1525446289393538,0.0,0.0,0.0,0.0,1.0,1.0,0.0,0.0,0.0,0.0,1.0,0.0,0.0,0
-0.018656716417910446,-1.5,3.488464304680498,0.4258418252127805,0.0,0.0,0.0,0.0,1.0,0.0,0.0,0.0,0.0,1.0,0.0,1.0,0.0,0
0.1044776119402985,-0.5,-0.47810555406813077,-0.5740405231085752,0.0,0.0,0.0,1.0,0.0,0.0,0.0,1.0,0.0,0.0,0.0,0.0,1.0,0
0.746268656716418,0.0,-0.1370514095507919,-0.7082324421525295,1.0,0.0,0.0,1.0,0.0,1.0,0.0,0.0,0.0,0.0,1.0,0.0,0.0,1
-0.9328358208955224,1.0,0.5011360467405809,-0.1359455997490445,1.0,0.0,0.0,1.0,0.0,1.0,0.0,0.0,0.0,0.0,1.0,0.0,0.0,0
0.376865671641791,-1.0,0.3198575424613869,-0.733661668340792,1.0,1.0,0.0,1.0,0.0,1.0,0.0,0.0,0.0,0.0,0.0,0.0,1.0,0
-0.16791044776119404,0.5,-0.43036231881693743,0.47329057469800084,1.0,0.0,0.0,1.0,0.0,0.0,0.0,1.0,0.0,0.0,1.0,0.0,0.0,0
-0.4701492537313433,0.0,-0.5428773516023889,-0.3581609108726795,2.0,0.0,0.0,1.0,0.0,0.0,0.0,0.0,0.0,1.0,0.0,1.0,0.0,1
-0.23507462686567165,-1.0,0.0010737386662403802,-0.48266727295878453,2.0,0.0,1.0,0.0,0.0,0.0,0.0,1.0,0.0,0.0,0.0,1.0,0.0,1
-0.6082089552238806,0.5,0.02892148129907853,-0.42695471448123085,-1.0,0.0,0.0,0.0,1.0,1.0,0.0,0.0,0.0,0.0,1.0,0.0,0.0,0
0.7798507462686567,-1.5,-0.4573067504388466,-0.3005510597786607,0.0,0.0,0.0,1.0,0.0,0.0,0.0,1.0,0.0,0.0,0.0,0.0,1.0,0
-0.47388059701492535,1.5,2.1378234055648626,0.13212434592851244,0.0,0.0,0.0,0.0,1.0,1.0,0.0,0.0,0.0,0.0,1.0,0.0,0.0,1
-0.12686567164179105,0.5,0.5008000373530945,-0.17372869352834644,0.0,0.0,0.0,1.0,0.0,0.0,0.0,0.0,1.0,0.0,0.0,1.0,0.0,0
1.4440298507462686,-0.5,-0.02465121683084974,0.9236344586220453,-1.0,0.0,0.0,1.0,0.0,0.0,1.0,0.0,0.0,0.0,1.0,0.0,0.0,0
-1.4850746268656716,-0.5,-0.3761350610096267,-0.4483538117202133,-1.0,0.0,0.0,0.0,1.0,1.0,0.0,0.0,0.0,0.0,0.0,0.0,1.0,0
-1.6194029850746268,-0.5,1.3081572608639396,0.8506679577991515,0.0,1.0,0.0,1.0,0.0,0.0,1.0,0.0,0.0,0.0,0.0,1.0,0.0,0
0.022388059701492536,0.0,0.0939358286850333,-0.21576352357689807,1.0,0.0,0.0,0.0,1.0,1.0,0.0,0.0,0.0,0.0,1.0,0.0,0.0,0
-1.1082089552238805,-1.0,1.9741176809343293,-0.8361797227771854,-1.0,0.0,0.0,1.0,0.0,1.0,0.0,0.0,0.0,0.0,0.0,1.0,0.0,0
0.5,1.0,-0.4632500162972464,-0.9089685928659297,0.0,0.0,0.0,1.0,0.0,0.0,0.0,0.0,0.0,1.0,0.0,1.0,0.0,1
0.4216417910447761,0.0,0.25233449474107034,-0.5940478213114121,-1.0,0.0,0.0,1.0,0.0,0.0,0.0,1.0,0.0,0.0,1.0,0.0,0.0,0
0.014925373134328358,-1.5,-0.11587305311528712,-0.7875173601185197,0.0,1.0,0.0,1.0,0.0,0.0,0.0,0.0,1.0,0.0,0.0,0.0,1.0,0
0.8395522388059702,0.0,1.1280874017075928,-0.8640914437549708,0.0,0.0,0.0,1.0,0.0,0.0,1.0,0.0,0.0,0.0,1.0,0.0,0.0,0
1.7388059701492538,0.5,0.0552546139104949,0.11563328602976725,0.0,0.0,0.0,1.0,0.0,0.0,0.0,1.0,0.0,0.0,0.0,1.0,0.0,1
0.34701492537313433,0.5,0.5021907996156428,-1.0693196078992746,2.0,0.0,0.0,1.0,0.0,0.0,1.0,0.0,0.0,0.0,0.0,1.0,0.0,1
0.7835820895522388,2.0,-0.3623052532018162,0.6950087062249406,0.0,0.0,0.0,1.0,0.0,1.0,0.0,0.0,0.0,0.0,0.0,0.0,1.0,1
-0.13432835820895522,0.0,0.0031136877603671906,0.48150229931475413,0.0,0.0,0.0,0.0,1.0,0.0,0.0,1.0,0.0,0.0,1.0,0.0,0.0,0
0.7276119402985075,-1.0,0.5214587216536135,0.07337315324266597,0.0,0.0,1.0,0.0,0.0,1.0,0.0,0.0,0.0,0.0,0.0,0.0,1.0,0
0.7611940298507462,-1.5,0.0850690144869312,0.37545737454597666,0.0,0.0,0.0,0.0,1.0,1.0,0.0,0.0,0.0,0.0,0.0,0.0,1.0,0
0.7761194029850746,0.0,-0.5560303041190913,-0.6977806396525484,0.0,0.0,0.0,1.0,0.0,0.0,0.0,1.0,0.0,0.0,0.0,1.0,0.0,0
0.6417910447761194,1.0,-0.28629902449588646,-0.8514060579886618,0.0,0.0,0.0,1.0,0.0,1.0,0.0,0.0,0.0,0.0,1.0,0.0,0.0,1
-0.7126865671641791,-0.5,-0.2903034595658315,-0.495795089483977,1.0,0.0,0.0,0.0,1.0,1.0,0.0,0.0,0.0,0.0,1.0,0.0,0.0,0
-1.1791044776119404,0.5,1.9713822491866153,0.5408329101456713,2.0,0.0,0.0,1.0,0.0,0.0,1.0,0.0,0.0,0.0,0.0,1.0,0.0,1
-0.40298507462686567,-0.5,0.42980281485399074,-0.5080779581106136,1.0,0.0,0.0,1.0,0.0,0.0,1.0,0.0,0.0,0.0,1.0,0.0,0.0,0
-0.17164179104477612,0.5,0.7447769053532776,-0.4243956655968336,-1.0,0.0,0.0,0.0,1.0,1.0,0.0,0.0,0.0,0.0,0.0,0.0,1.0,0
-0.7014925373134329,0.0,-0.41799523644535586,0.665034291156509,1.0,0.0,0.0,0.0,1.0,1.0,0.0,0.0,0.0,0.0,0.0,0.0,1.0,0
-0.5074626865671642,0.5,0.5101707648460306,-0.16697343317273203,0.0,1.0,0.0,1.0,0.0,0.0,0.0,1.0,0.0,0.0,1.0,0.0,0.0,0
0.22014925373134328,-1.0,-0.5443135455749004,0.3207934648097166,-1.0,1.0,1.0,0.0,0.0,1.0,0.0,0.0,0.0,0.0,0.0,0.0,1.0,0
-0.17537313432835822,-0.5,-0.5290631981229832,0.30120612734152075,0.0,0.0,0.0,0.0,1.0,0.0,0.0,1.0,0.0,0.0,0.0,1.0,0.0,1
0.26119402985074625,0.5,0.6718862277266586,-0.904635952678666,-1.0,0.0,0.0,1.0,0.0,1.0,0.0,0.0,0.0,0.0,0.0,0.0,1.0,0
-0.20522388059701493,-0.5,-0.17614746803479558,0.05152330869948874,1.0,0.0,0.0,0.0,1.0,1.0,0.0,0.0,0.0,0.0,0.0,1.0,0.0,1
0.12686567164179105,-0.5,-0.17008049707762252,0.33883490451471265,0.0,0.0,0.0,1.0,0.0,0.0,0.0,1.0,0.0,0.0,1.0,0.0,0.0,1
0.8134328358208955,0.0,0.21238735153144564,0.8543271696142584,-1.0,0.0,0.0,1.0,0.0,1.0,0.0,0.0,0.0,0.0,0.0,1.0,0.0,0
-0.1828358208955224,2.5,1.6128819926796572,0.7082045752755645,1.0,0.0,0.0,1.0,0.0,1.0,0.0,0.0,0.0,0.0,0.0,1.0,0.0,1
-0.3208955223880597,0.5,1.3264760062308587,0.5098582170600693,2.0,0.0,0.0,0.0,1.0,1.0,0.0,0.0,0.0,0.0,0.0,1.0,0.0,1
-0.26865671641791045,-0.5,-0.5748514645197046,-0.8357694926618995,-1.0,0.0,0.0,0.0,1.0,0.0,0.0,1.0,0.0,0.0,1.0,0.0,0.0,0
-0.6417910447761194,0.0,-0.44973963837733694,0.52790464204951,0.0,0.0,0.0,1.0,0.0,1.0,0.0,0.0,0.0,0.0,1.0,0.0,0.0,0
-1.5335820895522387,-1.0,2.174179099563979,-0.08980897881512716,2.0,0.0,0.0,0.0,1.0,0.0,0.0,1.0,0.0,0.0,1.0,0.0,0.0,1
-0.26119402985074625,0.0,-0.08693771435980319,-0.6034208315125464,1.0,0.0,0.0,0.0,1.0,0.0,0.0,1.0,0.0,0.0,1.0,0.0,0.0,0
-0.13805970149253732,0.5,0.047866254190328424,-0.012831829411929917,0.0,0.0,0.0,1.0,0.0,0.0,1.0,0.0,0.0,0.0,1.0,0.0,0.0,0
-0.12313432835820895,-0.5,2.834958056497751,0.5718501165303994,1.0,0.0,0.0,0.0,1.0,0.0,0.0,1.0,0.0,0.0,1.0,0.0,0.0,0
-0.25,-1.0,-0.39154977727289647,-0.22322976645365905,2.0,0.0,0.0,0.0,1.0,0.0,0.0,0.0,0.0,1.0,0.0,1.0,0.0,1
0.17164179104477612,-0.5,-0.0009486812414300893,-0.04089586545237616,-1.0,0.0,0.0,1.0,0.0,0.0,0.0,1.0,0.0,0.0,1.0,0.0,0.0,0
-0.1828358208955224,0.0,-0.5748003623949344,1.375974689873962,2.0,0.0,0.0,0.0,1.0,1.0,0.0,0.0,0.0,0.0,0.0,0.0,1.0,1
-1.3694029850746268,2.5,-0.405874891417273,0.2247112003504759,1.0,0.0,0.0,1.0,0.0,1.0,0.0,0.0,0.0,0.0,1.0,0.0,0.0,1
1.4067164179104477,0.5,1.5369861790313653,-0.07775607398196975,0.0,0.0,0.0,1.0,0.0,0.0,1.0,0.0,0.0,0.0,1.0,0.0,0.0,0
-0.13432835820895522,2.5,0.5628153206011746,-0.10110677580864534,0.0,0.0,0.0,0.0,1.0,1.0,0.0,0.0,0.0,0.0,1.0,0.0,0.0,1
-0.8805970149253731,-1.5,-0.5529792036217944,-0.6341151903128781,-1.0,0.0,0.0,1.0,0.0,0.0,1.0,0.0,0.0,0.0,1.0,0.0,0.0,1
-0.23507462686567165,0.0,0.1471596205115342,-0.23809559347181608,2.0,0.0,0.0,1.0,0.0,0.0,0.0,0.0,1.0,0.0,1.0,0.0,0.0,1
0.14925373134328357,-1.0,1.536260699108911,-0.6763649003552821,1.0,0.0,0.0,1.0,0.0,1.0,0.0,0.0,0.0,0.0,0.0,1.0,0.0,0
0.6492537313432836,-0.5,0.47531497420117147,0.5844786076390968,2.0,0.0,0.0,1.0,0.0,1.0,0.0,0.0,0.0,0.0,1.0,0.0,0.0,1
-0.29850746268656714,-1.5,-0.4902994108882074,0.8750439260951789,-1.0,0.0,0.0,1.0,0.0,0.0,0.0,0.0,1.0,0.0,0.0,1.0,0.0,0
0.8059701492537313,-1.5,-0.5367200027339758,-0.6513392385091735,1.0,0.0,0.0,1.0,0.0,1.0,0.0,0.0,0.0,0.0,0.0,1.0,0.0,1
1.0111940298507462,0.0,1.7542427993580945,-0.9780319683087662,-1.0,0.0,0.0,1.0,0.0,0.0,0.0,1.0,0.0,0.0,0.0,1.0,0.0,0
0.13059701492537312,0.0,0.5100235989821073,1.091062267831246,1.0,0.0,0.0,1.0,0.0,0.0,0.0,0.0,1.0,0.0,1.0,0.0,0.0,1
0.5970149253731343,-0.5,-0.5900124293545369,0.7902355271499628,1.0,1.0,1.0,0.0,0.0,0.0,0.0,0.0,0.0,1.0,1.0,0.0,0.0,0
0.43283582089552236,-1.5,-0.07718160312156438,0.3656719636555692,-1.0,0.0,0.0,1.0,0.0,0.0,0.0,1.0,0.0,0.0,0.0,1.0,0.0,1
-0.12313432835820895,0.5,0.055971899829568766,0.5894165210727736,1.0,1.0,0.0,1.0,0.0,0.0,0.0,1.0,0.0,0.0,0.0,0.0,1.0,1
0.47761194029850745,-0.5,-0.43816844817775447,-0.939991742973529,0.0,0.0,0.0,1.0,0.0,0.0,0.0,1.0,0.0,0.0,0.0,0.0,1.0,0
0.5298507462686567,1.0,-0.0339174740150596,-0.16863096450119683,1.0,1.0,0.0,1.0,0.0,1.0,0.0,0.0,0.0,0.0,0.0,1.0,0.0,0
0.6268656716417911,0.0,-0.27458534642666166,-0.9554820400411334,1.0,0.0,0.0,0.0,1.0,1.0,0.0,0.0,0.0,0.0,1.0,0.0,0.0,0
0.09701492537313433,0.5,0.9338471250781133,0.7605222114399895,2.0,0.0,0.0,1.0,0.0,0.0,0.0,1.0,0.0,0.0,1.0,0.0,0.0,1
-0.022388059701492536,1.5,0.4048988000888374,0.3380977425345033,0.0,1.0,0.0,1.0,0.0,0.0,0.0,0.0,0.0,1.0,0.0,0.0,1.0,1
-0.08955223880597014,0.5,-0.2964012933431023,-0.6822887562113336,1.0,0.0,0.0,1.0,0.0,1.0,0.0,0.0,0.0,0.0,1.0,0.0,0.0,0
-0.3358208955223881,0.5,0.633159148314454,-0.4740550344250551,-1.0,0.0,0.0,1.0,0.0,0.0,0.0,1.0,0.0,0.0,0.0,1.0,0.0,1
0.04477611940298507,-1.0,-0.5941431516231421,-0.4007396034575674,-1.0,0.0,0.0,1.0,0.0,1.0,0.0,0.0,0.0,0.0,1.0,0.0,0.0,0
-0.48507462686567165,1.5,-0.45880775398143636,0.872246509673611,0.0,0.0,1.0,0.0,0.0,0.0,1.0,0.0,0.0,0.0,0.0,1.0,0.0,1
1.5895522388059702,0.0,-0.4719108408062573,-0.07507335797838739,2.0,0.0,0.0,1.0,0.0,0.0,0.0,1.0,0.0,0.0,0.0,1.0,0.0,1
0.6716417910447762,0.5,0.3470459886990936,0.553133108581226,-1.0,0.0,0.0,1.0,0.0,1.0,0.0,0.0,0.0,0.0,1.0,0.0,0.0,0
-1.462686567164179,-1.0,0.4815340993287613,0.9528636241129582,2.0,0.0,0.0,1.0,0.0,0.0,0.0,1.0,0.0,0.0,1.0,0.0,0.0,1
-1.3619402985074627,1.0,-0.5915404356873043,0.06984932048122425,-1.0,0.0,0.0,1.0,0.0,1.0,0.0,0.0,0.0,0.0,1.0,0.0,0.0,0
0.029850746268656716,1.5,-0.5747374988735181,0.4502571433093715,1.0,0.0,0.0,0.0,1.0,1.0,0.0,0.0,0.0,0.0,1.0,0.0,0.0,1
-0.19776119402985073,-1.0,0.4614808725756526,1.7206757969526445,1.0,0.0,0.0,1.0,0.0,0.0,1.0,0.0,0.0,0.0,1.0,0.0,0.0,1
0.29850746268656714,-0.5,0.6304098206530194,-0.9337474414138984,2.0,0.0,0.0,1.0,0.0,1.0,0.0,0.0,0.0,0.0,0.0,0.0,1.0,1
0.503731343283582,1.0,0.8593329079042333,1.085474314483173,1.0,1.0,0.0,1.0,0.0,0.0,0.0,1.0,0.0,0.0,1.0,0.0,0.0,1
-0.5708955223880597,2.0,0.614147279405581,-0.037376935992467615,2.0,0.0,0.0,0.0,1.0,0.0,0.0,1.0,0.0,0.0,0.0,0.0,1.0,1
0.20149253731343283,0.0,-0.03521973361719196,-0.2995525819462108,-1.0,0.0,0.0,1.0,0.0,1.0,0.0,0.0,0.0,0.0,0.0,1.0,0.0,0
-0.06716417910447761,-1.5,1.3683570407994052,-0.8350608407141615,2.0,0.0,0.0,0.0,1.0,1.0,0.0,0.0,0.0,0.0,0.0,0.0,1.0,1
0.029850746268656716,0.0,0.3588496326750545,-1.026453075756879,-1.0,0.0,0.0,1.0,0.0,1.0,0.0,0.0,0.0,0.0,1.0,0.0,0.0,0
0.43283582089552236,-1.0,1.0629030927356653,-0.07338853256190168,0.0,0.0,0.0,0.0,1.0,0.0,0.0,1.0,0.0,0.0,1.0,0.0,0.0,0
1.3059701492537314,0.0,-0.25945568842325284,-0.7189730380549594,2.0,0.0,0.0,0.0,1.0,0.0,0.0,1.0,0.0,0.0,0.0,1.0,0.0,1
0.4216417910447761,1.0,-0.33103026595794904,0.22180136286115637,-1.0,0.0,0.0,1.0,0.0,0.0,0.0,1.0,0.0,0.0,0.0,1.0,0.0,0
-0.44029850746268656,-1.5,-0.2917448298264269,0.09825247223966717,2.0,0.0,0.0,1.0,0.0,1.0,0.0,0.0,0.0,0.0,1.0,0.0,0.0,1
-1.0746268656716418,1.5,-0.43671345457423966,-0.6913937841755874,1.0,0.0,0.0,1.0,0.0,0.0,1.0,0.0,0.0,0.0,0.0,0.0,1.0,1
0.8208955223880597,-1.5,-0.4468020678003501,0.42247756047411095,0.0,0.0,0.0,0.0,1.0,1.0,0.0,0.0,0.0,0.0,0.0,1.0,0.0,0
0.3694029850746269,0.0,-0.4642159496992855,-0.8458605107961279,-1.0,0.0,0.0,1.0,0.0,1.0,0.0,0.0,0.0,0.0,0.0,1.0,0.0,1
0.029850746268656716,1.0,0.7950886891166883,-0.18550544648524273,2.0,0.0,0.0,1.0,0.0,0.0,1.0,0.0,0.0,0.0,0.0,0.0,1.0,1
0.5074626865671642,1.0,-0.3627990885242945,-0.6646494153651117,3.0,0.0,0.0,1.0,0.0,1.0,0.0,0.0,0.0,0.0,1.0,0.0,0.0,1
0.29850746268656714,-0.5,-0.2772366313462682,1.1498307963711583,1.0,0.0,0.0,1.0,0.0,1.0,0.0,0.0,0.0,0.0,0.0,0.0,1.0,1
1.0223880597014925,0.0,-0.6141197379216545,0.7982726417333855,1.0,0.0,1.0,0.0,0.0,1.0,0.0,0.0,0.0,0.0,0.0,0.0,1.0,0
-0.6156716417910447,1.5,-0.30288668687942755,-0.5208671926957348,2.0,0.0,0.0,1.0,0.0,1.0,0.0,0.0,0.0,0.0,1.0,0.0,0.0,1
0.23507462686567165,-0.5,-0.33359484241802173,0.3210098971592639,1.0,0.0,0.0,0.0,1.0,1.0,0.0,0.0,0.0,0.0,1.0,0.0,0.0,0
-0.06343283582089553,-0.5,0.08853251054987728,-0.6278320128167157,-1.0,0.0,0.0,1.0,0.0,0.0,1.0,0.0,0.0,0.0,1.0,0.0,0.0,0
0.2947761194029851,-1.5,1.5770721638314222,0.4120447745479606,1.0,0.0,0.0,1.0,0.0,1.0,0.0,0.0,0.0,0.0,1.0,0.0,0.0,0
-1.6194029850746268,-1.5,-0.44552269071889133,-0.39518245291362164,1.0,0.0,0.0,1.0,0.0,1.0,0.0,0.0,0.0,0.0,1.0,0.0,0.0,0
-0.7910447761194029,0.0,0.12431315308392973,-1.0693196078992746,3.0,0.0,0.0,0.0,1.0,1.0,0.0,0.0,0.0,0.0,0.0,0.0,1.0,1
-0.40671641791044777,0.5,-0.4219404816967917,-0.6343983198653371,-1.0,0.0,0.0,1.0,0.0,1.0,0.0,0.0,0.0,0.0,0.0,0.0,1.0,0
-0.20149253731343283,-0.5,0.8626033308342458,-0.3229795520070319,1.0,1.0,0.0,1.0,0.0,0.0,0.0,1.0,0.0,0.0,1.0,0.0,0.0,0
1.126865671641791,-0.5,0.3244235359886299,-0.16789759639123492,0.0,0.0,0.0,1.0,0.0,0.0,0.0,0.0,1.0,0.0,1.0,0.0,0.0,0
0.47761194029850745,-1.0,0.13363958281532765,-0.7445706359735227,1.0,0.0,0.0,1.0,0.0,1.0,0.0,0.0,0.0,0.0,0.0,1.0,0.0,0
-0.5522388059701493,-0.5,-0.41232209161187533,0.40661217130418936,2.0,0.0,0.0,1.0,0.0,1.0,0.0,0.0,0.0,0.0,1.0,0.0,0.0,1
-0.11194029850746269,1.0,0.22454910326661867,0.10411039948884977,1.0,0.0,0.0,0.0,1.0,1.0,0.0,0.0,0.0,0.0,1.0,0.0,0.0,1
-0.44402985074626866,0.0,-0.46989077519637923,0.16677137311861184,0.0,0.0,0.0,0.0,1.0,1.0,0.0,0.0,0.0,0.0,0.0,1.0,0.0,0
0.8432835820895522,-1.0,-0.5352913902369267,-0.21191952043586046,1.0,0.0,0.0,0.0,1.0,1.0,0.0,0.0,0.0,0.0,0.0,1.0,0.0,0
-0.8470149253731343,-1.5,0.20908687846452187,0.004856796720593769,0.0,0.0,0.0,1.0,0.0,0.0,0.0,0.0,0.0,1.0,0.0,0.0,1.0,0
0.16417910447761194,-1.0,-0.19199234109467483,-0.38551089477520056,0.0,0.0,0.0,1.0,0.0,1.0,0.0,0.0,0.0,0.0,1.0,0.0,0.0,1
0.6119402985074627,1.0,0.19016978069753138,0.11237536834278349,2.0,0.0,0.0,1.0,0.0,1.0,0.0,0.0,0.0,0.0,1.0,0.0,0.0,1
0.48134328358208955,1.0,0.17495953508793372,-0.6517831523312707,2.0,0.0,0.0,1.0,0.0,0.0,0.0,1.0,0.0,0.0,1.0,0.0,0.0,1
-0.08955223880597014,-1.0,-0.24372014986669954,0.6542106601923761,1.0,0.0,0.0,1.0,0.0,0.0,0.0,1.0,0.0,0.0,1.0,0.0,0.0,0
-0.8731343283582089,-0.5,-0.557555815034918,-0.11415384148573263,0.0,0.0,0.0,1.0,0.0,0.0,1.0,0.0,0.0,0.0,1.0,0.0,0.0,0
-1.044776119402985,-1.0,0.6675593575529836,-0.033835990763406903,-1.0,0.0,0.0,1.0,0.0,1.0,0.0,0.0,0.0,0.0,0.0,1.0,0.0,1
-0.44029850746268656,-1.0,0.32165499942036613,-0.1265808546806892,0.0,1.0,0.0,0.0,1.0,0.0,0.0,1.0,0.0,0.0,1.0,0.0,0.0,0
0.7089552238805971,-1.0,-0.6017771796101509,0.18847912425032554,1.0,0.0,0.0,0.0,1.0,1.0,0.0,0.0,0.0,0.0,0.0,1.0,0.0,0
-0.048507462686567165,1.0,-0.4362686317197345,0.5647384239732762,1.0,0.0,0.0,1.0,0.0,1.0,0.0,0.0,0.0,0.0,0.0,1.0,0.0,0
0.011194029850746268,1.0,0.12559833036304857,0.5246055324977864,2.0,1.0,0.0,1.0,0.0,0.0,0.0,1.0,0.0,0.0,0.0,1.0,0.0,1
-0.3917910447761194,-0.5,-0.20546041653088404,-0.22872567417697415,-1.0,0.0,0.0,1.0,0.0,1.0,0.0,0.0,0.0,0.0,0.0,0.0,1.0,0
0.9664179104477612,0.5,-0.018654922959808327,-0.5793321623989162,0.0,1.0,0.0,1.0,0.0,0.0,0.0,0.0,1.0,0.0,0.0,0.0,1.0,0
0.20149253731343283,1.5,-0.14806976788279544,1.7206757969526445,2.0,0.0,0.0,0.0,1.0,0.0,0.0,1.0,0.0,0.0,0.0,0.0,1.0,1
0.48507462686567165,-1.0,-0.36592377110870256,-0.9047786446064476,1.0,0.0,1.0,0.0,0.0,1.0,0.0,0.0,0.0,0.0,0.0,0.0,1.0,0
-0.15671641791044777,0.0,1.116536063256663,-0.5201144026918081,0.0,0.0,0.0,1.0,0.0,0.0,0.0,1.0,0.0,0.0,1.0,0.0,0.0,0
0.31343283582089554,0.5,-0.27798097317926795,-0.17392526056774557,0.0,0.0,0.0,1.0,0.0,0.0,0.0,1.0,0.0,0.0,0.0,0.0,1.0,0
-0.4701492537313433,1.0,-0.565847027761112,-0.13217699107214406,1.0,0.0,0.0,1.0,0.0,0.0,1.0,0.0,0.0,0.0,1.0,0.0,0.0,0
0.12686567164179105,-0.5,-0.3409678228653621,0.1238999209205596,2.0,0.0,0.0,0.0,1.0,0.0,0.0,0.0,1.0,0.0,1.0,0.0,0.0,1
0.34701492537313433,-1.0,-0.558842513836156,-0.23141131079516666,0.0,0.0,0.0,1.0,0.0,0.0,1.0,0.0,0.0,0.0,0.0,1.0,0.0,1
-0.22388059701492538,-1.5,0.48634972264940274,-0.05916643316595163,1.0,0.0,0.0,0.0,1.0,0.0,0.0,1.0,0.0,0.0,1.0,0.0,0.0,0
0.1791044776119403,0.5,0.44757966189098836,0.10993926612375181,0.0,0.0,0.0,1.0,0.0,1.0,0.0,0.0,0.0,0.0,1.0,0.0,0.0,0
1.1194029850746268,0.5,-0.4734523535759199,-0.7630232293156836,-1.0,0.0,0.0,1.0,0.0,0.0,0.0,1.0,0.0,0.0,1.0,0.0,0.0,0
-0.7798507462686567,-1.0,0.017307016208813142,-0.009028166603581246,2.0,0.0,0.0,1.0,0.0,1.0,0.0,0.0,0.0,0.0,1.0,0.0,0.0,1
0.40298507462686567,-1.5,1.4866955246765199,-0.22252971456670942,0.0,1.0,1.0,0.0,0.0,0.0,0.0,0.0,0.0,1.0,0.0,0.0,1.0,0
-0.018656716417910446,1.0,0.45423403504983745,0.1670867799092805,3.0,1.0,0.0,1.0,0.0,1.0,0.0,0.0,0.0,0.0,1.0,0.0,0.0,1
0.23134328358208955,1.5,-0.4050137167023779,-0.6363960582924554,0.0,1.0,0.0,1.0,0.0,1.0,0.0,0.0,0.0,0.0,0.0,1.0,0.0,1
-0.7313432835820896,-0.5,-0.0483480277745921,-0.45331132503632343,-1.0,0.0,0.0,1.0,0.0,0.0,0.0,1.0,0.0,0.0,1.0,0.0,0.0,0
-0.19402985074626866,-1.5,-0.5894561339491697,-0.5278961856982265,0.0,0.0,0.0,1.0,0.0,1.0,0.0,0.0,0.0,0.0,0.0,1.0,0.0,0
-0.26492537313432835,-1.0,-0.19037847081142262,1.3998162298239407,3.0,0.0,0.0,1.0,0.0,0.0,0.0,0.0,0.0,1.0,0.0,0.0,1.0,1
-1.0037313432835822,-0.5,0.6252354093285084,0.40983198635520734,1.0,0.0,0.0,1.0,0.0,0.0,0.0,1.0,0.0,0.0,1.0,0.0,0.0,0
-0.6716417910447762,-0.5,0.49957193238552366,0.05228353865752103,0.0,0.0,0.0,1.0,0.0,0.0,0.0,1.0,0.0,0.0,0.0,1.0,0.0,1
-0.8880597014925373,-1.0,0.03388332178015697,-0.7634374621908457,0.0,0.0,0.0,1.0,0.0,1.0,0.0,0.0,0.0,0.0,1.0,0.0,0.0,0
0.2537313432835821,-1.0,0.058386764741315315,-1.0693196078992746,1.0,0.0,1.0,0.0,0.0,1.0,0.0,0.0,0.0,0.0,0.0,0.0,1.0,0
-0.03731343283582089,0.5,0.7297281317743014,-0.7055718290771905,0.0,0.0,0.0,1.0,0.0,1.0,0.0,0.0,0.0,0.0,0.0,1.0,0.0,0
0.6194029850746269,0.5,-0.590187551923225,0.16874634132263588,0.0,0.0,0.0,1.0,0.0,0.0,0.0,1.0,0.0,0.0,1.0,0.0,0.0,0
0.6194029850746269,0.5,-0.05997873571684782,1.0751452593829183,0.0,0.0,0.0,1.0,0.0,0.0,1.0,0.0,0.0,0.0,0.0,0.0,1.0,0
0.9589552238805971,0.5,-0.2982483205165593,0.12157143900757302,1.0,0.0,0.0,1.0,0.0,0.0,0.0,0.0,1.0,0.0,0.0,0.0,1.0,0
0.06716417910447761,0.0,0.48884759981669623,-0.9425861876208576,1.0,0.0,0.0,1.0,0.0,1.0,0.0,0.0,0.0,0.0,1.0,0.0,0.0,0
-0.26492537313432835,-1.0,0.054570426825912184,0.18605694408006104,2.0,0.0,0.0,1.0,0.0,1.0,0.0,0.0,0.0,0.0,0.0,1.0,0.0,1
-0.5783582089552238,1.5,-0.11049183156342586,-0.883363946674333,1.0,0.0,0.0,1.0,0.0,1.0,0.0,0.0,0.0,0.0,1.0,0.0,0.0,1
0.44402985074626866,-0.5,-0.5842660336764633,-0.5462746409186204,0.0,0.0,0.0,1.0,0.0,0.0,1.0,0.0,0.0,0.0,0.0,1.0,0.0,0
-0.23880597014925373,0.0,0.5170839795498573,1.005979029454839,2.0,0.0,0.0,1.0,0.0,1.0,0.0,0.0,0.0,0.0,1.0,0.0,0.0,1
-0.4701492537313433,-0.5,-0.3197015852797844,-0.6452379735367811,1.0,0.0,0.0,0.0,1.0,0.0,0.0,1.0,0.0,0.0,1.0,0.0,0.0,0
1.7682089552238844,-0.5,0.3467358332613956,0.4783146607769319,-1.0,1.0,0.0,1.0,0.0,1.0,0.0,0.0,0.0,0.0,1.0,0.0,0.0,0
0.21641791044776118,1.0,0.16599018875077692,0.3402959006769853,0.0,0.0,0.0,0.0,1.0,1.0,0.0,0.0,0.0,0.0,1.0,0.0,0.0,1
0.8582089552238806,0.5,-0.03409411086231196,-1.0693196078992746,0.0,1.0,0.0,1.0,0.0,1.0,0.0,0.0,0.0,0.0,1.0,0.0,0.0,0
1.2761194029850746,-1.0,1.1057011673226196,0.008345045925551431,-1.0,1.0,0.0,1.0,0.0,0.0,0.0,0.0,0.0,1.0,1.0,0.0,0.0,0
0.3805970149253731,0.0,0.3213436756410744,-0.527882393707678,1.0,0.0,0.0,1.0,0.0,0.0,0.0,0.0,0.0,1.0,1.0,0.0,0.0,1
-0.35447761194029853,0.5,1.2572825072111977,-0.13603694596679836,0.0,0.0,0.0,1.0,0.0,1.0,0.0,0.0,0.0,0.0,0.0,0.0,1.0,0
-0.6343283582089553,2.0,0.17570791644726758,-0.7188116494402256,-1.0,0.0,0.0,0.0,1.0,0.0,0.0,1.0,0.0,0.0,0.0,0.0,1.0,1
-0.5447761194029851,-1.0,-0.39817900000116996,0.36391303378092116,3.0,0.0,1.0,0.0,0.0,1.0,0.0,0.0,0.0,0.0,0.0,1.0,0.0,1
-1.2014925373134329,2.0,-0.4253474611260165,0.6209949626259226,1.0,1.0,0.0,1.0,0.0,1.0,0.0,0.0,0.0,0.0,1.0,0.0,0.0,1
0.11940298507462686,0.5,-0.3634479062314577,0.08501722859274805,0.0,0.0,0.0,1.0,0.0,1.0,0.0,0.0,0.0,0.0,1.0,0.0,0.0,1
-1.4029850746268657,1.0,-0.569462284585109,-0.5862716613103957,0.0,1.0,0.0,1.0,0.0,1.0,0.0,0.0,0.0,0.0,0.0,1.0,0.0,0
1.1828358208955223,0.0,0.12482437815748001,-0.32680967868518723,2.0,0.0,0.0,1.0,0.0,0.0,0.0,1.0,0.0,0.0,0.0,1.0,0.0,1
-0.5746268656716418,1.5,0.9802364930888189,0.7665806636667548,1.0,0.0,0.0,1.0,0.0,1.0,0.0,0.0,0.0,0.0,0.0,1.0,0.0,1
1.4328358208955223,2.5,-0.544744429430945,0.825907343336919,-1.0,0.0,0.0,1.0,0.0,0.0,0.0,1.0,0.0,0.0,0.0,0.0,1.0,1
1.3619402985074627,-1.5,0.1976396583718265,1.6966902701175366,0.0,0.0,0.0,1.0,0.0,0.0,0.0,1.0,0.0,0.0,1.0,0.0,0.0,1
1.537313432835821,1.0,0.43915936896308844,0.6452043493584688,1.0,0.0,0.0,1.0,0.0,1.0,0.0,0.0,0.0,0.0,0.0,0.0,1.0,0
0.5671641791044776,-1.0,-0.19074300252721002,0.8197117044959122,2.0,0.0,0.0,0.0,1.0,1.0,0.0,0.0,0.0,0.0,0.0,1.0,0.0,1
-0.3656716417910448,2.5,-0.25881162473634167,-0.6951596055112097,-1.0,0.0,0.0,1.0,0.0,1.0,0.0,0.0,0.0,0.0,0.0,0.0,1.0,1
-1.6194029850746268,-0.5,-0.521174311104863,1.2715836503106608,-1.0,0.0,0.0,1.0,0.0,1.0,0.0,0.0,0.0,0.0,1.0,0.0,0.0,1
-0.041044776119402986,1.0,-0.508480688882599,0.3888793839824758,-1.0,0.0,0.0,1.0,0.0,0.0,0.0,1.0,0.0,0.0,1.0,0.0,0.0,0
1.085820895522388,0.0,0.5080390453440624,-0.5989144144396948,0.0,1.0,0.0,1.0,0.0,0.0,1.0,0.0,0.0,0.0,1.0,0.0,0.0,0
-0.376865671641791,1.5,-0.5458038930624448,0.8014449215895424,0.0,0.0,0.0,1.0,0.0,0.0,1.0,0.0,0.0,0.0,1.0,0.0,0.0,1
0.10074626865671642,1.5,0.3965337197865224,-0.5241276214596249,-1.0,0.0,0.0,1.0,0.0,0.0,0.0,1.0,0.0,0.0,0.0,1.0,0.0,1
0.6044776119402985,0.5,-0.2576725618053216,-0.1370777773858177,0.0,0.0,0.0,1.0,0.0,1.0,0.0,0.0,0.0,0.0,0.0,0.0,1.0,0
-0.4664179104477612,1.5,-0.31022496626219154,1.4289519175779637,1.0,0.0,1.0,0.0,0.0,1.0,0.0,0.0,0.0,0.0,1.0,0.0,0.0,1
0.15298507462686567,0.0,-0.4787417083543767,-0.608795866447894,0.0,0.0,0.0,0.0,1.0,1.0,0.0,0.0,0.0,0.0,0.0,1.0,0.0,0
-0.13432835820895522,2.5,-0.5775135567737536,-0.1354044266283764,1.0,0.0,1.0,0.0,0.0,1.0,0.0,0.0,0.0,0.0,0.0,0.0,1.0,1
0.29850746268656714,0.0,-0.6217278394225659,-0.30014979601270664,1.0,0.0,0.0,0.0,1.0,0.0,0.0,1.0,0.0,0.0,0.0,1.0,0.0,0
-0.39925373134328357,2.5,0.10331008114891874,-0.20438253251567634,0.0,0.0,0.0,1.0,0.0,1.0,0.0,0.0,0.0,0.0,1.0,0.0,0.0,1
0.23507462686567165,-1.0,-0.09506153432277525,1.7206757969526445,2.0,0.0,0.0,1.0,0.0,1.0,0.0,0.0,0.0,0.0,1.0,0.0,0.0,1
0.6753731343283582,0.5,-0.06384775793867092,1.1779670430721132,0.0,0.0,0.0,0.0,1.0,1.0,0.0,0.0,0.0,0.0,0.0,0.0,1.0,1
-0.25,-0.5,0.07635795218977051,0.20654711463020592,0.0,0.0,0.0,0.0,1.0,0.0,0.0,0.0,0.0,1.0,0.0,1.0,0.0,0
-1.294776119402985,0.0,0.818425874465196,-0.28863587783213657,1.0,0.0,0.0,1.0,0.0,1.0,0.0,0.0,0.0,0.0,0.0,1.0,0.0,1
0.19402985074626866,0.5,-0.5754891155113877,-0.9371708350573674,1.0,0.0,1.0,0.0,0.0,0.0,0.0,1.0,0.0,0.0,0.0,1.0,0.0,0
-0.22014925373134328,-1.0,-0.20776831956348382,0.592853427620321,3.0,0.0,1.0,0.0,0.0,1.0,0.0,0.0,0.0,0.0,0.0,1.0,0.0,1
0.22761194029850745,1.5,-0.5067547448101005,-0.6975295728414553,-1.0,0.0,0.0,1.0,0.0,0.0,0.0,1.0,0.0,0.0,0.0,0.0,1.0,1
-1.578358208955224,0.5,-0.13860370997997984,-0.794897092001468,0.0,0.0,1.0,0.0,0.0,0.0,1.0,0.0,0.0,0.0,0.0,0.0,1.0,0
-0.8283582089552238,0.5,-0.2361145981301989,0.6406435013609024,0.0,0.0,0.0,0.0,1.0,1.0,0.0,0.0,0.0,0.0,0.0,0.0,1.0,0
-0.4626865671641791,1.0,0.14994298409277856,-0.1086797371729269,0.0,0.0,1.0,0.0,0.0,1.0,0.0,0.0,0.0,0.0,1.0,0.0,0.0,1
-0.6044776119402985,-1.0,0.0995903734975158,-0.8953502475322106,1.0,0.0,1.0,0.0,0.0,1.0,0.0,0.0,0.0,0.0,0.0,1.0,0.0,0
-0.7201492537313433,0.0,1.321336318992039,0.3672825322586711,0.0,0.0,0.0,1.0,0.0,1.0,0.0,0.0,0.0,0.0,1.0,0.0,0.0,0
0.20522388059701493,1.0,-0.19678920952896303,0.3639344575906259,1.0,0.0,0.0,1.0,0.0,1.0,0.0,0.0,0.0,0.0,1.0,0.0,0.0,0
0.16791044776119404,0.5,-0.5195683470186334,-0.11658000527377678,2.0,0.0,0.0,0.0,1.0,0.0,0.0,1.0,0.0,0.0,0.0,0.0,1.0,1
-0.9626865671641791,-1.5,0.6868926484266422,-0.3962515853108812,1.0,0.0,0.0,1.0,0.0,1.0,0.0,0.0,0.0,0.0,0.0,0.0,1.0,0
-0.8246268656716418,0.0,-0.5648307907495769,1.4457507122000348,0.0,0.0,0.0,0.0,1.0,0.0,0.0,1.0,0.0,0.0,0.0,1.0,0.0,1
-0.39552238805970147,0.0,1.0272134454148567,-0.23651963812978963,-1.0,1.0,0.0,1.0,0.0,1.0,0.0,0.0,0.0,0.0,1.0,0.0,0.0,0
-0.018656716417910446,0.0,1.501702102439916,0.22248052768820167,1.0,0.0,0.0,1.0,0.0,1.0,0.0,0.0,0.0,0.0,0.0,0.0,1.0,0
-0.5634328358208955,1.5,-0.42479083734212464,0.43553178775025153,1.0,0.0,0.0,1.0,0.0,0.0,1.0,0.0,0.0,0.0,0.0,0.0,1.0,1
-0.16044776119402984,-0.5,0.39096700432685605,-0.8715513271908397,-1.0,0.0,0.0,1.0,0.0,0.0,1.0,0.0,0.0,0.0,1.0,0.0,0.0,0
-0.27238805970149255,1.0,-0.10157046035398756,0.8103230637230077,0.0,0.0,0.0,0.0,1.0,0.0,1.0,0.0,0.0,0.0,1.0,0.0,0.0,0
-0.21641791044776118,-1.0,-0.35113109334435794,-0.4235231779273388,2.0,0.0,0.0,1.0,0.0,0.0,0.0,1.0,0.0,0.0,0.0,1.0,0.0,1
1.0485074626865671,1.5,-0.3711147982900426,-0.5462398796363527,0.0,0.0,0.0,1.0,0.0,0.0,0.0,1.0,0.0,0.0,1.0,0.0,0.0,1
0.03731343283582089,-1.0,2.296542281077719,-0.11184170730025426,-1.0,0.0,0.0,1.0,0.0,1.0,0.0,0.0,0.0,0.0,0.0,1.0,0.0,0
0.8208955223880597,0.5,0.6239850939926883,0.3372796999847529,0.0,0.0,0.0,0.0,1.0,0.0,0.0,1.0,0.0,0.0,0.0,0.0,1.0,1
-0.27238805970149255,1.0,0.29148255654783256,0.9187552804539453,-1.0,0.0,0.0,1.0,0.0,0.0,0.0,1.0,0.0,0.0,1.0,0.0,0.0,0
0.332089552238806,0.5,-0.25424512787107034,-0.976140783565733,-1.0,0.0,1.0,0.0,0.0,1.0,0.0,0.0,0.0,0.0,0.0,0.0,1.0,0
0.011194029850746268,0.0,1.5184921394960538,1.601991036541533,1.0,0.0,0.0,1.0,0.0,0.0,1.0,0.0,0.0,0.0,0.0,1.0,0.0,1
0.5335820895522388,-0.5,-0.3372890387824853,-0.8534736638246605,0.0,0.0,0.0,1.0,0.0,0.0,0.0,1.0,0.0,0.0,1.0,0.0,0.0,0
1.3619402985074627,1.0,-0.41406091534935485,0.18721686831654458,1.0,1.0,0.0,1.0,0.0,1.0,0.0,0.0,0.0,0.0,0.0,1.0,0.0,0
0.9029850746268657,0.5,-0.5970506427611227,-1.0693196078992746,1.0,0.0,0.0,1.0,0.0,0.0,0.0,1.0,0.0,0.0,0.0,0.0,1.0,0
-0.3805970149253731,0.5,-0.1938812630605177,1.0388057546241474,0.0,0.0,0.0,1.0,0.0,0.0,0.0,1.0,0.0,0.0,0.0,1.0,0.0,0
0.3208955223880597,1.0,0.318189514901662,0.5520973806394308,0.0,0.0,1.0,0.0,0.0,1.0,0.0,0.0,0.0,0.0,0.0,1.0,0.0,0
-0.208955223880597,1.5,0.17499139339821368,-0.617813491604625,3.0,1.0,0.0,1.0,0.0,1.0,0.0,0.0,0.0,0.0,0.0,1.0,0.0,1
0.4962686567164179,-0.5,2.866441017414022,0.07940583795312563,0.0,0.0,0.0,1.0,0.0,1.0,0.0,0.0,0.0,0.0,0.0,1.0,0.0,0
-0.029850746268656716,1.0,-0.18894056106048981,0.04399198133842802,0.0,0.0,0.0,0.0,1.0,0.0,1.0,0.0,0.0,0.0,0.0,0.0,1.0,0
0.5522388059701493,-0.5,-0.5440696030543242,1.0736820762304513,-1.0,0.0,0.0,1.0,0.0,0.0,0.0,1.0,0.0,0.0,1.0,0.0,0.0,0
0.8059701492537313,1.5,0.3715728431508066,1.083229010287515,0.0,0.0,0.0,0.0,1.0,0.0,1.0,0.0,0.0,0.0,0.0,1.0,0.0,1
0.2835820895522388,0.0,-0.016243623618334382,0.0806952404549704,1.0,0.0,0.0,0.0,1.0,0.0,1.0,0.0,0.0,0.0,1.0,0.0,0.0,0
-0.4925373134328358,-1.5,-0.1684254742026845,0.23339119749317563,3.0,0.0,0.0,1.0,0.0,1.0,0.0,0.0,0.0,0.0,0.0,1.0,0.0,1
-0.2947761194029851,0.5,-0.025003106320020497,-0.09697567193767957,-1.0,0.0,1.0,0.0,0.0,1.0,0.0,0.0,0.0,0.0,0.0,1.0,0.0,0
1.3470149253731343,0.5,0.40311321897490615,1.7206757969526445,-1.0,0.0,0.0,1.0,0.0,0.0,0.0,1.0,0.0,0.0,1.0,0.0,0.0,1
0.5410447761194029,0.5,-0.1455879730421241,-0.4073503027746051,0.0,0.0,0.0,1.0,0.0,0.0,0.0,1.0,0.0,0.0,0.0,1.0,0.0,0
0.458955223880597,-1.5,-0.49990611970944954,1.5192281626922015,-1.0,0.0,0.0,1.0,0.0,0.0,0.0,0.0,0.0,1.0,0.0,0.0,1.0,1
-0.17537313432835822,0.0,3.488464304680498,-1.019669956753238,3.0,0.0,0.0,0.0,1.0,0.0,1.0,0.0,0.0,0.0,1.0,0.0,0.0,1
1.2313432835820894,0.0,-0.2950636615596765,0.8983422655952764,0.0,0.0,0.0,0.0,1.0,0.0,0.0,0.0,1.0,0.0,1.0,0.0,0.0,0
-0.10820895522388059,-0.5,1.0414810697468875,-0.5143027554652744,0.0,0.0,0.0,1.0,0.0,0.0,0.0,1.0,0.0,0.0,0.0,1.0,0.0,1
-0.3880597014925373,-0.5,0.9076360764836122,0.6203827099708654,1.0,0.0,0.0,0.0,1.0,0.0,1.0,0.0,0.0,0.0,0.0,1.0,0.0,0
0.15671641791044777,-1.0,-0.5432039014905945,-0.8515566768567067,0.0,0.0,0.0,0.0,1.0,0.0,0.0,0.0,0.0,1.0,1.0,0.0,0.0,0
0.3208955223880597,-0.5,-0.35101779907881314,1.5438572091521467,0.0,0.0,0.0,1.0,0.0,0.0,0.0,1.0,0.0,0.0,0.0,1.0,0.0,1
-0.5485074626865671,2.0,0.010138292321657853,1.4295112144972804,1.0,0.0,0.0,1.0,0.0,0.0,0.0,1.0,0.0,0.0,1.0,0.0,0.0,1
-0.1455223880597015,1.5,2.407042270039555,0.2675550926589945,1.0,1.0,0.0,1.0,0.0,1.0,0.0,0.0,0.0,0.0,1.0,0.0,0.0,1
0.753731343283582,-1.0,0.6346537252043036,-0.9729293177161805,0.0,0.0,0.0,1.0,0.0,1.0,0.0,0.0,0.0,0.0,0.0,1.0,0.0,0
-0.9589552238805971,0.0,0.5735233499442635,-0.15950352197196435,-1.0,0.0,0.0,1.0,0.0,0.0,1.0,0.0,0.0,0.0,0.0,1.0,0.0,0
0.5,-0.5,0.2832288591382671,-0.27414566607939456,-1.0,0.0,0.0,1.0,0.0,1.0,0.0,0.0,0.0,0.0,1.0,0.0,0.0,0
1.3507462686567164,-0.5,0.8449087966812812,-0.3527939351117287,-1.0,0.0,0.0,1.0,0.0,1.0,0.0,0.0,0.0,0.0,0.0,0.0,1.0,0
-1.041044776119403,0.0,-0.5758848694196749,-0.8726806131525424,2.0,1.0,1.0,0.0,0.0,0.0,0.0,1.0,0.0,0.0,0.0,1.0,0.0,1
0.3582089552238806,0.0,-0.496847726551096,-0.8468407215706194,2.0,0.0,0.0,1.0,0.0,1.0,0.0,0.0,0.0,0.0,0.0,0.0,1.0,1
0.417910447761194,0.5,-0.4445296117598609,-0.5538996703346896,0.0,0.0,0.0,1.0,0.0,0.0,0.0,0.0,1.0,0.0,1.0,0.0,0.0,1
-0.5149253731343284,0.0,-0.05731232892369985,0.15690847577612665,1.0,0.0,0.0,0.0,1.0,0.0,1.0,0.0,0.0,0.0,1.0,0.0,0.0,0
-0.04477611940298507,1.5,0.9005144257744051,-0.17004134998618048,0.0,0.0,0.0,1.0,0.0,0.0,0.0,1.0,0.0,0.0,1.0,0.0,0.0,1
-0.06716417910447761,0.5,2.274710130785718,0.09975007862182018,0.0,0.0,0.0,1.0,0.0,1.0,0.0,0.0,0.0,0.0,1.0,0.0,0.0,0
-0.8805970149253731,-1.0,1.2327087155662355,-0.1554010556099326,3.0,1.0,0.0,1.0,0.0,1.0,0.0,0.0,0.0,0.0,1.0,0.0,0.0,1
-1.1865671641791045,1.0,-0.08020048668573221,0.74569021557949,1.0,0.0,0.0,1.0,0.0,1.0,0.0,0.0,0.0,0.0,0.0,1.0,0.0,0
-0.376865671641791,-1.0,-0.17342892876800928,-0.31093773009107817,-1.0,0.0,0.0,1.0,0.0,0.0,0.0,1.0,0.0,0.0,1.0,0.0,0.0,1
-0.8880597014925373,-0.5,-0.6167001524286333,0.40977137751855625,1.0,0.0,0.0,1.0,0.0,0.0,0.0,0.0,0.0,1.0,0.0,1.0,0.0,0
0.3582089552238806,-1.0,-0.4096137467947766,0.984446624551705,0.0,0.0,0.0,1.0,0.0,1.0,0.0,0.0,0.0,0.0,1.0,0.0,0.0,0
-0.3805970149253731,1.0,-0.6191226639039392,-0.1468885072452369,1.0,0.0,0.0,1.0,0.0,0.0,0.0,0.0,0.0,1.0,0.0,0.0,1.0,1
-0.48134328358208955,0.0,0.7137549549218851,-0.0548413882568447,1.0,0.0,0.0,0.0,1.0,0.0,0.0,0.0,0.0,1.0,0.0,1.0,0.0,1
0.291044776119403,-1.5,-0.21734990762405682,1.1660719075498174,2.0,0.0,0.0,1.0,0.0,0.0,0.0,1.0,0.0,0.0,0.0,0.0,1.0,1
-0.2947761194029851,0.0,-0.5744330422073809,-0.0411357211108954,2.0,0.0,0.0,1.0,0.0,1.0,0.0,0.0,0.0,0.0,0.0,0.0,1.0,1
0.7723880597014925,-1.0,0.4830234706207486,-0.8311224912547982,1.0,0.0,0.0,1.0,0.0,0.0,0.0,1.0,0.0,0.0,1.0,0.0,0.0,1
0.6865671641791045,-1.5,-0.6217278394225659,-0.14484223972198246,3.0,0.0,0.0,1.0,0.0,1.0,0.0,0.0,0.0,0.0,0.0,0.0,1.0,1
0.6156716417910447,-1.0,-0.3440873386364141,0.8035044827538814,1.0,0.0,0.0,1.0,0.0,1.0,0.0,0.0,0.0,0.0,1.0,0.0,0.0,0
-0.9589552238805971,0.5,0.3306898486427158,0.3307016387835806,0.0,0.0,0.0,1.0,0.0,0.0,1.0,0.0,0.0,0.0,1.0,0.0,0.0,1
0.7425373134328358,0.5,-0.10119565417091599,-0.7732751137069847,1.0,0.0,0.0,1.0,0.0,1.0,0.0,0.0,0.0,0.0,1.0,0.0,0.0,0
0.2574626865671642,-0.5,0.5811613826128205,-0.10170587839229484,1.0,0.0,0.0,1.0,0.0,0.0,0.0,1.0,0.0,0.0,1.0,0.0,0.0,0
0.3656716417910448,2.5,-0.30846453700142035,0.3909634322480198,0.0,0.0,0.0,1.0,0.0,1.0,0.0,0.0,0.0,0.0,0.0,1.0,0.0,1
-0.7276119402985075,0.0,-0.0778356038455623,-0.8530750881120036,1.0,1.0,0.0,1.0,0.0,1.0,0.0,0.0,0.0,0.0,0.0,1.0,0.0,1
-0.6492537313432836,0.5,0.5521661100983226,-0.2755539002036281,1.0,0.0,0.0,1.0,0.0,1.0,0.0,0.0,0.0,0.0,1.0,0.0,0.0,0
-0.018656716417910446,0.5,-0.19825294131351143,1.1992856118230877,0.0,0.0,0.0,1.0,0.0,1.0,0.0,0.0,0.0,0.0,1.0,0.0,0.0,1
0.6417910447761194,2.0,1.042854368236125,-0.384096495367308,2.0,0.0,1.0,0.0,0.0,1.0,0.0,0.0,0.0,0.0,1.0,0.0,0.0,1
0.6082089552238806,-0.5,0.045052110032358324,-0.3077894139300627,0.0,0.0,0.0,1.0,0.0,1.0,0.0,0.0,0.0,0.0,1.0,0.0,0.0,1
1.0223880597014925,1.5,-0.27085248661251493,-0.08905006373915075,-1.0,1.0,0.0,0.0,1.0,1.0,0.0,0.0,0.0,0.0,0.0,1.0,0.0,1
-0.9029850746268657,1.0,1.8315606353130396,0.9312734143783844,2.0,1.0,0.0,1.0,0.0,1.0,0.0,0.0,0.0,0.0,0.0,0.0,1.0,1
0.19029850746268656,1.5,0.6010486403191106,0.12063661778653532,0.0,0.0,0.0,0.0,1.0,1.0,0.0,0.0,0.0,0.0,1.0,0.0,0.0,1
0.018656716417910446,-0.5,-0.2398049360261978,-0.4715329693743243,0.0,1.0,1.0,0.0,0.0,0.0,0.0,1.0,0.0,0.0,0.0,1.0,0.0,0
0.6417910447761194,1.5,-0.4134340413049156,1.2279780596194758,1.0,0.0,0.0,1.0,0.0,1.0,0.0,0.0,0.0,0.0,0.0,0.0,1.0,1
-0.16417910447761194,-1.0,0.4863104636745328,0.6414494165744075,1.0,0.0,0.0,1.0,0.0,1.0,0.0,0.0,0.0,0.0,1.0,0.0,0.0,1
0.5447761194029851,1.5,1.179220789273221,-0.20196200504020093,2.0,0.0,0.0,1.0,0.0,0.0,0.0,1.0,0.0,0.0,1.0,0.0,0.0,1
0.7164179104477612,0.5,-0.20799462685574807,-0.45525006856934386,0.0,0.0,0.0,1.0,0.0,0.0,0.0,0.0,1.0,0.0,1.0,0.0,0.0,0
0.3805970149253731,0.0,0.05511515638809109,-0.6342960112627039,0.0,0.0,0.0,1.0,0.0,0.0,0.0,1.0,0.0,0.0,0.0,0.0,1.0,0
-0.06716417910447761,0.0,-0.11051155599700561,-0.48395139298406137,-1.0,0.0,0.0,1.0,0.0,1.0,0.0,0.0,0.0,0.0,1.0,0.0,0.0,0
-0.6604477611940298,2.0,0.06196977965185302,-0.3021618962386308,2.0,0.0,0.0,0.0,1.0,1.0,0.0,0.0,0.0,0.0,0.0,1.0,0.0,1
-0.9291044776119403,-1.5,0.5707883596726077,-0.3376731139040198,2.0,0.0,0.0,1.0,0.0,0.0,1.0,0.0,0.0,0.0,0.0,1.0,0.0,1
-0.19402985074626866,-1.0,0.005983120222528336,-0.421748425763756,0.0,0.0,0.0,0.0,1.0,1.0,0.0,0.0,0.0,0.0,1.0,0.0,0.0,0
-0.03731343283582089,-1.0,-0.21230241316580375,0.36247688347392815,1.0,0.0,0.0,1.0,0.0,0.0,1.0,0.0,0.0,0.0,0.0,1.0,0.0,0
-1.3656716417910448,0.0,1.6145072603718205,-0.5316417910665003,2.0,0.0,0.0,1.0,0.0,1.0,0.0,0.0,0.0,0.0,0.0,1.0,0.0,1
-0.3917910447761194,0.5,0.12836078239337848,0.697633211032053,2.0,0.0,0.0,0.0,1.0,0.0,0.0,0.0,0.0,1.0,1.0,0.0,0.0,1
-0.12686567164179105,2.5,-0.500369091714063,-0.14797915144051646,0.0,0.0,0.0,1.0,0.0,1.0,0.0,0.0,0.0,0.0,1.0,0.0,0.0,1
0.6231343283582089,0.0,0.3075112674946987,-0.16267292089772595,1.0,0.0,0.0,1.0,0.0,1.0,0.0,0.0,0.0,0.0,0.0,0.0,1.0,0
-0.5111940298507462,2.0,-0.4263321123586387,0.5775514245756745,0.0,0.0,1.0,0.0,0.0,0.0,1.0,0.0,0.0,0.0,0.0,1.0,0.0,1
0.6156716417910447,-1.0,-0.19503114446921765,0.09311474885885679,1.0,0.0,0.0,1.0,0.0,1.0,0.0,0.0,0.0,0.0,0.0,0.0,1.0,0
-0.9216417910447762,0.5,0.3364781228694077,-0.723490828114024,0.0,0.0,0.0,0.0,1.0,0.0,1.0,0.0,0.0,0.0,0.0,1.0,0.0,0
0.3619402985074627,-1.0,0.542817971592698,-0.8012813520730623,1.0,0.0,0.0,0.0,1.0,1.0,0.0,0.0,0.0,0.0,0.0,0.0,1.0,1
-0.21641791044776118,-1.0,0.17772128033174156,0.8532455046198454,1.0,0.0,0.0,0.0,1.0,0.0,0.0,1.0,0.0,0.0,1.0,0.0,0.0,0
0.47388059701492535,-1.5,-0.24814163745662673,-0.18617121386725208,1.0,1.0,0.0,1.0,0.0,1.0,0.0,0.0,0.0,0.0,0.0,1.0,0.0,0
0.5671641791044776,2.5,-0.4093122459824018,-1.0132878324752823,0.0,0.0,0.0,1.0,0.0,1.0,0.0,0.0,0.0,0.0,1.0,0.0,0.0,1
-0.16791044776119404,0.5,-0.19514694282705458,0.4081697338336873,1.0,1.0,0.0,0.0,1.0,1.0,0.0,0.0,0.0,0.0,1.0,0.0,0.0,0
-0.208955223880597,1.0,-0.014292872633562706,-0.2405316258651364,0.0,0.0,0.0,1.0,0.0,0.0,0.0,0.0,0.0,1.0,0.0,1.0,0.0,1
-0.8134328358208955,-1.5,0.511991304096874,0.9667380896148552,2.0,0.0,0.0,1.0,0.0,0.0,0.0,1.0,0.0,0.0,0.0,1.0,0.0,1
-0.4291044776119403,-0.5,0.06691272252248766,0.2975201479539759,2.0,1.0,0.0,1.0,0.0,1.0,0.0,0.0,0.0,0.0,0.0,1.0,0.0,1
0.3656716417910448,-0.5,0.0172209919557683,1.0080703441232075,-1.0,0.0,0.0,1.0,0.0,1.0,0.0,0.0,0.0,0.0,1.0,0.0,0.0,0
0.4216417910447761,-0.5,-0.36553909446133026,-0.05571267552485087,1.0,0.0,0.0,1.0,0.0,0.0,0.0,0.0,0.0,1.0,1.0,0.0,0.0,0
0.8470149253731343,0.5,-0.23796570567077516,-0.16315337696086218,0.0,0.0,0.0,1.0,0.0,1.0,0.0,0.0,0.0,0.0,1.0,0.0,0.0,0
0.8134328358208955,0.0,1.0842621194608546,-0.6955406114421216,1.0,0.0,0.0,1.0,0.0,1.0,0.0,0.0,0.0,0.0,0.0,0.0,1.0,0
0.22014925373134328,0.0,-0.3548834314782074,0.19233957346620498,2.0,0.0,0.0,1.0,0.0,1.0,0.0,0.0,0.0,0.0,1.0,0.0,0.0,1
0.022388059701492536,-0.5,1.2975049562838379,0.3265576672426537,0.0,0.0,0.0,0.0,1.0,1.0,0.0,0.0,0.0,0.0,1.0,0.0,0.0,1
-0.3694029850746269,0.5,0.22991949999912398,0.7034341850252924,1.0,0.0,0.0,1.0,0.0,0.0,0.0,1.0,0.0,0.0,1.0,0.0,0.0,0
-0.44402985074626866,0.0,-0.14153626842727793,1.4893440023121645,0.0,0.0,0.0,1.0,0.0,0.0,0.0,1.0,0.0,0.0,0.0,1.0,0.0,1
-0.5597014925373134,-1.0,-0.43148295270874115,0.1491093483226307,2.0,0.0,0.0,1.0,0.0,1.0,0.0,0.0,0.0,0.0,0.0,1.0,0.0,1
-0.5223880597014925,0.0,-0.549271349006215,-0.2915435483843041,0.0,0.0,0.0,1.0,0.0,0.0,0.0,1.0,0.0,0.0,1.0,0.0,0.0,1
0.9216417910447762,1.0,-0.17891604001400102,-0.2969412688784789,1.0,0.0,0.0,1.0,0.0,0.0,0.0,1.0,0.0,0.0,1.0,0.0,0.0,0
1.126865671641791,-1.0,0.2050459359449432,-0.519442941010508,0.0,0.0,0.0,1.0,0.0,0.0,1.0,0.0,0.0,0.0,1.0,0.0,0.0,0
0.5932835820895522,1.0,1.4710217996496653,-0.6329955018172572,2.0,0.0,0.0,1.0,0.0,1.0,0.0,0.0,0.0,0.0,0.0,0.0,1.0,1
-1.2313432835820894,1.0,0.5048358625533088,0.11416588490227376,1.0,0.0,0.0,0.0,1.0,1.0,0.0,0.0,0.0,0.0,1.0,0.0,0.0,0
-1.1492537313432836,0.5,-0.4606151257354188,-0.253863072028808,-1.0,0.0,0.0,1.0,0.0,1.0,0.0,0.0,0.0,0.0,1.0,0.0,0.0,0
-0.11194029850746269,0.5,0.8669947327744729,-0.41512620518218685,1.0,0.0,0.0,0.0,1.0,1.0,0.0,0.0,0.0,0.0,0.0,1.0,0.0,0
-0.3843283582089552,0.5,0.8367440973198104,-0.07477035106812255,0.0,0.0,0.0,1.0,0.0,0.0,0.0,0.0,1.0,0.0,0.0,0.0,1.0,0
0.7873134328358209,1.0,-0.3822346556219419,0.06097009085081711,2.0,1.0,0.0,1.0,0.0,1.0,0.0,0.0,0.0,0.0,0.0,0.0,1.0,1
0.5970149253731343,0.5,0.21005335672046532,0.4117626115270336,1.0,0.0,0.0,1.0,0.0,0.0,0.0,0.0,1.0,0.0,0.0,0.0,1.0,0
0.9440298507462687,-0.5,-0.6217278394225659,0.042634920496752375,-1.0,1.0,0.0,0.0,1.0,0.0,1.0,0.0,0.0,0.0,1.0,0.0,0.0,1
-0.13059701492537312,1.0,1.1550919077121797,0.3483406419232888,1.0,1.0,1.0,0.0,0.0,1.0,0.0,0.0,0.0,0.0,0.0,1.0,0.0,0
0.996268656716418,0.5,-0.5180182054443812,1.0786188056821668,0.0,0.0,0.0,1.0,0.0,1.0,0.0,0.0,0.0,0.0,0.0,0.0,1.0,0
0.16417910447761194,0.0,-0.24110300225065268,0.8782183117479965,2.0,0.0,0.0,1.0,0.0,1.0,0.0,0.0,0.0,0.0,1.0,0.0,0.0,1
0.7164179104477612,-0.5,-0.3048723480559998,1.6547121908117803,1.0,0.0,0.0,1.0,0.0,0.0,0.0,1.0,0.0,0.0,0.0,0.0,1.0,1
-1.1119402985074627,0.5,-0.3175909618658266,-0.4604891234594909,0.0,0.0,0.0,1.0,0.0,0.0,0.0,0.0,0.0,1.0,1.0,0.0,0.0,1
1.0149253731343284,-1.0,3.472732149318641,0.4646685654260744,0.0,0.0,1.0,0.0,0.0,1.0,0.0,0.0,0.0,0.0,0.0,0.0,1.0,0
-1.6194029850746268,-1.5,-0.6217278394225659,0.7966526735534449,-1.0,0.0,0.0,1.0,0.0,0.0,1.0,0.0,0.0,0.0,0.0,1.0,0.0,0
-0.1791044776119403,-0.5,-0.5832159168503388,-0.5404811993599695,0.0,0.0,0.0,0.0,1.0,0.0,0.0,0.0,1.0,0.0,0.0,1.0,0.0,0
-0.2873134328358209,0.5,1.414900568806841,0.3105554395286533,0.0,0.0,0.0,1.0,0.0,1.0,0.0,0.0,0.0,0.0,1.0,0.0,0.0,0
0.26119402985074625,-1.0,0.737846778884534,-0.157904362909541,-1.0,0.0,0.0,1.0,0.0,0.0,0.0,1.0,0.0,0.0,1.0,0.0,0.0,0
0.0037313432835820895,2.0,-0.43827747615654383,0.18822835723708034,0.0,0.0,0.0,1.0,0.0,0.0,0.0,0.0,1.0,0.0,1.0,0.0,0.0,1
-0.7761194029850746,0.5,0.777249171984645,-0.15785091156939488,-1.0,0.0,0.0,1.0,0.0,0.0,1.0,0.0,0.0,0.0,0.0,0.0,1.0,0
0.30970149253731344,-1.0,1.6864812015149864,-0.3098965139421313,2.0,0.0,0.0,1.0,0.0,1.0,0.0,0.0,0.0,0.0,1.0,0.0,0.0,1
-1.6194029850746268,0.0,3.488464304680498,0.4798263838038248,1.0,0.0,0.0,1.0,0.0,1.0,0.0,0.0,0.0,0.0,1.0,0.0,0.0,0
-0.417910447761194,-1.5,-0.5913864006801891,-0.08430142298252702,0.0,1.0,1.0,0.0,0.0,1.0,0.0,0.0,0.0,0.0,0.0,0.0,1.0,0
-1.0522388059701493,2.0,0.8938539995250956,0.6811022885232956,2.0,0.0,0.0,1.0,0.0,0.0,0.0,0.0,1.0,0.0,0.0,1.0,0.0,1
0.1791044776119403,0.5,0.019009732834045025,-0.1828246081668935,-1.0,1.0,0.0,0.0,1.0,0.0,1.0,0.0,0.0,0.0,1.0,0.0,0.0,0
-0.3694029850746269,0.0,-0.3195216970696714,0.7910152036077661,3.0,0.0,0.0,0.0,1.0,0.0,0.0,1.0,0.0,0.0,1.0,0.0,0.0,1
0.17164179104477612,2.0,-0.3132588717838174,-0.3920366026514312,1.0,0.0,0.0,1.0,0.0,0.0,0.0,0.0,1.0,0.0,0.0,1.0,0.0,1
-0.6231343283582089,1.0,0.05172074773350486,0.18692609944410762,1.0,1.0,0.0,1.0,0.0,1.0,0.0,0.0,0.0,0.0,0.0,1.0,0.0,0
-0.07462686567164178,2.5,-0.19809501824115436,0.6041729697933816,0.0,0.0,0.0,1.0,0.0,1.0,0.0,0.0,0.0,0.0,1.0,0.0,0.0,1
-0.08955223880597014,-0.5,-0.5879710096094426,1.7206757969526445,1.0,0.0,0.0,0.0,1.0,1.0,0.0,0.0,0.0,0.0,0.0,1.0,0.0,1
0.8731343283582089,0.0,-0.07266058865485706,0.10094323169527535,0.0,0.0,0.0,1.0,0.0,1.0,0.0,0.0,0.0,0.0,0.0,1.0,0.0,0
0.014925373134328358,-1.0,0.24978424008332484,-0.47304667774885484,-1.0,0.0,0.0,1.0,0.0,1.0,0.0,0.0,0.0,0.0,1.0,0.0,0.0,0
-0.23134328358208955,-0.5,0.062274981117131624,-0.8900491415637874,-1.0,0.0,1.0,0.0,0.0,1.0,0.0,0.0,0.0,0.0,1.0,0.0,0.0,0
1.7682089552238844,0.0,-0.38593981280180073,0.31944643715440635,-1.0,0.0,0.0,1.0,0.0,1.0,0.0,0.0,0.0,0.0,1.0,0.0,0.0,0
0.7611940298507462,0.5,0.5715349000870766,-0.39409891719773693,1.0,0.0,1.0,0.0,0.0,0.0,1.0,0.0,0.0,0.0,1.0,0.0,0.0,0
-0.5895522388059702,0.5,2.783073722643477,-0.21083578793843882,0.0,1.0,0.0,0.0,1.0,0.0,0.0,1.0,0.0,0.0,1.0,0.0,0.0,1
-0.39925373134328357,-1.5,1.2869707578035317,0.6620434970332671,-1.0,1.0,0.0,1.0,0.0,1.0,0.0,0.0,0.0,0.0,0.0,1.0,0.0,0
-0.4626865671641791,1.0,-0.5763090688554307,-0.18792672158542958,1.0,0.0,0.0,0.0,1.0,1.0,0.0,0.0,0.0,0.0,0.0,0.0,1.0,0
0.2462686567164179,1.0,1.8036579924271008,1.7203120729050296,0.0,0.0,0.0,1.0,0.0,0.0,0.0,1.0,0.0,0.0,1.0,0.0,0.0,1
1.7682089552238844,-0.5,0.2616706972012622,-0.9336003184853934,0.0,0.0,0.0,1.0,0.0,0.0,0.0,1.0,0.0,0.0,0.0,1.0,0.0,0
1.3097014925373134,1.0,-0.23596173466419604,0.005314143340914318,0.0,0.0,0.0,1.0,0.0,0.0,0.0,0.0,1.0,0.0,1.0,0.0,0.0,0
0.1791044776119403,-1.0,0.7526108258916182,0.7776029715829224,-1.0,0.0,0.0,0.0,1.0,1.0,0.0,0.0,0.0,0.0,0.0,1.0,0.0,0
1.7238805970149254,0.5,0.29772308126998,-0.04142433438331286,2.0,0.0,0.0,1.0,0.0,1.0,0.0,0.0,0.0,0.0,0.0,1.0,0.0,1
0.8768656716417911,0.0,0.04286087624591089,-0.9095864030064416,0.0,0.0,0.0,0.0,1.0,0.0,1.0,0.0,0.0,0.0,1.0,0.0,0.0,0
-0.08208955223880597,-1.0,0.559207191638974,-0.7067624404548322,-1.0,0.0,0.0,1.0,0.0,1.0,0.0,0.0,0.0,0.0,1.0,0.0,0.0,1
-0.5074626865671642,-1.0,0.8414368800236527,0.978437095605934,1.0,0.0,0.0,1.0,0.0,0.0,0.0,0.0,1.0,0.0,0.0,0.0,1.0,0
0.16791044776119404,-0.5,1.2967066189289433,-0.7811971798184734,1.0,1.0,0.0,1.0,0.0,0.0,0.0,0.0,0.0,1.0,0.0,0.0,1.0,0
-0.6194029850746269,-0.5,-0.1480595991269633,-0.4582409714589834,1.0,0.0,0.0,1.0,0.0,1.0,0.0,0.0,0.0,0.0,0.0,1.0,0.0,0
-0.4141791044776119,-0.5,0.07041031332670185,-0.3281866145277523,0.0,0.0,0.0,0.0,1.0,0.0,0.0,1.0,0.0,0.0,0.0,1.0,0.0,0
-0.31716417910447764,2.0,-0.4821586934140088,-0.512362176667406,2.0,0.0,0.0,0.0,1.0,1.0,0.0,0.0,0.0,0.0,1.0,0.0,0.0,1
-0.5373134328358209,0.5,0.9954288210559349,0.7221435207563436,0.0,0.0,0.0,0.0,1.0,1.0,0.0,0.0,0.0,0.0,0.0,1.0,0.0,0
0.39925373134328357,1.5,0.24280319170811784,-0.4224197543267147,0.0,0.0,0.0,1.0,0.0,1.0,0.0,0.0,0.0,0.0,1.0,0.0,0.0,1
0.0708955223880597,-1.0,-0.14359637822156013,0.22094423092225945,0.0,0.0,0.0,1.0,0.0,0.0,1.0,0.0,0.0,0.0,1.0,0.0,0.0,0
0.6268656716417911,-0.5,1.4250761703200852,-0.03848915050195456,1.0,0.0,0.0,0.0,1.0,1.0,0.0,0.0,0.0,0.0,0.0,0.0,1.0,1
-0.6977611940298507,0.5,1.626584478693047,-0.7710315126711069,0.0,0.0,0.0,1.0,0.0,0.0,0.0,1.0,0.0,0.0,1.0,0.0,0.0,0
0.8880597014925373,-1.0,-0.09742364686817971,-0.12976166652822307,1.0,0.0,0.0,1.0,0.0,1.0,0.0,0.0,0.0,0.0,1.0,0.0,0.0,1
-0.458955223880597,-1.5,-0.26940379054203945,-0.45642045460046354,0.0,0.0,0.0,1.0,0.0,1.0,0.0,0.0,0.0,0.0,0.0,0.0,1.0,0
-0.3582089552238806,0.5,-0.5102107171043639,-1.0307643362980194,2.0,0.0,0.0,1.0,0.0,0.0,0.0,1.0,0.0,0.0,0.0,0.0,1.0,1
-0.7313432835820896,0.0,-0.3066469033255378,1.2880327691078663,0.0,0.0,0.0,0.0,1.0,1.0,0.0,0.0,0.0,0.0,0.0,0.0,1.0,1
-0.503731343283582,0.0,-0.614043867388493,0.3019113723945985,0.0,1.0,0.0,1.0,0.0,0.0,0.0,0.0,0.0,1.0,1.0,0.0,0.0,1
-0.6231343283582089,1.0,-0.4544950828151735,-0.05263842749064978,-1.0,0.0,0.0,0.0,1.0,0.0,1.0,0.0,0.0,0.0,1.0,0.0,0.0,0
-0.8208955223880597,-1.0,-0.38536294971192536,-0.8623305161957684,0.0,0.0,0.0,1.0,0.0,0.0,0.0,0.0,1.0,0.0,1.0,0.0,0.0,1
-0.22014925373134328,0.0,-0.21177278797406832,0.6942999945370325,1.0,0.0,0.0,1.0,0.0,1.0,0.0,0.0,0.0,0.0,1.0,0.0,0.0,0
-0.35074626865671643,-1.5,-0.25761481178204415,-1.0693196078992746,-1.0,1.0,0.0,1.0,0.0,1.0,0.0,0.0,0.0,0.0,0.0,0.0,1.0,0
-0.5895522388059702,0.5,-0.6217278394225659,-0.17006140631653305,2.0,0.0,0.0,0.0,1.0,1.0,0.0,0.0,0.0,0.0,0.0,1.0,0.0,1
-0.8992537313432836,-1.0,0.9833207727953782,1.6953626272900408,0.0,0.0,0.0,1.0,0.0,0.0,0.0,1.0,0.0,0.0,1.0,0.0,0.0,1
1.3694029850746268,1.0,1.9349424436962195,-0.5935127885167071,1.0,0.0,0.0,1.0,0.0,1.0,0.0,0.0,0.0,0.0,0.0,1.0,0.0,0
-0.026119402985074626,0.0,0.41931396642726015,0.5703400492725685,1.0,0.0,0.0,0.0,1.0,0.0,1.0,0.0,0.0,0.0,0.0,1.0,0.0,0
-0.10820895522388059,1.0,1.16227219750519,-0.22586097986414366,-1.0,0.0,0.0,0.0,1.0,0.0,0.0,1.0,0.0,0.0,1.0,0.0,0.0,1
0.4216417910447761,-1.0,0.5331236424349182,-0.1527598913523527,-1.0,0.0,0.0,1.0,0.0,0.0,1.0,0.0,0.0,0.0,0.0,0.0,1.0,0
-0.2126865671641791,-0.5,-0.6217278394225659,-0.2371484975477039,0.0,0.0,0.0,1.0,0.0,1.0,0.0,0.0,0.0,0.0,0.0,0.0,1.0,0
0.9514925373134329,0.0,-0.5786069134275833,-0.34102821421388796,3.0,0.0,0.0,1.0,0.0,1.0,0.0,0.0,0.0,0.0,0.0,1.0,0.0,1
-0.44402985074626866,-0.5,0.09949702388918727,0.11078705518796787,0.0,0.0,0.0,1.0,0.0,0.0,0.0,1.0,0.0,0.0,0.0,1.0,0.0,0
0.9216417910447762,1.0,-0.4448148388111676,-0.416475476345274,2.0,0.0,0.0,1.0,0.0,1.0,0.0,0.0,0.0,0.0,0.0,0.0,1.0,1
-0.07462686567164178,0.0,-0.1223817349292688,0.11523331767615701,1.0,0.0,0.0,1.0,0.0,1.0,0.0,0.0,0.0,0.0,1.0,0.0,0.0,0
0.30223880597014924,1.5,1.9285714127172695,-0.4628947704972641,0.0,0.0,0.0,1.0,0.0,0.0,0.0,0.0,0.0,1.0,1.0,0.0,0.0,1
-1.044776119402985,-1.0,1.0156567539929164,1.7206757969526445,0.0,0.0,0.0,1.0,0.0,0.0,0.0,0.0,1.0,0.0,0.0,0.0,1.0,1
-0.22014925373134328,2.0,2.0927317617617995,-0.3483722176486567,0.0,1.0,0.0,1.0,0.0,0.0,0.0,1.0,0.0,0.0,0.0,1.0,0.0,1
0.2574626865671642,0.0,3.2696214977267406,1.7206757969526445,3.0,1.0,0.0,1.0,0.0,1.0,0.0,0.0,0.0,0.0,1.0,0.0,0.0,1
0.30970149253731344,0.0,-0.3604203911432992,0.42016867864055135,0.0,0.0,0.0,0.0,1.0,0.0,1.0,0.0,0.0,0.0,0.0,1.0,0.0,0
-0.3358208955223881,2.0,-0.5493485435313769,0.16177210268034778,0.0,0.0,0.0,0.0,1.0,0.0,0.0,0.0,0.0,1.0,1.0,0.0,0.0,1
-0.033582089552238806,-1.5,0.57051052914377,-0.12116904607402924,0.0,1.0,0.0,1.0,0.0,1.0,0.0,0.0,0.0,0.0,0.0,0.0,1.0,0
-0.7574626865671642,0.0,0.16852545479251024,0.5250785845025693,3.0,0.0,0.0,1.0,0.0,0.0,0.0,1.0,0.0,0.0,0.0,1.0,0.0,1
-0.22388059701492538,0.0,-0.21485226305998253,1.717035835627794,-1.0,0.0,0.0,1.0,0.0,1.0,0.0,0.0,0.0,0.0,1.0,0.0,0.0,1
0.7014925373134329,0.5,0.036493586156042465,-0.382119225753355,-1.0,0.0,0.0,0.0,1.0,0.0,0.0,1.0,0.0,0.0,0.0,0.0,1.0,0
-0.13059701492537312,1.0,-0.6035009254544533,1.3815037367219507,0.0,0.0,0.0,1.0,0.0,0.0,0.0,0.0,0.0,1.0,0.0,0.0,1.0,1
-0.1791044776119403,1.0,-0.10341855763500415,0.504584773297544,-1.0,0.0,0.0,1.0,0.0,0.0,0.0,0.0,0.0,1.0,1.0,0.0,0.0,1
-0.8843283582089553,-0.5,0.3744730160958057,0.451106438917252,0.0,0.0,0.0,0.0,1.0,1.0,0.0,0.0,0.0,0.0,1.0,0.0,0.0,0
-0.6940298507462687,0.5,-0.12243210450228226,0.2955437146936549,1.0,1.0,0.0,1.0,0.0,1.0,0.0,0.0,0.0,0.0,1.0,0.0,0.0,0
-1.4514925373134329,0.0,0.23167765876610938,1.021970542463932,1.0,0.0,0.0,0.0,1.0,1.0,0.0,0.0,0.0,0.0,1.0,0.0,0.0,0
0.22388059701492538,1.5,1.0150737431069496,1.1264139205352839,1.0,0.0,0.0,1.0,0.0,1.0,0.0,0.0,0.0,0.0,1.0,0.0,0.0,1
1.2723880597014925,0.0,-0.3217328685913283,-0.2126987743147752,0.0,1.0,1.0,0.0,0.0,0.0,0.0,1.0,0.0,0.0,0.0,0.0,1.0,0
-0.07462686567164178,0.0,0.8021211188476998,1.5029431703771041,0.0,1.0,0.0,1.0,0.0,1.0,0.0,0.0,0.0,0.0,1.0,0.0,0.0,1
0.40671641791044777,-0.5,-0.4828030388403427,1.3140851662998596,1.0,0.0,1.0,0.0,0.0,0.0,1.0,0.0,0.0,0.0,0.0,0.0,1.0,1
0.1865671641791045,-0.5,-0.5497186468708949,1.1203816568579301,2.0,0.0,0.0,1.0,0.0,0.0,0.0,1.0,0.0,0.0,1.0,0.0,0.0,1
-0.041044776119402986,-0.5,3.488464304680498,-0.8846027816746703,2.0,0.0,0.0,1.0,0.0,1.0,0.0,0.0,0.0,0.0,1.0,0.0,0.0,1
-0.3208955223880597,0.0,1.7941706607732117,-0.21467349108568712,-1.0,0.0,0.0,1.0,0.0,1.0,0.0,0.0,0.0,0.0,1.0,0.0,0.0,0
-0.25,0.5,-0.4352748991928725,-0.4737746029382326,1.0,1.0,0.0,1.0,0.0,1.0,0.0,0.0,0.0,0.0,0.0,1.0,0.0,0
-1.1044776119402986,0.0,0.3983147749382403,0.1755511272038777,3.0,0.0,0.0,1.0,0.0,0.0,0.0,1.0,0.0,0.0,0.0,0.0,1.0,1
0.39925373134328357,-1.5,1.9992749398553964,0.06352589787036789,-1.0,0.0,0.0,1.0,0.0,0.0,1.0,0.0,0.0,0.0,0.0,1.0,0.0,0
0.014925373134328358,1.0,-0.4978609069080005,0.4639389323024521,1.0,0.0,0.0,1.0,0.0,1.0,0.0,0.0,0.0,0.0,0.0,0.0,1.0,0
0.9664179104477612,-0.5,0.3461546437346623,-0.46507566355760444,-1.0,0.0,0.0,1.0,0.0,1.0,0.0,0.0,0.0,0.0,1.0,0.0,0.0,0
-1.0,-1.0,0.5633084483132612,-0.18352616077016073,0.0,1.0,0.0,1.0,0.0,1.0,0.0,0.0,0.0,0.0,1.0,0.0,0.0,0
-1.1567164179104477,-1.5,1.4193702534136123,0.9145202858223794,-1.0,0.0,0.0,1.0,0.0,0.0,0.0,0.0,0.0,1.0,0.0,0.0,1.0,0
-0.1791044776119403,-1.0,-0.26428796698287255,-1.0301118454166838,0.0,0.0,0.0,1.0,0.0,1.0,0.0,0.0,0.0,0.0,1.0,0.0,0.0,0
0.13059701492537312,-0.5,-0.5638108776521259,-0.21912943213872782,-1.0,1.0,1.0,0.0,0.0,0.0,1.0,0.0,0.0,0.0,0.0,1.0,0.0,0
-0.6268656716417911,-1.0,0.3985647393821139,-0.39944216265172716,-1.0,0.0,0.0,1.0,0.0,0.0,0.0,0.0,0.0,1.0,0.0,0.0,1.0,0
0.17537313432835822,0.0,-0.6002601447519689,-0.39275606859036777,1.0,1.0,0.0,0.0,1.0,0.0,0.0,1.0,0.0,0.0,1.0,0.0,0.0,0
0.29850746268656714,1.0,-0.5101520506605081,-0.23802780194849105,0.0,0.0,0.0,1.0,0.0,0.0,1.0,0.0,0.0,0.0,1.0,0.0,0.0,0
-1.6194029850746268,-0.5,-0.3539384019650734,0.06749989209629624,-1.0,0.0,0.0,1.0,0.0,1.0,0.0,0.0,0.0,0.0,0.0,0.0,1.0,0
0.75,-1.0,0.6613371714686588,0.272653214351882,2.0,1.0,0.0,1.0,0.0,1.0,0.0,0.0,0.0,0.0,0.0,0.0,1.0,1
0.23880597014925373,2.0,-0.4597917606768938,0.46164552615454774,0.0,0.0,0.0,1.0,0.0,0.0,1.0,0.0,0.0,0.0,0.0,0.0,1.0,1
-0.6343283582089553,-1.0,-0.03831274987015554,0.0946541085576104,1.0,0.0,0.0,1.0,0.0,0.0,0.0,1.0,0.0,0.0,0.0,1.0,0.0,0
0.014925373134328358,-1.0,-0.07334405470306972,-0.31241362900984004,1.0,0.0,0.0,1.0,0.0,0.0,0.0,0.0,0.0,1.0,0.0,1.0,0.0,0
-1.4179104477611941,1.5,-0.5464092848422363,-0.8679263050316727,2.0,1.0,0.0,1.0,0.0,1.0,0.0,0.0,0.0,0.0,1.0,0.0,0.0,1
-0.7350746268656716,-1.5,0.30402337447323236,0.870237079113316,0.0,0.0,0.0,1.0,0.0,0.0,1.0,0.0,0.0,0.0,0.0,0.0,1.0,0
-0.19776119402985073,-1.5,-0.45234092182668617,0.5052890804931484,-1.0,0.0,0.0,1.0,0.0,1.0,0.0,0.0,0.0,0.0,0.0,0.0,1.0,1
0.3880597014925373,-0.5,-0.20404600301562253,0.47521415496315383,0.0,0.0,0.0,1.0,0.0,0.0,0.0,0.0,1.0,0.0,1.0,0.0,0.0,0
0.007462686567164179,0.0,-0.24186698308910054,0.12648110349309563,1.0,0.0,0.0,1.0,0.0,1.0,0.0,0.0,0.0,0.0,1.0,0.0,0.0,0
0.5223880597014925,1.0,-0.28797000954383545,0.3744909026426913,2.0,0.0,0.0,0.0,1.0,0.0,1.0,0.0,0.0,0.0,1.0,0.0,0.0,1
-0.6082089552238806,0.5,-0.0006982897558498802,-0.1523232418769147,0.0,0.0,0.0,1.0,0.0,0.0,0.0,1.0,0.0,0.0,0.0,0.0,1.0,0
-0.14925373134328357,-1.0,-0.3198811788760906,0.1941081307402653,2.0,0.0,0.0,1.0,0.0,0.0,0.0,0.0,0.0,1.0,1.0,0.0,0.0,1
-0.9440298507462687,0.0,-0.6187395754486813,0.46414355222570886,-1.0,0.0,0.0,0.0,1.0,0.0,0.0,1.0,0.0,0.0,0.0,0.0,1.0,0
-0.3358208955223881,1.5,0.9384612969432269,1.7158494799339234,-1.0,0.0,0.0,1.0,0.0,0.0,0.0,0.0,1.0,0.0,1.0,0.0,0.0,1
0.35074626865671643,-0.5,-0.36295265971172896,-0.9271232327062335,1.0,0.0,0.0,0.0,1.0,0.0,1.0,0.0,0.0,0.0,1.0,0.0,0.0,0
0.4626865671641791,0.5,0.5767238518341937,-1.0088579772202524,2.0,0.0,0.0,1.0,0.0,1.0,0.0,0.0,0.0,0.0,0.0,1.0,0.0,1
0.22014925373134328,-1.0,-0.4515706087048753,0.13472495793350237,1.0,0.0,0.0,1.0,0.0,0.0,1.0,0.0,0.0,0.0,1.0,0.0,0.0,0
1.5149253731343284,-1.5,1.5547381681433268,-0.22351593860397692,-1.0,0.0,0.0,1.0,0.0,1.0,0.0,0.0,0.0,0.0,0.0,1.0,0.0,0
-0.041044776119402986,0.0,1.3443126922264934,-0.4662590137283328,0.0,0.0,0.0,1.0,0.0,0.0,0.0,0.0,0.0,1.0,0.0,0.0,1.0,1
0.4253731343283582,1.5,1.3138895872921994,0.3470704637783088,-1.0,0.0,0.0,1.0,0.0,1.0,0.0,0.0,0.0,0.0,0.0,0.0,1.0,1
-0.014925373134328358,0.0,0.1498866191256863,0.4484759880440599,2.0,0.0,0.0,1.0,0.0,1.0,0.0,0.0,0.0,0.0,0.0,1.0,0.0,1
-0.585820895522388,1.0,-0.031603665970769454,0.04952171004394384,1.0,0.0,0.0,0.0,1.0,1.0,0.0,0.0,0.0,0.0,1.0,0.0,0.0,0
0.8544776119402985,1.5,-0.5295149144877337,-0.08870702603542999,1.0,0.0,0.0,1.0,0.0,1.0,0.0,0.0,0.0,0.0,1.0,0.0,0.0,1
-1.0261194029850746,1.5,-0.5303852816936848,-0.042213307788469816,2.0,0.0,0.0,1.0,0.0,1.0,0.0,0.0,0.0,0.0,1.0,0.0,0.0,1
-1.2201492537313432,1.0,-0.06549413373964373,0.3161302585134572,2.0,0.0,0.0,0.0,1.0,0.0,1.0,0.0,0.0,0.0,0.0,1.0,0.0,1
0.3694029850746269,2.0,-0.20129087164206716,0.7669578367279674,0.0,1.0,0.0,1.0,0.0,0.0,0.0,1.0,0.0,0.0,0.0,1.0,0.0,1
1.2014925373134329,2.5,0.4354216912553628,-0.029037674588902055,2.0,0.0,0.0,1.0,0.0,0.0,1.0,0.0,0.0,0.0,0.0,1.0,0.0,1
-0.7723880597014925,-1.5,0.40938159203088936,-0.06320629309212597,-1.0,0.0,0.0,1.0,0.0,1.0,0.0,0.0,0.0,0.0,0.0,1.0,0.0,0
-0.8619402985074627,1.5,-0.019715628593502316,1.433754056757243,0.0,0.0,0.0,1.0,0.0,1.0,0.0,0.0,0.0,0.0,1.0,0.0,0.0,1
-0.19029850746268656,-1.5,-0.516399107905868,-0.579255907144821,1.0,0.0,0.0,0.0,1.0,1.0,0.0,0.0,0.0,0.0,0.0,1.0,0.0,1
1.757462686567164,2.5,0.07628123200062138,1.4584895551563615,1.0,1.0,0.0,1.0,0.0,1.0,0.0,0.0,0.0,0.0,1.0,0.0,0.0,1
-0.6828358208955224,-0.5,0.9023721616268761,0.4565921433967805,2.0,0.0,0.0,0.0,1.0,0.0,0.0,0.0,1.0,0.0,0.0,1.0,0.0,1
0.0708955223880597,-1.5,-0.47112141641071087,0.7321671140071787,0.0,0.0,0.0,1.0,0.0,1.0,0.0,0.0,0.0,0.0,0.0,0.0,1.0,0
-0.09328358208955224,0.5,-0.6089966914746469,0.29638620781320296,1.0,0.0,0.0,1.0,0.0,1.0,0.0,0.0,0.0,0.0,0.0,0.0,1.0,0
-1.2761194029850746,2.5,-0.43131938375939277,-0.08786074851003853,-1.0,0.0,0.0,1.0,0.0,0.0,1.0,0.0,0.0,0.0,0.0,0.0,1.0,1
-1.212686567164179,-0.5,3.488464304680498,0.45764240385121624,1.0,0.0,0.0,1.0,0.0,1.0,0.0,0.0,0.0,0.0,0.0,1.0,0.0,0
-0.14925373134328357,-0.5,0.5630795839244475,-0.17585776382871002,1.0,0.0,0.0,0.0,1.0,1.0,0.0,0.0,0.0,0.0,1.0,0.0,0.0,1
-0.5373134328358209,-1.5,0.11418247949975306,-0.2468934366226338,-1.0,0.0,0.0,1.0,0.0,0.0,1.0,0.0,0.0,0.0,1.0,0.0,0.0,0
0.033582089552238806,-1.5,0.36346086636209335,-0.39411734084118877,0.0,0.0,0.0,1.0,0.0,0.0,1.0,0.0,0.0,0.0,0.0,0.0,1.0,1
-1.1865671641791045,1.0,-0.27137521223391964,-0.04151502171698858,1.0,0.0,0.0,0.0,1.0,0.0,0.0,1.0,0.0,0.0,1.0,0.0,0.0,0
-1.4328358208955223,2.0,0.332415853197322,0.42447637971075025,3.0,0.0,0.0,1.0,0.0,1.0,0.0,0.0,0.0,0.0,1.0,0.0,0.0,1
-0.04477611940298507,-0.5,-0.11429057473733191,-0.28397281269124647,0.0,0.0,0.0,0.0,1.0,0.0,0.0,1.0,0.0,0.0,0.0,1.0,0.0,1
-0.20149253731343283,-0.5,-0.1118367410755274,0.7665367730617109,0.0,0.0,0.0,1.0,0.0,1.0,0.0,0.0,0.0,0.0,1.0,0.0,0.0,0
0.0,1.0,-0.5903295997858352,-0.8803736848621317,0.0,0.0,0.0,1.0,0.0,1.0,0.0,0.0,0.0,0.0,0.0,0.0,1.0,0
0.5261194029850746,2.5,-0.42898654685888926,0.5454060812912059,0.0,0.0,0.0,1.0,0.0,1.0,0.0,0.0,0.0,0.0,0.0,1.0,0.0,1
0.029850746268656716,0.5,-0.5869501308539022,-0.7624166098595331,-1.0,0.0,0.0,1.0,0.0,0.0,0.0,1.0,0.0,0.0,0.0,0.0,1.0,0
-1.3619402985074627,-1.0,3.1340689424873327,-0.17440408744619812,2.0,1.0,0.0,0.0,1.0,0.0,0.0,1.0,0.0,0.0,0.0,1.0,0.0,1
-0.5746268656716418,-0.5,0.237321099684937,1.5470114984931014,0.0,0.0,0.0,0.0,1.0,0.0,0.0,0.0,0.0,1.0,1.0,0.0,0.0,1
-0.8768656716417911,-0.5,2.3202474356578393,0.29293899404859025,1.0,0.0,0.0,0.0,1.0,0.0,1.0,0.0,0.0,0.0,1.0,0.0,0.0,0
0.2947761194029851,1.0,1.0775700099885355,-1.021554322420134,1.0,1.0,0.0,1.0,0.0,0.0,1.0,0.0,0.0,0.0,0.0,1.0,0.0,0
0.30223880597014924,0.0,-0.2466910459829821,1.5091086428245744,-1.0,0.0,0.0,1.0,0.0,0.0,0.0,0.0,0.0,1.0,1.0,0.0,0.0,1
0.041044776119402986,-0.5,-0.324746134578501,0.03165501026174336,2.0,1.0,1.0,0.0,0.0,1.0,0.0,0.0,0.0,0.0,0.0,1.0,0.0,1
0.4701492537313433,1.0,-0.12476465012938565,0.875894364361331,0.0,0.0,0.0,1.0,0.0,0.0,0.0,1.0,0.0,0.0,1.0,0.0,0.0,0
-0.5373134328358209,1.0,-0.0680125260272268,0.09459004372727926,-1.0,0.0,0.0,1.0,0.0,1.0,0.0,0.0,0.0,0.0,0.0,1.0,0.0,0
-0.08208955223880597,0.0,0.41628631765822344,-0.6950172594167451,2.0,0.0,0.0,0.0,1.0,0.0,0.0,1.0,0.0,0.0,1.0,0.0,0.0,1
-0.585820895522388,1.0,1.97888632522369,0.5841913073130822,0.0,0.0,0.0,1.0,0.0,0.0,0.0,1.0,0.0,0.0,0.0,1.0,0.0,0
-0.35074626865671643,0.0,1.080898366805676,0.4437779194657469,0.0,0.0,0.0,1.0,0.0,1.0,0.0,0.0,0.0,0.0,1.0,0.0,0.0,0
1.4179104477611941,-0.5,-0.10369429114166477,0.06729821376090962,1.0,1.0,0.0,1.0,0.0,1.0,0.0,0.0,0.0,0.0,0.0,0.0,1.0,0
0.6305970149253731,2.5,1.286373428083564,0.08639378284473816,2.0,0.0,0.0,1.0,0.0,1.0,0.0,0.0,0.0,0.0,1.0,0.0,0.0,1
1.3097014925373134,1.0,-0.3468389341741848,0.2156034281590769,2.0,0.0,0.0,1.0,0.0,1.0,0.0,0.0,0.0,0.0,0.0,0.0,1.0,1
0.06716417910447761,0.0,-0.3822947314207141,-0.5398809889055629,0.0,0.0,0.0,1.0,0.0,1.0,0.0,0.0,0.0,0.0,0.0,0.0,1.0,1
0.30223880597014924,0.0,-0.40906886358518857,-0.5913027898787547,2.0,0.0,0.0,1.0,0.0,1.0,0.0,0.0,0.0,0.0,0.0,0.0,1.0,1
1.5671641791044777,-0.5,-0.5887357691502957,-0.8464515098866005,-1.0,0.0,0.0,1.0,0.0,0.0,1.0,0.0,0.0,0.0,0.0,1.0,0.0,1
-1.0559701492537314,0.0,0.42672342538313296,-0.1970363417999793,3.0,0.0,0.0,1.0,0.0,0.0,1.0,0.0,0.0,0.0,0.0,0.0,1.0,1
0.4552238805970149,-0.5,-0.5831659261125515,-0.6180439077471162,1.0,0.0,0.0,1.0,0.0,0.0,1.0,0.0,0.0,0.0,1.0,0.0,0.0,0
0.1417910447761194,1.0,1.488981602391087,-0.31276662805529526,2.0,0.0,0.0,1.0,0.0,1.0,0.0,0.0,0.0,0.0,1.0,0.0,0.0,1
-0.43283582089552236,-1.5,-0.6027252775854401,0.6309194827595973,0.0,0.0,0.0,1.0,0.0,1.0,0.0,0.0,0.0,0.0,1.0,0.0,0.0,1
1.6604477611940298,2.5,-0.26550937295943605,-0.38578710496703844,1.0,0.0,0.0,1.0,0.0,1.0,0.0,0.0,0.0,0.0,1.0,0.0,0.0,1
0.022388059701492536,-1.0,-0.5560722473961704,0.742658560256871,0.0,0.0,0.0,1.0,0.0,1.0,0.0,0.0,0.0,0.0,0.0,1.0,0.0,0
-0.04477611940298507,1.0,0.9468773611169102,-0.738162996651254,2.0,0.0,0.0,0.0,1.0,1.0,0.0,0.0,0.0,0.0,1.0,0.0,0.0,1
-1.1007462686567164,0.0,-0.39943974793000253,0.10354371889735524,-1.0,0.0,0.0,1.0,0.0,1.0,0.0,0.0,0.0,0.0,0.0,1.0,0.0,1
0.16791044776119404,1.0,0.0955974424561727,1.5216736819482712,2.0,0.0,0.0,1.0,0.0,1.0,0.0,0.0,0.0,0.0,0.0,0.0,1.0,1
0.417910447761194,-1.0,0.06107526330059875,0.7395688968037519,2.0,0.0,0.0,1.0,0.0,1.0,0.0,0.0,0.0,0.0,0.0,1.0,0.0,1
-0.30970149253731344,0.5,2.5999667016240386,-0.30293746292410373,1.0,0.0,0.0,0.0,1.0,0.0,1.0,0.0,0.0,0.0,1.0,0.0,0.0,1
-0.5223880597014925,-1.0,1.5048891854170126,0.5037043229896283,0.0,1.0,0.0,1.0,0.0,0.0,0.0,0.0,1.0,0.0,0.0,1.0,0.0,0
1.1604477611940298,0.0,-0.5817650051968972,-0.49399127714636004,0.0,0.0,0.0,0.0,1.0,0.0,0.0,0.0,0.0,1.0,1.0,0.0,0.0,1
-0.10820895522388059,0.0,-0.24450019662373848,-0.3565164116097419,2.0,0.0,0.0,1.0,0.0,0.0,1.0,0.0,0.0,0.0,1.0,0.0,0.0,1
-0.7238805970149254,0.0,0.5044607607210577,0.8200657587034159,1.0,1.0,0.0,1.0,0.0,1.0,0.0,0.0,0.0,0.0,1.0,0.0,0.0,1
1.3992537313432836,-1.0,1.9771872961340047,-0.8065022120103864,1.0,0.0,0.0,1.0,0.0,0.0,0.0,0.0,1.0,0.0,1.0,0.0,0.0,0
-0.9813432835820896,-0.5,1.698221472857807,1.007504808534129,1.0,0.0,0.0,1.0,0.0,1.0,0.0,0.0,0.0,0.0,0.0,1.0,0.0,1
0.7910447761194029,0.5,-0.05548978074381999,0.32351043842616584,-1.0,0.0,0.0,1.0,0.0,0.0,0.0,1.0,0.0,0.0,0.0,1.0,0.0,0
0.08582089552238806,1.0,-0.43216725168264514,-0.04616740945908174,1.0,0.0,0.0,1.0,0.0,1.0,0.0,0.0,0.0,0.0,1.0,0.0,0.0,0
-0.9738805970149254,1.5,-0.523212203254312,-1.0105407540771416,0.0,0.0,0.0,0.0,1.0,1.0,0.0,0.0,0.0,0.0,1.0,0.0,0.0,1
0.2537313432835821,0.5,-0.31729612059919704,-0.4153178523353578,-1.0,0.0,0.0,1.0,0.0,1.0,0.0,0.0,0.0,0.0,0.0,1.0,0.0,0
0.832089552238806,0.5,1.3855581725254886,-0.8890149039818969,0.0,0.0,0.0,1.0,0.0,0.0,0.0,1.0,0.0,0.0,1.0,0.0,0.0,0
-0.9216417910447762,-1.0,3.1920618953001867,0.9490774715172148,2.0,0.0,0.0,0.0,1.0,1.0,0.0,0.0,0.0,0.0,0.0,1.0,0.0,1
-1.123134328358209,0.5,0.4522317910805979,0.5437490795748713,2.0,0.0,0.0,1.0,0.0,1.0,0.0,0.0,0.0,0.0,1.0,0.0,0.0,1
-1.1119402985074627,0.5,-0.5898611183430598,1.373051870392774,-1.0,0.0,0.0,0.0,1.0,0.0,1.0,0.0,0.0,0.0,1.0,0.0,0.0,1
0.34328358208955223,1.0,0.10756844046366663,-0.376670518984354,0.0,0.0,0.0,0.0,1.0,1.0,0.0,0.0,0.0,0.0,0.0,1.0,0.0,1
0.8395522388059702,0.0,1.4447532336248579,-0.7652344178820144,0.0,0.0,1.0,0.0,0.0,1.0,0.0,0.0,0.0,0.0,1.0,0.0,0.0,0
0.2126865671641791,1.0,-0.29363564588861263,-0.8989445093960352,2.0,1.0,0.0,1.0,0.0,0.0,1.0,0.0,0.0,0.0,1.0,0.0,0.0,1
0.1791044776119403,-0.5,0.04953156250754272,0.17877006752569788,-1.0,0.0,1.0,0.0,0.0,0.0,0.0,0.0,1.0,0.0,0.0,0.0,1.0,0
-0.3358208955223881,2.0,0.9034166427940408,1.1197752261200429,0.0,1.0,0.0,0.0,1.0,0.0,1.0,0.0,0.0,0.0,1.0,0.0,0.0,1
0.4664179104477612,-1.0,2.064714507594949,0.6955065864129449,-1.0,1.0,0.0,1.0,0.0,1.0,0.0,0.0,0.0,0.0,0.0,0.0,1.0,1
0.6194029850746269,-1.5,-0.20554566432695326,-0.9217973486552618,0.0,0.0,0.0,0.0,1.0,1.0,0.0,0.0,0.0,0.0,1.0,0.0,0.0,0
-1.585820895522388,0.0,-0.3169587040301472,-0.01741982476594251,1.0,1.0,0.0,0.0,1.0,1.0,0.0,0.0,0.0,0.0,0.0,1.0,0.0,0
-0.40298507462686567,0.5,0.12222455947556832,0.282906217500432,0.0,0.0,0.0,1.0,0.0,0.0,0.0,1.0,0.0,0.0,1.0,0.0,0.0,0
0.7798507462686567,-1.5,0.2905811584891588,1.408499739429656,0.0,1.0,0.0,0.0,1.0,1.0,0.0,0.0,0.0,0.0,1.0,0.0,0.0,1
-1.0037313432835822,-1.5,-0.0117225139680311,-0.11300748697180389,1.0,0.0,0.0,1.0,0.0,0.0,0.0,1.0,0.0,0.0,0.0,1.0,0.0,0
0.9664179104477612,0.0,1.0996921312043895,-0.03578294822508838,1.0,1.0,0.0,0.0,1.0,0.0,0.0,0.0,0.0,1.0,0.0,0.0,1.0,1
-1.6194029850746268,-0.5,-0.5287814217539841,0.10094028811885954,0.0,0.0,1.0,0.0,0.0,1.0,0.0,0.0,0.0,0.0,0.0,0.0,1.0,0
0.5298507462686567,-1.5,-0.465996040060888,0.8924405159288347,1.0,0.0,0.0,0.0,1.0,0.0,1.0,0.0,0.0,0.0,1.0,0.0,0.0,0
-0.048507462686567165,0.0,0.0027636427156648856,-0.8440270943662197,1.0,0.0,0.0,0.0,1.0,1.0,0.0,0.0,0.0,0.0,0.0,1.0,0.0,0
-0.22761194029850745,-1.5,0.0782113494648695,0.033621455427543204,1.0,0.0,0.0,1.0,0.0,0.0,0.0,1.0,0.0,0.0,1.0,0.0,0.0,0
-0.05970149253731343,0.0,-0.1832196345727935,-1.0665657192990865,0.0,0.0,0.0,0.0,1.0,0.0,1.0,0.0,0.0,0.0,1.0,0.0,0.0,0
0.10074626865671642,-0.5,-0.024124327971027246,0.4639087878975235,1.0,0.0,0.0,1.0,0.0,1.0,0.0,0.0,0.0,0.0,0.0,1.0,0.0,0
0.29850746268656714,0.0,-0.3347015741107771,0.17933734020017017,1.0,0.0,0.0,1.0,0.0,1.0,0.0,0.0,0.0,0.0,1.0,0.0,0.0,0
0.1044776119402985,0.0,0.8766767691922429,-0.7223327726029005,2.0,0.0,0.0,1.0,0.0,0.0,0.0,0.0,0.0,1.0,0.0,0.0,1.0,1
-0.23507462686567165,-1.0,-0.41718706407130784,-1.0693196078992746,2.0,0.0,0.0,1.0,0.0,1.0,0.0,0.0,0.0,0.0,0.0,0.0,1.0,1
0.6044776119402985,0.5,-0.48865875433393924,0.19818303330366818,1.0,0.0,0.0,1.0,0.0,1.0,0.0,0.0,0.0,0.0,1.0,0.0,0.0,0
0.14925373134328357,-0.5,1.1729496427844015,-0.052729216382523925,1.0,0.0,1.0,0.0,0.0,1.0,0.0,0.0,0.0,0.0,0.0,1.0,0.0,0
-1.2649253731343284,-0.5,-0.5156790479081197,0.3708542318055413,-1.0,1.0,1.0,0.0,0.0,1.0,0.0,0.0,0.0,0.0,0.0,1.0,0.0,0
0.14925373134328357,-0.5,-0.41859323295400447,0.9620913252738404,1.0,0.0,0.0,0.0,1.0,1.0,0.0,0.0,0.0,0.0,1.0,0.0,0.0,0
0.15671641791044777,-1.0,-0.35860420383132274,0.5735657101540647,3.0,0.0,0.0,0.0,1.0,0.0,1.0,0.0,0.0,0.0,0.0,1.0,0.0,1
-0.8134328358208955,-0.5,-0.5524211686565302,0.7671571156043245,2.0,0.0,0.0,1.0,0.0,1.0,0.0,0.0,0.0,0.0,1.0,0.0,0.0,1
-0.7052238805970149,1.0,0.9596887760815346,-0.960491423120205,-1.0,1.0,0.0,1.0,0.0,1.0,0.0,0.0,0.0,0.0,1.0,0.0,0.0,1
-0.6343283582089553,2.0,0.5691500052491304,-0.3486163699307374,0.0,1.0,0.0,1.0,0.0,0.0,0.0,0.0,0.0,1.0,1.0,0.0,0.0,1
-0.5746268656716418,-0.5,0.26385837410340596,-0.6192562424088086,1.0,0.0,0.0,1.0,0.0,0.0,0.0,1.0,0.0,0.0,0.0,1.0,0.0,1
1.1940298507462686,-1.0,-0.3624030672014047,0.7123465488274664,1.0,0.0,0.0,1.0,0.0,0.0,1.0,0.0,0.0,0.0,0.0,1.0,0.0,0
1.0111940298507462,1.5,0.0932381788889474,-0.5777869496968587,-1.0,0.0,0.0,1.0,0.0,0.0,0.0,1.0,0.0,0.0,1.0,0.0,0.0,1
-0.26492537313432835,2.5,-0.3775477003303988,-0.4578367222874279,1.0,0.0,0.0,1.0,0.0,0.0,0.0,0.0,0.0,1.0,1.0,0.0,0.0,1
-0.6567164179104478,2.0,-0.5630663191368274,0.017195647081535807,0.0,0.0,0.0,1.0,0.0,0.0,0.0,1.0,0.0,0.0,1.0,0.0,0.0,1
0.6753731343283582,0.5,-0.3201992440943471,-0.06326415422788838,3.0,0.0,0.0,0.0,1.0,0.0,0.0,0.0,0.0,1.0,1.0,0.0,0.0,1
-0.6455223880597015,0.5,0.38455330978672625,-0.9119315503046052,0.0,0.0,0.0,1.0,0.0,0.0,0.0,0.0,0.0,1.0,0.0,1.0,0.0,1
-1.0559701492537314,0.5,-0.32529068232304026,-0.5931476569817086,2.0,1.0,0.0,1.0,0.0,1.0,0.0,0.0,0.0,0.0,1.0,0.0,0.0,1
-0.10074626865671642,0.0,0.0629347563197244,-0.859010408814348,-1.0,0.0,0.0,1.0,0.0,1.0,0.0,0.0,0.0,0.0,1.0,0.0,0.0,0
1.7682089552238844,-1.5,0.6093013083167524,-0.06261669742181306,1.0,0.0,0.0,0.0,1.0,1.0,0.0,0.0,0.0,0.0,1.0,0.0,0.0,0
-0.8395522388059702,-1.0,-0.10860849258970075,-0.382819279854398,3.0,0.0,0.0,0.0,1.0,0.0,0.0,1.0,0.0,0.0,0.0,0.0,1.0,1
0.0037313432835820895,-0.5,-0.25390904873888265,1.7206757969526445,1.0,0.0,0.0,0.0,1.0,0.0,0.0,0.0,1.0,0.0,0.0,0.0,1.0,1
-0.9402985074626866,-0.5,-0.5506950166046641,0.40229553043607225,-1.0,1.0,0.0,0.0,1.0,0.0,0.0,1.0,0.0,0.0,0.0,1.0,0.0,0
-1.373134328358209,2.0,-0.6017023273771266,0.3970202593303863,1.0,0.0,0.0,1.0,0.0,1.0,0.0,0.0,0.0,0.0,1.0,0.0,0.0,1
0.5335820895522388,0.5,-0.32216869869165604,0.4221657835975316,0.0,0.0,0.0,0.0,1.0,0.0,0.0,0.0,1.0,0.0,0.0,1.0,0.0,0
0.75,0.0,-0.1744904347918139,0.723475165681731,-1.0,0.0,0.0,1.0,0.0,0.0,1.0,0.0,0.0,0.0,1.0,0.0,0.0,0
1.6119402985074627,0.5,-0.5119529446700625,-0.23304296348362913,0.0,0.0,0.0,1.0,0.0,0.0,0.0,1.0,0.0,0.0,1.0,0.0,0.0,0
-0.6977611940298507,-1.0,-0.5519327298987713,-0.2658626943334558,0.0,0.0,0.0,0.0,1.0,1.0,0.0,0.0,0.0,0.0,1.0,0.0,0.0,1
0.373134328358209,-1.0,-0.07998135770934643,0.5986564515535386,3.0,1.0,0.0,1.0,0.0,1.0,0.0,0.0,0.0,0.0,1.0,0.0,0.0,1
0.47388059701492535,-1.5,1.0760663989735104,-0.32292239810028667,2.0,0.0,0.0,1.0,0.0,1.0,0.0,0.0,0.0,0.0,1.0,0.0,0.0,1
-0.9813432835820896,0.5,-0.4522675123191902,-0.5540326160920223,-1.0,0.0,0.0,1.0,0.0,1.0,0.0,0.0,0.0,0.0,1.0,0.0,0.0,0
0.014925373134328358,-1.0,0.2452298303544321,-0.55241718257779,1.0,1.0,0.0,1.0,0.0,1.0,0.0,0.0,0.0,0.0,0.0,1.0,0.0,0
-1.6194029850746268,0.0,1.3109291645330268,0.885554119304041,1.0,0.0,0.0,1.0,0.0,0.0,1.0,0.0,0.0,0.0,1.0,0.0,0.0,1
-0.10074626865671642,0.5,-0.13307248412877806,-0.08677163365235092,0.0,0.0,0.0,0.0,1.0,0.0,1.0,0.0,0.0,0.0,1.0,0.0,0.0,0
-1.0261194029850746,0.0,-0.5668469124163623,0.7825149649249199,-1.0,0.0,0.0,0.0,1.0,0.0,0.0,1.0,0.0,0.0,0.0,1.0,0.0,0
-1.0559701492537314,0.5,0.25811855119432775,-0.7643637104654833,1.0,0.0,0.0,0.0,1.0,0.0,0.0,1.0,0.0,0.0,1.0,0.0,0.0,0
0.22761194029850745,-0.5,0.8985719107279765,-0.12914651208377287,0.0,0.0,0.0,1.0,0.0,0.0,0.0,0.0,1.0,0.0,1.0,0.0,0.0,0
-0.23134328358208955,1.0,0.15360945827602068,-0.030847421659078493,2.0,0.0,0.0,1.0,0.0,1.0,0.0,0.0,0.0,0.0,1.0,0.0,0.0,1
0.5261194029850746,1.0,-0.09859639422393043,-0.8765562005301163,-1.0,0.0,0.0,1.0,0.0,1.0,0.0,0.0,0.0,0.0,1.0,0.0,0.0,0
0.10820895522388059,0.0,0.27345660449679104,0.16668467384870514,-1.0,0.0,0.0,1.0,0.0,1.0,0.0,0.0,0.0,0.0,1.0,0.0,0.0,0
0.31716417910447764,-0.5,1.0154768686330606,0.015863692060306227,0.0,0.0,0.0,1.0,0.0,1.0,0.0,0.0,0.0,0.0,0.0,0.0,1.0,0
1.0037313432835822,0.5,-0.4389040679865184,-0.35518869434680783,2.0,0.0,0.0,0.0,1.0,0.0,1.0,0.0,0.0,0.0,1.0,0.0,0.0,1
-0.3582089552238806,1.0,0.6578972687249273,0.05435476505019978,1.0,0.0,0.0,1.0,0.0,1.0,0.0,0.0,0.0,0.0,1.0,0.0,0.0,0
0.8619402985074627,0.5,-0.027243216561920285,-0.09877825002007,2.0,0.0,0.0,0.0,1.0,0.0,0.0,1.0,0.0,0.0,0.0,1.0,0.0,1
0.9253731343283582,0.0,-0.293947077703802,-0.22467741929574842,0.0,0.0,0.0,0.0,1.0,0.0,1.0,0.0,0.0,0.0,1.0,0.0,0.0,0
0.44402985074626866,-1.0,-0.06706558607578027,0.07258590254091589,0.0,0.0,0.0,1.0,0.0,0.0,0.0,1.0,0.0,0.0,1.0,0.0,0.0,0
0.503731343283582,0.5,-0.5841274211719442,-0.7483394101408579,1.0,1.0,0.0,1.0,0.0,0.0,0.0,1.0,0.0,0.0,1.0,0.0,0.0,0
-0.5671641791044776,0.5,-0.2718188854398089,1.3274706912486332,2.0,1.0,0.0,1.0,0.0,1.0,0.0,0.0,0.0,0.0,1.0,0.0,0.0,1
0.011194029850746268,-0.5,-0.5569538724175315,0.7475921089333378,1.0,0.0,0.0,1.0,0.0,1.0,0.0,0.0,0.0,0.0,0.0,1.0,0.0,0
-0.43656716417910446,1.0,-0.29462161087420957,0.7866695583277798,1.0,0.0,0.0,1.0,0.0,1.0,0.0,0.0,0.0,0.0,1.0,0.0,0.0,0
0.1865671641791045,1.0,1.6753728164792059,-0.9346651777432491,1.0,1.0,0.0,1.0,0.0,0.0,1.0,0.0,0.0,0.0,0.0,1.0,0.0,0
0.10820895522388059,-0.5,0.7693968053047735,-0.4408420988815039,0.0,0.0,0.0,1.0,0.0,1.0,0.0,0.0,0.0,0.0,0.0,0.0,1.0,1
-0.12313432835820895,1.0,-0.5001493951585353,0.15784337965041276,1.0,0.0,0.0,1.0,0.0,0.0,0.0,1.0,0.0,0.0,0.0,1.0,0.0,0
0.26865671641791045,0.5,0.6259492990717842,1.1473084022216842,1.0,1.0,0.0,0.0,1.0,1.0,0.0,0.0,0.0,0.0,1.0,0.0,0.0,1
0.022388059701492536,-0.5,0.4601356136508511,0.5024202789609143,0.0,0.0,0.0,0.0,1.0,1.0,0.0,0.0,0.0,0.0,1.0,0.0,0.0,0
0.27238805970149255,0.5,-0.36052241762405074,-0.15978905297462978,2.0,0.0,0.0,0.0,1.0,0.0,1.0,0.0,0.0,0.0,0.0,1.0,0.0,1
0.7126865671641791,1.5,0.6325809684896907,0.07518371186264024,0.0,0.0,0.0,1.0,0.0,1.0,0.0,0.0,0.0,0.0,0.0,1.0,0.0,1
0.3656716417910448,0.0,-0.29992916501113487,-0.2824707517531429,2.0,0.0,0.0,1.0,0.0,0.0,0.0,1.0,0.0,0.0,1.0,0.0,0.0,1
-0.7910447761194029,0.0,0.05468061305935886,1.446511711065768,1.0,0.0,0.0,1.0,0.0,0.0,0.0,0.0,0.0,1.0,1.0,0.0,0.0,1
-0.7276119402985075,0.5,0.3762602276720223,-0.5482773429012584,1.0,0.0,1.0,0.0,0.0,0.0,0.0,1.0,0.0,0.0,1.0,0.0,0.0,1
-0.022388059701492536,1.0,-0.07891814726174855,1.0683216107341298,1.0,1.0,0.0,1.0,0.0,1.0,0.0,0.0,0.0,0.0,1.0,0.0,0.0,0
1.208955223880597,0.0,0.0674208092881212,-0.2935833025089611,1.0,1.0,0.0,0.0,1.0,0.0,1.0,0.0,0.0,0.0,0.0,1.0,0.0,0
0.2462686567164179,-0.5,0.1515940255054754,0.8487806129664559,0.0,0.0,0.0,1.0,0.0,1.0,0.0,0.0,0.0,0.0,0.0,1.0,0.0,0
-0.21641791044776118,-1.0,0.8330073966656001,-1.017775596316932,0.0,0.0,0.0,1.0,0.0,1.0,0.0,0.0,0.0,0.0,0.0,0.0,1.0,1
-0.48507462686567165,-1.0,0.40193458886021466,0.27906117148188037,0.0,0.0,0.0,1.0,0.0,1.0,0.0,0.0,0.0,0.0,0.0,1.0,0.0,0
-0.19029850746268656,2.0,0.5091957039167232,0.856473256335215,1.0,0.0,0.0,1.0,0.0,1.0,0.0,0.0,0.0,0.0,0.0,1.0,0.0,1
-0.21641791044776118,0.0,1.310067901194957,-0.010601195430292323,1.0,0.0,0.0,1.0,0.0,0.0,1.0,0.0,0.0,0.0,0.0,1.0,0.0,1
-0.9291044776119403,0.5,-0.3305224773799072,0.8319620510733025,0.0,0.0,0.0,0.0,1.0,0.0,1.0,0.0,0.0,0.0,1.0,0.0,0.0,0
0.7686567164179104,-1.0,-0.5709569016959289,-0.26678705811923487,-1.0,0.0,0.0,1.0,0.0,0.0,0.0,1.0,0.0,0.0,0.0,1.0,0.0,0
-0.20149253731343283,0.5,0.04564232817314657,0.7259396489125618,0.0,0.0,0.0,0.0,1.0,1.0,0.0,0.0,0.0,0.0,1.0,0.0,0.0,0
0.7985074626865671,-1.0,-0.11359893486154918,0.9065054378827133,1.0,0.0,0.0,1.0,0.0,1.0,0.0,0.0,0.0,0.0,1.0,0.0,0.0,1
-0.15298507462686567,0.5,1.1836662269995386,-0.7937458647745805,0.0,0.0,0.0,1.0,0.0,1.0,0.0,0.0,0.0,0.0,0.0,0.0,1.0,0
0.8022388059701493,0.0,-0.07397742811793012,-0.004319841074991109,1.0,0.0,0.0,1.0,0.0,1.0,0.0,0.0,0.0,0.0,1.0,0.0,0.0,1
0.05223880597014925,0.0,0.8262236468843954,0.1256188702766128,1.0,0.0,0.0,0.0,1.0,1.0,0.0,0.0,0.0,0.0,1.0,0.0,0.0,0
0.033582089552238806,1.0,0.5214492518176905,0.02706140198023948,0.0,0.0,0.0,1.0,0.0,1.0,0.0,0.0,0.0,0.0,1.0,0.0,0.0,0
-0.6791044776119403,-0.5,-0.5434239126662058,0.7673089182241922,-1.0,1.0,0.0,0.0,1.0,0.0,0.0,0.0,0.0,1.0,1.0,0.0,0.0,0
0.23880597014925373,-0.5,-0.4186922242122536,0.6528564240849257,0.0,0.0,0.0,1.0,0.0,1.0,0.0,0.0,0.0,0.0,1.0,0.0,0.0,0
0.3358208955223881,0.5,1.0709377581688475,0.14770772708797014,0.0,0.0,0.0,0.0,1.0,1.0,0.0,0.0,0.0,0.0,0.0,1.0,0.0,0
-0.6007462686567164,-0.5,0.06438347704614833,-0.34293090044303176,-1.0,0.0,0.0,1.0,0.0,0.0,0.0,0.0,1.0,0.0,0.0,1.0,0.0,0
-0.1044776119402985,-0.5,0.3727826007354896,-0.8999668958472539,1.0,0.0,0.0,1.0,0.0,0.0,0.0,1.0,0.0,0.0,0.0,0.0,1.0,0
0.2462686567164179,0.0,-0.533051215892364,0.053363825515622174,0.0,0.0,0.0,1.0,0.0,0.0,0.0,0.0,0.0,1.0,1.0,0.0,0.0,1
-1.4701492537313432,2.0,-0.46066920927077626,0.07281454188593112,0.0,0.0,0.0,1.0,0.0,0.0,0.0,0.0,0.0,1.0,0.0,0.0,1.0,1
-0.48134328358208955,1.5,-0.16347293660756673,-0.13512397248754043,0.0,0.0,0.0,1.0,0.0,0.0,0.0,1.0,0.0,0.0,1.0,0.0,0.0,1
-0.6716417910447762,1.0,1.2377603501816652,-0.5298837609936957,2.0,1.0,0.0,0.0,1.0,1.0,0.0,0.0,0.0,0.0,1.0,0.0,0.0,1
-0.373134328358209,0.0,1.4900971931015672,0.7484571523876341,0.0,0.0,0.0,0.0,1.0,1.0,0.0,0.0,0.0,0.0,1.0,0.0,0.0,0
-0.5447761194029851,0.0,0.5971722699656669,-0.059521462086962955,1.0,0.0,0.0,1.0,0.0,0.0,0.0,1.0,0.0,0.0,0.0,0.0,1.0,0
0.373134328358209,0.0,-0.28880424421109346,0.2444781204486026,0.0,0.0,0.0,1.0,0.0,0.0,0.0,1.0,0.0,0.0,1.0,0.0,0.0,0
-0.9104477611940298,0.0,-0.46260343993594494,-0.8287279433485023,1.0,0.0,0.0,1.0,0.0,0.0,0.0,0.0,0.0,1.0,1.0,0.0,0.0,1
0.8917910447761194,0.0,-0.21856289939760884,-0.26966423915692417,0.0,0.0,0.0,0.0,1.0,0.0,1.0,0.0,0.0,0.0,0.0,0.0,1.0,0
-0.7425373134328358,-1.0,0.5603442128596519,-0.5220123468053222,1.0,1.0,0.0,1.0,0.0,0.0,0.0,0.0,1.0,0.0,0.0,0.0,1.0,0
0.8805970149253731,-1.5,-0.38712034751526747,-0.46135217638856096,-1.0,0.0,0.0,0.0,1.0,0.0,1.0,0.0,0.0,0.0,0.0,1.0,0.0,0
-0.41044776119402987,-1.0,-0.3445373223137902,-0.9821840742664556,-1.0,0.0,0.0,0.0,1.0,1.0,0.0,0.0,0.0,0.0,1.0,0.0,0.0,0
0.6455223880597015,-0.5,1.589934991264792,-0.579865619905411,1.0,0.0,0.0,0.0,1.0,1.0,0.0,0.0,0.0,0.0,1.0,0.0,0.0,0
-0.22014925373134328,0.0,1.2526389846347115,0.5207469976967259,1.0,1.0,0.0,1.0,0.0,1.0,0.0,0.0,0.0,0.0,1.0,0.0,0.0,0
0.022388059701492536,-1.0,-0.030773513252445713,-0.24676675056512656,3.0,1.0,1.0,0.0,0.0,0.0,0.0,1.0,0.0,0.0,0.0,1.0,0.0,1
1.421641791044776,0.5,-0.5715078735828706,-0.8080741198855748,-1.0,0.0,0.0,1.0,0.0,0.0,0.0,1.0,0.0,0.0,0.0,0.0,1.0,1
-0.39925373134328357,-1.5,-0.32952829561028957,0.229928304646557,0.0,0.0,0.0,1.0,0.0,0.0,1.0,0.0,0.0,0.0,0.0,1.0,0.0,0
-0.1791044776119403,1.5,-0.4257122333273376,-0.24301898227532287,0.0,0.0,0.0,1.0,0.0,1.0,0.0,0.0,0.0,0.0,1.0,0.0,0.0,1
-0.7611940298507462,1.0,-0.5004139001817808,-0.4104373552083034,-1.0,0.0,0.0,0.0,1.0,1.0,0.0,0.0,0.0,0.0,1.0,0.0,0.0,0
-0.5298507462686567,0.0,-0.3735830204809471,0.4449654127130483,2.0,0.0,0.0,1.0,0.0,1.0,0.0,0.0,0.0,0.0,0.0,0.0,1.0,1
0.30597014925373134,-0.5,0.07703277668623916,-0.3201728978553411,1.0,0.0,0.0,0.0,1.0,0.0,0.0,0.0,1.0,0.0,1.0,0.0,0.0,0
-1.3917910447761195,-1.5,1.031703442144701,-0.020485809769680632,1.0,0.0,0.0,1.0,0.0,0.0,1.0,0.0,0.0,0.0,1.0,0.0,0.0,1
-0.7126865671641791,1.0,0.059287031232483176,1.7206757969526445,2.0,0.0,0.0,1.0,0.0,0.0,1.0,0.0,0.0,0.0,0.0,0.0,1.0,1
0.09328358208955224,1.5,1.5035867435618044,-0.7338433914689745,1.0,0.0,0.0,1.0,0.0,1.0,0.0,0.0,0.0,0.0,0.0,1.0,0.0,1
0.5186567164179104,-1.0,-0.6122340056309662,0.3854108453395279,2.0,0.0,0.0,0.0,1.0,1.0,0.0,0.0,0.0,0.0,0.0,1.0,0.0,1
-0.2462686567164179,-0.5,-0.03231649700247252,0.03541621324094795,1.0,0.0,0.0,1.0,0.0,0.0,0.0,0.0,0.0,1.0,0.0,1.0,0.0,0
-0.5,0.5,0.8273130168795034,1.7206757969526445,1.0,0.0,0.0,1.0,0.0,0.0,0.0,1.0,0.0,0.0,1.0,0.0,0.0,1
-0.2835820895522388,-1.5,0.37852243681166653,-0.4601239656828682,1.0,0.0,0.0,1.0,0.0,0.0,0.0,0.0,1.0,0.0,0.0,0.0,1.0,0
-0.23134328358208955,0.5,1.5767197422931407,0.341229597531454,2.0,0.0,0.0,1.0,0.0,0.0,0.0,1.0,0.0,0.0,0.0,0.0,1.0,1
-0.14925373134328357,1.0,0.0014914339667617227,-0.6293631610805798,2.0,0.0,0.0,1.0,0.0,1.0,0.0,0.0,0.0,0.0,0.0,1.0,0.0,1
-0.5597014925373134,-1.5,1.192290980510413,0.056587192293216036,1.0,0.0,0.0,1.0,0.0,1.0,0.0,0.0,0.0,0.0,1.0,0.0,0.0,0
1.1940298507462686,-0.5,-0.5059876311714406,0.025954292856488332,0.0,1.0,0.0,1.0,0.0,0.0,0.0,1.0,0.0,0.0,1.0,0.0,0.0,0
0.835820895522388,1.5,0.13666649738263048,0.2834990820151431,1.0,0.0,0.0,1.0,0.0,1.0,0.0,0.0,0.0,0.0,0.0,0.0,1.0,1
-0.3880597014925373,-1.0,-0.26233757882714215,-0.23354962925420936,1.0,0.0,0.0,1.0,0.0,1.0,0.0,0.0,0.0,0.0,0.0,1.0,0.0,0
0.12313432835820895,1.0,-0.6138305960292626,0.2891330920166507,0.0,0.0,0.0,0.0,1.0,1.0,0.0,0.0,0.0,0.0,0.0,1.0,0.0,0
-0.3358208955223881,1.0,0.22062940450356935,-0.29209575517839403,1.0,0.0,0.0,1.0,0.0,0.0,0.0,1.0,0.0,0.0,0.0,0.0,1.0,0
1.7682089552238844,-1.5,-0.6217278394225659,0.20957052946947177,2.0,0.0,0.0,0.0,1.0,0.0,1.0,0.0,0.0,0.0,1.0,0.0,0.0,1
0.7649253731343284,0.0,0.4538043801617343,-0.9338831327140239,-1.0,0.0,0.0,0.0,1.0,1.0,0.0,0.0,0.0,0.0,0.0,1.0,0.0,0
-0.8470149253731343,-0.5,0.13303562325119422,-0.8634552557086906,2.0,0.0,1.0,0.0,0.0,1.0,0.0,0.0,0.0,0.0,0.0,1.0,0.0,1
-0.6716417910447762,0.0,0.41649476146458936,-0.05388712478005515,-1.0,0.0,0.0,1.0,0.0,0.0,0.0,1.0,0.0,0.0,0.0,1.0,0.0,0
-0.22388059701492538,0.5,-0.3342747017539027,0.8887637746675853,-1.0,0.0,0.0,1.0,0.0,0.0,0.0,1.0,0.0,0.0,1.0,0.0,0.0,0
0.5149253731343284,0.5,0.5706441314937629,-0.042547922590769005,-1.0,0.0,0.0,1.0,0.0,0.0,0.0,0.0,1.0,0.0,1.0,0.0,0.0,0
0.09328358208955224,-1.0,0.2758731464997356,-0.6613246291707644,3.0,0.0,0.0,1.0,0.0,1.0,0.0,0.0,0.0,0.0,0.0,0.0,1.0,1
-1.5261194029850746,-1.0,0.563845538109195,0.17142284615772593,-1.0,0.0,0.0,1.0,0.0,0.0,1.0,0.0,0.0,0.0,0.0,0.0,1.0,0
0.026119402985074626,-1.5,-0.026451366512518684,0.19839779110475383,1.0,0.0,0.0,1.0,0.0,0.0,0.0,1.0,0.0,0.0,1.0,0.0,0.0,0
-0.5708955223880597,1.0,1.0392634632001243,-0.9684613189595761,-1.0,0.0,0.0,1.0,0.0,1.0,0.0,0.0,0.0,0.0,1.0,0.0,0.0,0
0.9253731343283582,2.5,0.9555537349067178,0.19682362682133067,1.0,0.0,0.0,0.0,1.0,1.0,0.0,0.0,0.0,0.0,0.0,1.0,0.0,1
-0.8246268656716418,-0.5,-0.10774041260142907,-1.0693196078992746,0.0,0.0,0.0,1.0,0.0,0.0,0.0,1.0,0.0,0.0,0.0,0.0,1.0,0
-0.47761194029850745,-0.5,0.8209465103829486,0.18619688228569964,2.0,0.0,0.0,1.0,0.0,0.0,0.0,0.0,1.0,0.0,0.0,1.0,0.0,1
0.12313432835820895,-0.5,1.8543031589361016,0.027381833608604817,2.0,0.0,0.0,0.0,1.0,0.0,1.0,0.0,0.0,0.0,0.0,1.0,0.0,1
-0.19776119402985073,-0.5,0.4209213611672753,-0.7729633004695141,1.0,0.0,0.0,1.0,0.0,0.0,0.0,1.0,0.0,0.0,0.0,0.0,1.0,0
0.22761194029850745,-0.5,-0.46361678840624193,-0.11422774059142597,1.0,0.0,0.0,0.0,1.0,1.0,0.0,0.0,0.0,0.0,0.0,1.0,0.0,0
-0.832089552238806,0.5,0.4926574920921031,-0.8302050932434295,-1.0,0.0,0.0,1.0,0.0,0.0,1.0,0.0,0.0,0.0,1.0,0.0,0.0,0
-1.3320895522388059,2.5,-0.08207203906446636,0.020565378523517277,0.0,0.0,0.0,1.0,0.0,0.0,1.0,0.0,0.0,0.0,0.0,1.0,0.0,1
0.16417910447761194,-0.5,0.16488759383162555,0.18268551372159011,1.0,0.0,0.0,0.0,1.0,1.0,0.0,0.0,0.0,0.0,1.0,0.0,0.0,0
0.2462686567164179,2.5,-0.07161337375566221,0.015331444115794995,1.0,0.0,0.0,1.0,0.0,1.0,0.0,0.0,0.0,0.0,0.0,0.0,1.0,1
0.21641791044776118,0.0,0.1111535359908796,0.315331717424638,1.0,0.0,0.0,0.0,1.0,0.0,1.0,0.0,0.0,0.0,1.0,0.0,0.0,0
0.664179104477612,0.0,1.2389747738003782,-1.0210676769980973,-1.0,0.0,0.0,1.0,0.0,1.0,0.0,0.0,0.0,0.0,0.0,1.0,0.0,0
-0.12313432835820895,0.5,-0.22257827175436193,0.328021209779407,0.0,0.0,0.0,0.0,1.0,1.0,0.0,0.0,0.0,0.0,0.0,0.0,1.0,1
0.664179104477612,-0.5,-0.20719659526428044,0.04710551942797743,2.0,0.0,0.0,1.0,0.0,1.0,0.0,0.0,0.0,0.0,1.0,0.0,0.0,1
-0.048507462686567165,0.5,-0.3023362242702892,-0.774577512781897,0.0,0.0,0.0,0.0,1.0,1.0,0.0,0.0,0.0,0.0,0.0,1.0,0.0,0
-1.458955223880597,0.5,2.2440327638194164,-0.5990440352274602,1.0,1.0,0.0,1.0,0.0,0.0,0.0,1.0,0.0,0.0,0.0,0.0,1.0,1
-0.35074626865671643,0.0,-0.6143592592972787,1.7206757969526445,0.0,0.0,0.0,1.0,0.0,1.0,0.0,0.0,0.0,0.0,1.0,0.0,0.0,1
-0.6902985074626866,0.5,-0.44085566948237254,0.6258675919652499,-1.0,0.0,0.0,1.0,0.0,1.0,0.0,0.0,0.0,0.0,1.0,0.0,0.0,0
-1.3134328358208955,-1.0,-0.4516205561292248,-0.2185115094764459,1.0,0.0,0.0,1.0,0.0,1.0,0.0,0.0,0.0,0.0,0.0,1.0,0.0,0
-0.1417910447761194,0.5,-0.5018789215338773,0.05303312137055389,-1.0,0.0,0.0,1.0,0.0,1.0,0.0,0.0,0.0,0.0,1.0,0.0,0.0,0
0.44776119402985076,1.5,1.1947244936264976,0.8539062068000877,1.0,0.0,0.0,1.0,0.0,0.0,0.0,1.0,0.0,0.0,1.0,0.0,0.0,1
-0.6567164179104478,0.5,1.3676687251031938,-0.7115732154069343,1.0,0.0,0.0,1.0,0.0,1.0,0.0,0.0,0.0,0.0,0.0,1.0,0.0,1
0.41044776119402987,0.0,3.0529513037063793,-0.4783544168929385,0.0,0.0,0.0,1.0,0.0,1.0,0.0,0.0,0.0,0.0,0.0,0.0,1.0,0
0.2574626865671642,-1.5,2.002850162259615,-0.8136389313356445,2.0,0.0,0.0,1.0,0.0,0.0,1.0,0.0,0.0,0.0,0.0,0.0,1.0,1
-0.07835820895522388,-1.0,-0.5356072720036301,-0.9503578156227453,1.0,1.0,0.0,1.0,0.0,0.0,0.0,1.0,0.0,0.0,1.0,0.0,0.0,0
-1.1305970149253732,0.0,1.7307659069233587,-0.7782601137028626,-1.0,0.0,0.0,0.0,1.0,0.0,1.0,0.0,0.0,0.0,1.0,0.0,0.0,1
1.164179104477612,-1.0,0.1404367750333864,0.13878610388798213,0.0,1.0,0.0,1.0,0.0,0.0,0.0,1.0,0.0,0.0,1.0,0.0,0.0,1
0.9589552238805971,0.5,-0.5271951320426109,0.5320957085680491,0.0,0.0,0.0,0.0,1.0,0.0,0.0,1.0,0.0,0.0,0.0,1.0,0.0,0
0.07462686567164178,0.0,0.8759975667580597,0.8679797393164398,2.0,0.0,0.0,1.0,0.0,0.0,0.0,1.0,0.0,0.0,0.0,0.0,1.0,1
-0.5522388059701493,0.0,1.0154818456682337,0.9850873193032772,0.0,0.0,1.0,0.0,0.0,1.0,0.0,0.0,0.0,0.0,1.0,0.0,0.0,0
-0.5746268656716418,-0.5,-0.07719603381406911,0.25686233420738136,1.0,1.0,0.0,1.0,0.0,1.0,0.0,0.0,0.0,0.0,0.0,1.0,0.0,0
-0.34701492537313433,-1.5,0.18684941384264578,0.22345770916496707,0.0,1.0,0.0,1.0,0.0,0.0,0.0,1.0,0.0,0.0,1.0,0.0,0.0,0
-0.16791044776119404,-0.5,-0.12105458301624375,0.20803982764110895,3.0,0.0,0.0,0.0,1.0,0.0,0.0,0.0,0.0,1.0,1.0,0.0,0.0,1
0.4141791044776119,0.0,-0.28223776484057567,0.6534493818265253,0.0,0.0,0.0,1.0,0.0,1.0,0.0,0.0,0.0,0.0,0.0,0.0,1.0,0
-1.1455223880597014,-1.0,0.7698733564237984,0.5206760200661502,0.0,0.0,0.0,0.0,1.0,0.0,1.0,0.0,0.0,0.0,0.0,1.0,0.0,0
0.9514925373134329,0.0,-0.5562147575312915,1.1976032006347959,1.0,0.0,0.0,0.0,1.0,0.0,0.0,1.0,0.0,0.0,0.0,0.0,1.0,1
0.5223880597014925,0.0,-0.575211996939043,0.5155668795734626,-1.0,0.0,0.0,1.0,0.0,1.0,0.0,0.0,0.0,0.0,0.0,1.0,0.0,0
-0.47388059701492535,1.0,-0.4658247195431359,0.4682221229738249,2.0,0.0,0.0,1.0,0.0,0.0,0.0,1.0,0.0,0.0,0.0,1.0,0.0,1
-0.16791044776119404,-1.0,-0.5793319538341385,-0.27723481952372075,-1.0,0.0,0.0,1.0,0.0,1.0,0.0,0.0,0.0,0.0,0.0,1.0,0.0,0
-1.6194029850746268,0.5,1.5013677027479329,0.6813406120551554,1.0,0.0,0.0,1.0,0.0,1.0,0.0,0.0,0.0,0.0,0.0,1.0,0.0,0
-1.1082089552238805,1.5,-0.011625528916566617,-0.6975042170505608,1.0,0.0,0.0,1.0,0.0,1.0,0.0,0.0,0.0,0.0,0.0,1.0,0.0,1
0.9291044776119403,-1.0,0.2820678583563116,-0.8804184819253187,1.0,1.0,0.0,1.0,0.0,1.0,0.0,0.0,0.0,0.0,1.0,0.0,0.0,0
0.7201492537313433,-1.0,-0.5665365259114143,0.2772015291785993,1.0,0.0,0.0,1.0,0.0,0.0,0.0,1.0,0.0,0.0,1.0,0.0,0.0,0
-0.055970149253731345,0.5,-0.32819361317629203,-0.5125174302997739,0.0,0.0,0.0,1.0,0.0,0.0,0.0,0.0,0.0,1.0,1.0,0.0,0.0,1
-0.5895522388059702,-1.0,0.7964348949552714,-0.748588911748876,1.0,1.0,0.0,1.0,0.0,1.0,0.0,0.0,0.0,0.0,1.0,0.0,0.0,0
-0.7835820895522388,1.5,0.31208454796639223,-0.5275565136967041,-1.0,0.0,0.0,0.0,1.0,1.0,0.0,0.0,0.0,0.0,0.0,0.0,1.0,1
-0.6380597014925373,-0.5,1.4531018145791037,1.7206757969526445,0.0,0.0,0.0,1.0,0.0,0.0,0.0,1.0,0.0,0.0,1.0,0.0,0.0,1
0.7798507462686567,1.5,1.0392477700474647,-0.7009997797013499,1.0,0.0,0.0,1.0,0.0,0.0,0.0,1.0,0.0,0.0,0.0,1.0,0.0,1
1.0522388059701493,1.5,0.7827318039826102,0.09290133678587205,3.0,0.0,1.0,0.0,0.0,0.0,1.0,0.0,0.0,0.0,0.0,0.0,1.0,1
-0.5111940298507462,0.0,-0.25619066979672167,0.3970458176665202,1.0,0.0,0.0,1.0,0.0,1.0,0.0,0.0,0.0,0.0,0.0,1.0,0.0,0
-0.8246268656716418,-0.5,-0.14166833487115402,0.17693488491593967,1.0,0.0,0.0,0.0,1.0,1.0,0.0,0.0,0.0,0.0,1.0,0.0,0.0,0
1.0037313432835822,1.0,-0.1547657169470514,-0.780645709509582,1.0,0.0,0.0,1.0,0.0,1.0,0.0,0.0,0.0,0.0,0.0,1.0,0.0,0
-0.3917910447761194,1.0,-0.13523609565400677,-0.3744323732220178,1.0,0.0,0.0,0.0,1.0,0.0,0.0,1.0,0.0,0.0,1.0,0.0,0.0,0
-0.3208955223880597,0.5,-0.5307073703399592,0.4594931897023571,0.0,0.0,0.0,1.0,0.0,0.0,0.0,1.0,0.0,0.0,0.0,0.0,1.0,0
0.7910447761194029,-1.0,-0.12750271173090827,0.09625467876399993,-1.0,0.0,0.0,1.0,0.0,1.0,0.0,0.0,0.0,0.0,0.0,1.0,0.0,0
-0.9850746268656716,1.0,1.2525933534341562,-1.0693196078992746,0.0,0.0,0.0,1.0,0.0,1.0,0.0,0.0,0.0,0.0,1.0,0.0,0.0,0
-0.7350746268656716,0.0,-0.40589447909845267,-0.3697297828910074,1.0,0.0,0.0,0.0,1.0,0.0,1.0,0.0,0.0,0.0,0.0,1.0,0.0,0
0.8544776119402985,-1.0,0.4512193238796509,1.2758227630350931,0.0,0.0,1.0,0.0,0.0,1.0,0.0,0.0,0.0,0.0,1.0,0.0,0.0,1
-0.7425373134328358,1.5,0.06476558716803811,0.41325047416338895,0.0,0.0,0.0,1.0,0.0,1.0,0.0,0.0,0.0,0.0,1.0,0.0,0.0,1
1.373134328358209,0.0,0.9726681835687816,0.9673837185160233,0.0,0.0,0.0,0.0,1.0,1.0,0.0,0.0,0.0,0.0,0.0,1.0,0.0,0
-0.7276119402985075,0.0,0.5463841914877807,0.03282536346388464,-1.0,0.0,0.0,1.0,0.0,0.0,0.0,0.0,1.0,0.0,0.0,1.0,0.0,0
0.8805970149253731,-1.0,-0.42680975196805165,0.9614113017873008,0.0,0.0,0.0,0.0,1.0,0.0,0.0,1.0,0.0,0.0,0.0,1.0,0.0,0
-1.0149253731343284,0.5,-0.36375280344518784,0.9107848030816403,2.0,1.0,0.0,1.0,0.0,0.0,1.0,0.0,0.0,0.0,1.0,0.0,0.0,1
-0.30970149253731344,0.0,-0.03392254560091136,-0.8052090776456154,1.0,0.0,0.0,1.0,0.0,0.0,1.0,0.0,0.0,0.0,0.0,1.0,0.0,1
0.6791044776119403,-1.5,0.09930251324342157,-0.4238774500348092,1.0,1.0,0.0,1.0,0.0,0.0,0.0,1.0,0.0,0.0,1.0,0.0,0.0,1
0.026119402985074626,2.5,-0.20132210261680353,1.2647079156935512,1.0,0.0,0.0,1.0,0.0,1.0,0.0,0.0,0.0,0.0,0.0,1.0,0.0,1
-0.2574626865671642,0.0,-0.47749265114330747,-0.3657183923539109,0.0,0.0,1.0,0.0,0.0,1.0,0.0,0.0,0.0,0.0,1.0,0.0,0.0,0
-0.16417910447761194,-1.0,-0.13506316986607064,-0.21988237949690137,1.0,0.0,0.0,0.0,1.0,1.0,0.0,0.0,0.0,0.0,1.0,0.0,0.0,0
-0.6305970149253731,-1.5,-0.31062069315498336,0.09196458728239083,0.0,0.0,0.0,0.0,1.0,1.0,0.0,0.0,0.0,0.0,1.0,0.0,0.0,0
-1.123134328358209,1.5,-0.36954876276699994,0.1217948356707526,0.0,0.0,0.0,1.0,0.0,0.0,0.0,1.0,0.0,0.0,0.0,0.0,1.0,1
-0.041044776119402986,0.5,0.4249776434868814,0.3975330768392364,-1.0,0.0,0.0,1.0,0.0,1.0,0.0,0.0,0.0,0.0,0.0,1.0,0.0,1
0.13805970149253732,-1.5,-0.48499277928487977,-0.6034084022544913,2.0,0.0,0.0,1.0,0.0,1.0,0.0,0.0,0.0,0.0,1.0,0.0,0.0,1
0.417910447761194,-1.0,-0.25040251977097283,-0.19278835705772154,1.0,0.0,0.0,1.0,0.0,0.0,0.0,1.0,0.0,0.0,1.0,0.0,0.0,0
-0.43656716417910446,-1.5,-0.46360235771847613,-0.7763230087083592,1.0,0.0,0.0,1.0,0.0,1.0,0.0,0.0,0.0,0.0,1.0,0.0,0.0,0
1.1604477611940298,-0.5,-0.00705240804491613,-0.038872086064427006,0.0,0.0,0.0,1.0,0.0,1.0,0.0,0.0,0.0,0.0,1.0,0.0,0.0,0
0.029850746268656716,0.0,-0.3530658789649198,0.2117170502811736,-1.0,0.0,0.0,1.0,0.0,0.0,0.0,1.0,0.0,0.0,0.0,0.0,1.0,0
0.09701492537313433,2.0,-0.39957122836678244,-0.3050876595002794,0.0,1.0,0.0,1.0,0.0,0.0,0.0,1.0,0.0,0.0,1.0,0.0,0.0,1
0.5373134328358209,1.0,2.456977779154023,-0.0818039341121853,-1.0,0.0,1.0,0.0,0.0,1.0,0.0,0.0,0.0,0.0,0.0,0.0,1.0,0
-0.34328358208955223,1.0,-0.251141435799798,0.7082377926962586,0.0,0.0,0.0,0.0,1.0,1.0,0.0,0.0,0.0,0.0,1.0,0.0,0.0,1
0.5746268656716418,-0.5,-0.34302841528456024,0.7480170340969371,2.0,0.0,1.0,0.0,0.0,1.0,0.0,0.0,0.0,0.0,1.0,0.0,0.0,1
-0.14925373134328357,0.0,0.16087138620048644,-0.6885254155162023,0.0,0.0,0.0,1.0,0.0,0.0,0.0,0.0,1.0,0.0,0.0,0.0,1.0,0
0.018656716417910446,0.5,0.2377352301948525,-0.25098149832310984,0.0,0.0,0.0,0.0,1.0,0.0,0.0,1.0,0.0,0.0,1.0,0.0,0.0,0
0.8208955223880597,-0.5,-0.45671654147215235,1.1432406511448374,2.0,0.0,1.0,0.0,0.0,1.0,0.0,0.0,0.0,0.0,0.0,0.0,1.0,1
0.47388059701492535,-0.5,0.20581432836230173,-0.9087125491841394,0.0,0.0,1.0,0.0,0.0,0.0,0.0,1.0,0.0,0.0,0.0,1.0,0.0,0
0.3283582089552239,0.0,-0.006763833210045574,-0.3042742535654884,1.0,0.0,0.0,0.0,1.0,1.0,0.0,0.0,0.0,0.0,1.0,0.0,0.0,1
0.8022388059701493,1.0,0.21469974909522951,-0.4166908629121375,1.0,0.0,0.0,1.0,0.0,0.0,0.0,1.0,0.0,0.0,0.0,1.0,0.0,0
-0.1791044776119403,1.0,1.006471344254617,-0.40544195471339095,1.0,1.0,0.0,1.0,0.0,0.0,1.0,0.0,0.0,0.0,0.0,0.0,1.0,0
-1.3097014925373134,0.0,-0.36477388156893914,0.6892273987412433,0.0,0.0,0.0,1.0,0.0,0.0,1.0,0.0,0.0,0.0,0.0,1.0,0.0,0
0.6417910447761194,0.5,0.2908727115978268,-0.9247395370992987,0.0,1.0,0.0,1.0,0.0,1.0,0.0,0.0,0.0,0.0,0.0,0.0,1.0,0
-1.6194029850746268,1.0,-0.3758083271880086,1.4076889836343884,2.0,0.0,0.0,0.0,1.0,1.0,0.0,0.0,0.0,0.0,1.0,0.0,0.0,1
0.503731343283582,-0.5,0.04576558927678782,-0.22483449874721376,1.0,0.0,0.0,1.0,0.0,0.0,0.0,1.0,0.0,0.0,1.0,0.0,0.0,0
-0.20522388059701493,0.5,-0.17462084504959585,-0.5424167111972519,2.0,0.0,0.0,1.0,0.0,1.0,0.0,0.0,0.0,0.0,0.0,1.0,0.0,1
0.26492537313432835,-0.5,1.104988552737596,-0.4456019110548732,1.0,0.0,0.0,0.0,1.0,0.0,0.0,0.0,0.0,1.0,0.0,1.0,0.0,1
-0.753731343283582,-0.5,1.127650248582105,1.3497028023310451,1.0,0.0,0.0,1.0,0.0,0.0,1.0,0.0,0.0,0.0,0.0,0.0,1.0,1
-0.11194029850746269,-1.5,-0.5713938223520945,-0.5424126202441337,1.0,0.0,0.0,1.0,0.0,1.0,0.0,0.0,0.0,0.0,1.0,0.0,0.0,0
0.8656716417910447,0.0,-0.5961571565865074,1.127754155842355,0.0,0.0,0.0,1.0,0.0,1.0,0.0,0.0,0.0,0.0,0.0,0.0,1.0,1
0.8582089552238806,1.5,0.8304557930814294,0.30402121899778495,0.0,0.0,0.0,1.0,0.0,1.0,0.0,0.0,0.0,0.0,1.0,0.0,0.0,1
0.41044776119402987,0.5,2.518678516787054,-0.8188443563124685,-1.0,0.0,0.0,0.0,1.0,1.0,0.0,0.0,0.0,0.0,1.0,0.0,0.0,1
-0.6044776119402985,-1.0,-0.4719337668157372,-0.7471117201612826,1.0,0.0,0.0,1.0,0.0,1.0,0.0,0.0,0.0,0.0,0.0,0.0,1.0,1
-0.8283582089552238,1.5,-0.6107702415018174,0.6527895720889867,0.0,0.0,0.0,0.0,1.0,0.0,0.0,0.0,0.0,1.0,0.0,0.0,1.0,1
0.7686567164179104,0.0,0.7694215163119278,0.6918339589386365,0.0,0.0,0.0,1.0,0.0,1.0,0.0,0.0,0.0,0.0,1.0,0.0,0.0,0
0.10820895522388059,-1.5,-0.3958332623997877,0.32585615628756315,-1.0,0.0,0.0,1.0,0.0,0.0,0.0,1.0,0.0,0.0,0.0,0.0,1.0,1
-0.6791044776119403,0.5,0.04406167160682553,-0.485336125969125,1.0,0.0,0.0,1.0,0.0,1.0,0.0,0.0,0.0,0.0,0.0,0.0,1.0,0
1.212686567164179,2.5,0.24258544645641697,-0.5782841505969686,0.0,0.0,0.0,1.0,0.0,0.0,0.0,1.0,0.0,0.0,1.0,0.0,0.0,1
-1.4179104477611941,2.5,-0.3231830710934412,0.4826309901073589,-1.0,1.0,0.0,1.0,0.0,1.0,0.0,0.0,0.0,0.0,1.0,0.0,0.0,1
0.503731343283582,2.0,1.6283031318598862,0.5778778693887835,1.0,0.0,0.0,1.0,0.0,0.0,1.0,0.0,0.0,0.0,0.0,1.0,0.0,1
-0.08582089552238806,0.5,0.04604358318572907,-0.00968927613048454,1.0,0.0,0.0,0.0,1.0,1.0,0.0,0.0,0.0,0.0,1.0,0.0,0.0,0
0.16044776119402984,-0.5,-0.4216746862422566,0.053698450655309725,-1.0,0.0,0.0,0.0,1.0,1.0,0.0,0.0,0.0,0.0,1.0,0.0,0.0,0
0.746268656716418,2.0,-0.5254336781965759,0.8495504528719098,1.0,0.0,0.0,1.0,0.0,0.0,0.0,1.0,0.0,0.0,0.0,0.0,1.0,1
-0.458955223880597,-0.5,-0.3903457385722286,-0.4227882069260079,1.0,0.0,0.0,0.0,1.0,1.0,0.0,0.0,0.0,0.0,0.0,0.0,1.0,0
0.373134328358209,0.0,-0.19249989650744329,-0.7447698193513546,1.0,0.0,0.0,1.0,0.0,0.0,1.0,0.0,0.0,0.0,1.0,0.0,0.0,0
-0.2947761194029851,0.5,0.8512037440993964,-0.6600082156382222,0.0,0.0,1.0,0.0,0.0,1.0,0.0,0.0,0.0,0.0,0.0,1.0,0.0,0
0.12313432835820895,-1.0,-0.05749054117754304,0.17482295593306163,2.0,0.0,0.0,1.0,0.0,0.0,0.0,0.0,1.0,0.0,1.0,0.0,0.0,1
-0.4253731343283582,-0.5,1.051667787792072,-0.4806898561470445,-1.0,1.0,0.0,1.0,0.0,1.0,0.0,0.0,0.0,0.0,0.0,1.0,0.0,0
-0.029850746268656716,-0.5,0.5096124653437827,0.6467981203121581,1.0,0.0,0.0,1.0,0.0,0.0,1.0,0.0,0.0,0.0,1.0,0.0,0.0,1
-0.14925373134328357,-0.5,0.28733412911230877,0.06388671156022038,1.0,0.0,0.0,1.0,0.0,1.0,0.0,0.0,0.0,0.0,0.0,1.0,0.0,0
0.9925373134328358,0.0,-0.47896603188918047,-0.10346047652157894,-1.0,0.0,0.0,1.0,0.0,0.0,0.0,0.0,1.0,0.0,1.0,0.0,0.0,0
-0.35074626865671643,-0.5,-0.4325468440955865,-0.17548601225537153,1.0,1.0,0.0,0.0,1.0,0.0,0.0,1.0,0.0,0.0,1.0,0.0,0.0,0
0.43656716417910446,0.5,0.7119723012205406,-0.4003070401976781,1.0,1.0,0.0,0.0,1.0,1.0,0.0,0.0,0.0,0.0,1.0,0.0,0.0,0
-0.1791044776119403,-1.5,-0.048680746345884617,-0.21498395159861525,1.0,0.0,0.0,0.0,1.0,1.0,0.0,0.0,0.0,0.0,1.0,0.0,0.0,0
0.4925373134328358,0.5,0.5405321713572122,-0.6469580066505262,0.0,0.0,0.0,1.0,0.0,1.0,0.0,0.0,0.0,0.0,0.0,1.0,0.0,0
-0.2126865671641791,-1.0,-0.1761111318598548,1.4477411507617635,0.0,0.0,0.0,1.0,0.0,1.0,0.0,0.0,0.0,0.0,0.0,1.0,0.0,1
0.20149253731343283,0.0,3.488464304680498,1.1820588917258392,0.0,0.0,0.0,1.0,0.0,1.0,0.0,0.0,0.0,0.0,0.0,1.0,0.0,1
-0.20149253731343283,0.0,-0.20020057773410294,-0.6290309116090895,0.0,0.0,0.0,0.0,1.0,1.0,0.0,0.0,0.0,0.0,1.0,0.0,0.0,0
-0.31716417910447764,0.5,-0.5804395986482416,-0.7177246160900118,1.0,0.0,0.0,1.0,0.0,1.0,0.0,0.0,0.0,0.0,0.0,0.0,1.0,0
0.2462686567164179,1.5,-0.577549009482,-0.8051302855430486,0.0,0.0,0.0,1.0,0.0,0.0,1.0,0.0,0.0,0.0,0.0,0.0,1.0,1
-0.0037313432835820895,-1.5,0.0004824110600970072,-1.0572457825293133,0.0,1.0,0.0,1.0,0.0,1.0,0.0,0.0,0.0,0.0,0.0,0.0,1.0,0
0.026119402985074626,2.0,0.26483908710728116,1.2943209338137245,2.0,0.0,0.0,1.0,0.0,0.0,0.0,1.0,0.0,0.0,0.0,1.0,0.0,1
-0.4216417910447761,2.0,-0.05758245909730389,-0.11163696161847488,-1.0,0.0,0.0,1.0,0.0,1.0,0.0,0.0,0.0,0.0,0.0,0.0,1.0,1
-0.8246268656716418,2.5,0.29190518984280495,-0.499870898515045,1.0,1.0,0.0,1.0,0.0,0.0,0.0,1.0,0.0,0.0,0.0,1.0,0.0,1
-0.8208955223880597,-0.5,-0.010860595406617672,-1.0693196078992746,-1.0,0.0,0.0,1.0,0.0,0.0,0.0,1.0,0.0,0.0,0.0,0.0,1.0,0
-1.462686567164179,0.0,0.06281643937037015,0.4380522114597517,1.0,0.0,0.0,0.0,1.0,0.0,1.0,0.0,0.0,0.0,1.0,0.0,0.0,0
-0.5597014925373134,-1.5,1.1431178446650319,-0.0698106498467771,1.0,1.0,0.0,1.0,0.0,1.0,0.0,0.0,0.0,0.0,0.0,0.0,1.0,0
-0.08582089552238806,1.0,0.007793912315079201,1.1701389094965033,1.0,0.0,0.0,1.0,0.0,0.0,0.0,0.0,1.0,0.0,1.0,0.0,0.0,1
0.5223880597014925,1.0,-0.12981603194228297,0.02860117820249231,1.0,1.0,1.0,0.0,0.0,0.0,0.0,1.0,0.0,0.0,1.0,0.0,0.0,0
0.9514925373134329,-0.5,3.109997625381898,0.6927821666492685,1.0,0.0,1.0,0.0,0.0,1.0,0.0,0.0,0.0,0.0,1.0,0.0,0.0,0
0.332089552238806,0.0,0.4386224582532155,0.43014807023624263,1.0,1.0,0.0,0.0,1.0,1.0,0.0,0.0,0.0,0.0,1.0,0.0,0.0,0
-0.3582089552238806,-1.5,-0.17557075878593878,0.7203604574182297,1.0,0.0,0.0,0.0,1.0,1.0,0.0,0.0,0.0,0.0,1.0,0.0,0.0,0
1.0149253731343284,0.0,-0.6187182576632518,0.007317746466981472,2.0,0.0,0.0,1.0,0.0,0.0,0.0,0.0,0.0,1.0,1.0,0.0,0.0,1
0.1865671641791045,1.5,1.4302183470162468,0.6858859121650908,1.0,1.0,0.0,1.0,0.0,1.0,0.0,0.0,0.0,0.0,1.0,0.0,0.0,1
-0.22761194029850745,-1.0,-0.3644227299150521,-0.800926110238439,0.0,0.0,0.0,1.0,0.0,1.0,0.0,0.0,0.0,0.0,1.0,0.0,0.0,0
0.5746268656716418,-1.5,-0.003486655333891134,-0.6736630673847694,1.0,0.0,0.0,1.0,0.0,0.0,0.0,1.0,0.0,0.0,0.0,0.0,1.0,0
-0.1865671641791045,0.0,0.13864445204314158,-0.3362735482154394,1.0,0.0,0.0,0.0,1.0,0.0,1.0,0.0,0.0,0.0,1.0,0.0,0.0,0
-0.8805970149253731,2.5,-0.18914734608645384,-0.8421777158821128,2.0,0.0,0.0,1.0,0.0,1.0,0.0,0.0,0.0,0.0,1.0,0.0,0.0,1
-0.458955223880597,-1.5,-0.5847219973418518,0.1306096692219772,-1.0,1.0,0.0,1.0,0.0,0.0,0.0,1.0,0.0,0.0,1.0,0.0,0.0,0
0.06716417910447761,0.5,0.5933161225617382,-0.8071648301966601,1.0,0.0,0.0,1.0,0.0,1.0,0.0,0.0,0.0,0.0,1.0,0.0,0.0,0
0.12686567164179105,0.0,0.289208585472114,-0.13310723122110213,1.0,0.0,0.0,1.0,0.0,1.0,0.0,0.0,0.0,0.0,1.0,0.0,0.0,0
0.6231343283582089,0.0,-0.13795902395433865,-1.0246395642645993,1.0,0.0,0.0,1.0,0.0,0.0,1.0,0.0,0.0,0.0,1.0,0.0,0.0,0
-0.3246268656716418,0.0,-0.4343151220586563,-0.5108215802861408,1.0,0.0,0.0,0.0,1.0,1.0,0.0,0.0,0.0,0.0,1.0,0.0,0.0,0
-0.05223880597014925,-0.5,0.16550254097181918,1.258819538534962,-1.0,1.0,0.0,1.0,0.0,0.0,1.0,0.0,0.0,0.0,0.0,0.0,1.0,1
1.6343283582089552,0.0,0.27609258663590924,1.0092938027267082,0.0,1.0,0.0,1.0,0.0,0.0,0.0,1.0,0.0,0.0,0.0,0.0,1.0,1
-0.3358208955223881,-1.0,0.1896744005103334,0.7957183342676666,1.0,0.0,0.0,0.0,1.0,0.0,0.0,1.0,0.0,0.0,0.0,0.0,1.0,0
-1.6194029850746268,-0.5,2.029668876963218,0.808663951100508,1.0,0.0,0.0,1.0,0.0,0.0,0.0,1.0,0.0,0.0,0.0,0.0,1.0,1
-0.13805970149253732,0.0,-0.10395565095669818,-0.1946528181131699,1.0,0.0,0.0,1.0,0.0,0.0,0.0,1.0,0.0,0.0,0.0,1.0,0.0,1
0.9402985074626866,0.5,2.04579082757661,0.7751142092392408,1.0,0.0,0.0,0.0,1.0,0.0,1.0,0.0,0.0,0.0,0.0,1.0,0.0,0
-0.43656716417910446,0.0,-0.5574996312908513,-0.13524291728947388,0.0,0.0,0.0,1.0,0.0,0.0,0.0,0.0,0.0,1.0,1.0,0.0,0.0,1
0.20149253731343283,-0.5,-0.25191344779620806,0.3790625893615859,0.0,0.0,0.0,1.0,0.0,0.0,0.0,1.0,0.0,0.0,0.0,1.0,0.0,0
-1.126865671641791,-0.5,1.6424991027811406,-0.3992965203743745,1.0,1.0,1.0,0.0,0.0,1.0,0.0,0.0,0.0,0.0,0.0,1.0,0.0,1
0.8843283582089553,0.5,0.40644854572132727,-1.0321294883459657,1.0,0.0,0.0,1.0,0.0,1.0,0.0,0.0,0.0,0.0,0.0,0.0,1.0,1
-1.462686567164179,-0.5,0.13308279916760662,1.1334286630044788,0.0,0.0,0.0,1.0,0.0,1.0,0.0,0.0,0.0,0.0,0.0,1.0,0.0,1
-0.8507462686567164,1.0,0.661362849640202,-0.3209578215563539,-1.0,0.0,0.0,0.0,1.0,1.0,0.0,0.0,0.0,0.0,1.0,0.0,0.0,1
0.08208955223880597,-1.0,-0.502530152472278,-0.3623755632694729,2.0,0.0,0.0,0.0,1.0,0.0,1.0,0.0,0.0,0.0,0.0,1.0,0.0,1
0.9701492537313433,-0.5,2.288608051823643,-0.920143162108022,0.0,0.0,0.0,1.0,0.0,0.0,0.0,1.0,0.0,0.0,0.0,1.0,0.0,1
1.25,0.5,2.1605940571611524,-0.3293828784458773,2.0,0.0,0.0,0.0,1.0,0.0,0.0,1.0,0.0,0.0,1.0,0.0,0.0,1
-0.7686567164179104,-1.5,1.5005682531612874,0.03769097811046665,0.0,0.0,0.0,1.0,0.0,1.0,0.0,0.0,0.0,0.0,1.0,0.0,0.0,0
-0.7201492537313433,1.0,0.0896575807612879,-0.49198447537126344,0.0,1.0,0.0,1.0,0.0,0.0,0.0,1.0,0.0,0.0,0.0,1.0,0.0,0
-0.7313432835820896,1.0,-0.3197954069496589,-0.5623824219407088,-1.0,0.0,0.0,1.0,0.0,0.0,1.0,0.0,0.0,0.0,0.0,0.0,1.0,0
-0.6940298507462687,0.5,0.609832031550506,-0.6594007071553074,0.0,0.0,0.0,1.0,0.0,1.0,0.0,0.0,0.0,0.0,0.0,1.0,0.0,0
1.078358208955224,0.5,-0.0797751359613931,-0.2242871422027365,1.0,1.0,0.0,0.0,1.0,1.0,0.0,0.0,0.0,0.0,0.0,1.0,0.0,0
0.8395522388059702,1.5,-0.18178908505391786,-0.7434453225649945,1.0,1.0,0.0,1.0,0.0,0.0,0.0,1.0,0.0,0.0,1.0,0.0,0.0,1
-1.2350746268656716,-1.0,-0.5348219109785679,0.5545840889372997,0.0,0.0,0.0,0.0,1.0,0.0,0.0,1.0,0.0,0.0,1.0,0.0,0.0,0
0.7723880597014925,1.5,0.27752020355622375,-0.8982246576579491,1.0,1.0,0.0,1.0,0.0,0.0,0.0,1.0,0.0,0.0,0.0,1.0,0.0,1
-0.16791044776119404,-1.5,-0.5563058117152464,0.7440665219841197,1.0,0.0,0.0,0.0,1.0,0.0,0.0,1.0,0.0,0.0,1.0,0.0,0.0,1
0.3805970149253731,0.0,0.07289820047120968,-0.08178959190965532,2.0,0.0,0.0,0.0,1.0,0.0,0.0,1.0,0.0,0.0,0.0,1.0,0.0,1
-0.026119402985074626,-1.5,-0.6217278394225659,-0.7520193615525295,1.0,0.0,0.0,1.0,0.0,0.0,0.0,0.0,1.0,0.0,0.0,1.0,0.0,0
0.26492537313432835,1.0,-0.06461137698234155,-0.31549184223788174,0.0,0.0,0.0,1.0,0.0,0.0,1.0,0.0,0.0,0.0,1.0,0.0,0.0,0
1.0671641791044777,-1.0,-0.23968156229866325,-0.6870362027952018,0.0,0.0,0.0,0.0,1.0,0.0,0.0,1.0,0.0,0.0,0.0,0.0,1.0,0
-0.8544776119402985,-1.5,2.2324795625749485,1.0177860986836742,1.0,0.0,0.0,1.0,0.0,1.0,0.0,0.0,0.0,0.0,0.0,1.0,0.0,0
0.996268656716418,1.0,1.068124918742321,0.6818670802480151,2.0,0.0,0.0,0.0,1.0,0.0,0.0,1.0,0.0,0.0,1.0,0.0,0.0,1
-0.22388059701492538,1.0,-0.33493320679295724,1.3130157913593639,-1.0,0.0,0.0,1.0,0.0,1.0,0.0,0.0,0.0,0.0,1.0,0.0,0.0,1
-0.1455223880597015,0.0,0.3232492168205488,0.5773535062246467,1.0,0.0,0.0,1.0,0.0,1.0,0.0,0.0,0.0,0.0,0.0,1.0,0.0,0
-0.8731343283582089,1.5,-0.32817292470193615,0.37572385916582696,1.0,0.0,0.0,1.0,0.0,1.0,0.0,0.0,0.0,0.0,0.0,1.0,0.0,1
-0.3656716417910448,-1.0,1.5088010344595593,-0.4307391820719783,2.0,0.0,0.0,1.0,0.0,0.0,0.0,1.0,0.0,0.0,0.0,1.0,0.0,1
-0.16791044776119404,2.5,-0.10753736110867712,-0.38972895571094857,0.0,0.0,0.0,0.0,1.0,1.0,0.0,0.0,0.0,0.0,1.0,0.0,0.0,1
-0.5447761194029851,0.5,-0.5837280422190816,-0.2724595542560104,1.0,0.0,0.0,1.0,0.0,0.0,0.0,0.0,1.0,0.0,1.0,0.0,0.0,1
0.3582089552238806,-0.5,-0.4781900613307369,-0.23362032481940723,2.0,1.0,0.0,1.0,0.0,1.0,0.0,0.0,0.0,0.0,1.0,0.0,0.0,1
-0.041044776119402986,-0.5,1.308845933188375,-0.4695798268208774,-1.0,0.0,0.0,0.0,1.0,1.0,0.0,0.0,0.0,0.0,0.0,0.0,1.0,0
0.018656716417910446,-0.5,-0.005452974706407069,-0.11331962717167653,0.0,0.0,0.0,1.0,0.0,1.0,0.0,0.0,0.0,0.0,1.0,0.0,0.0,0
-0.5746268656716418,1.0,-0.5596974419773246,0.3657960604028388,2.0,0.0,0.0,1.0,0.0,1.0,0.0,0.0,0.0,0.0,1.0,0.0,0.0,1
-1.4179104477611941,2.5,-0.43682110698992305,-0.16421301119214263,1.0,0.0,0.0,1.0,0.0,0.0,0.0,0.0,1.0,0.0,1.0,0.0,0.0,1
-0.12313432835820895,-1.0,-0.19388183987380486,-0.7890084713159011,-1.0,0.0,0.0,1.0,0.0,1.0,0.0,0.0,0.0,0.0,1.0,0.0,0.0,0
0.7574626865671642,1.0,0.10921159503118294,-0.42964195327343446,-1.0,0.0,0.0,1.0,0.0,1.0,0.0,0.0,0.0,0.0,1.0,0.0,0.0,0
-0.5932835820895522,-1.0,-0.49040620419547315,0.9806358166067165,1.0,0.0,0.0,1.0,0.0,0.0,1.0,0.0,0.0,0.0,0.0,1.0,0.0,0
0.39552238805970147,0.5,0.39973953047332506,-0.6802227380236582,1.0,0.0,0.0,1.0,0.0,0.0,0.0,1.0,0.0,0.0,0.0,1.0,0.0,0
0.0,0.5,0.010728486147499055,0.36625459731887045,2.0,0.0,0.0,0.0,1.0,1.0,0.0,0.0,0.0,0.0,0.0,1.0,0.0,1
-1.242537313432836,0.0,-0.5134749382368775,-0.2138266188601336,0.0,0.0,0.0,0.0,1.0,0.0,1.0,0.0,0.0,0.0,1.0,0.0,0.0,0
0.6604477611940298,-1.5,-0.6217278394225659,0.5036106848232865,0.0,0.0,0.0,1.0,0.0,1.0,0.0,0.0,0.0,0.0,1.0,0.0,0.0,1
0.5485074626865671,-1.0,0.29568967800728085,0.5116689970570945,1.0,0.0,0.0,0.0,1.0,1.0,0.0,0.0,0.0,0.0,1.0,0.0,0.0,0
-0.3582089552238806,0.0,-0.5740646986978829,0.32617367993895197,0.0,0.0,0.0,0.0,1.0,0.0,0.0,0.0,1.0,0.0,0.0,1.0,0.0,0
-0.03731343283582089,-1.5,-0.21215527696799724,-0.7174782658584488,-1.0,0.0,0.0,0.0,1.0,1.0,0.0,0.0,0.0,0.0,1.0,0.0,0.0,0
0.6716417910447762,1.5,-0.5773650112738222,-1.0693196078992746,1.0,0.0,0.0,1.0,0.0,1.0,0.0,0.0,0.0,0.0,0.0,1.0,0.0,1
-0.24253731343283583,1.0,-0.29537416864426513,0.3268064150474957,0.0,0.0,1.0,0.0,0.0,1.0,0.0,0.0,0.0,0.0,1.0,0.0,0.0,0
0.4962686567164179,-1.5,0.6356544796452993,-0.56934380001273,0.0,0.0,0.0,1.0,0.0,1.0,0.0,0.0,0.0,0.0,0.0,1.0,0.0,0
1.626865671641791,0.0,1.5116094785105012,0.05214873683808112,0.0,0.0,0.0,1.0,0.0,0.0,1.0,0.0,0.0,0.0,0.0,0.0,1.0,1
-0.47761194029850745,-0.5,2.3208162481207153,-0.5811794488338663,1.0,0.0,0.0,1.0,0.0,0.0,0.0,1.0,0.0,0.0,0.0,0.0,1.0,0
0.2126865671641791,-0.5,-0.04340858323820238,-0.337033417101066,2.0,0.0,0.0,1.0,0.0,1.0,0.0,0.0,0.0,0.0,1.0,0.0,0.0,1
-0.6753731343283582,1.0,-0.13423637150645995,-0.2994330332135073,0.0,0.0,0.0,0.0,1.0,1.0,0.0,0.0,0.0,0.0,0.0,1.0,0.0,0
1.257462686567164,-1.5,0.021272527903228627,0.8313266220826785,1.0,1.0,0.0,0.0,1.0,1.0,0.0,0.0,0.0,0.0,1.0,0.0,0.0,0
-1.3208955223880596,-1.0,-0.5795062359058972,-0.2774260528614227,2.0,0.0,0.0,1.0,0.0,1.0,0.0,0.0,0.0,0.0,1.0,0.0,0.0,1
0.75,0.5,-0.056779687122590024,-0.1560434854069461,0.0,0.0,0.0,1.0,0.0,1.0,0.0,0.0,0.0,0.0,0.0,1.0,0.0,0
-0.7835820895522388,-0.5,0.46793536003003605,-0.39729148606404974,-1.0,0.0,0.0,1.0,0.0,0.0,0.0,1.0,0.0,0.0,0.0,0.0,1.0,0
0.9402985074626866,1.0,-0.5405101977579453,1.1864480879047554,1.0,0.0,0.0,0.0,1.0,1.0,0.0,0.0,0.0,0.0,1.0,0.0,0.0,1
-0.6082089552238806,2.0,2.0258255127957683,1.0065288506205763,-1.0,0.0,0.0,1.0,0.0,0.0,0.0,0.0,0.0,1.0,1.0,0.0,0.0,1
-0.34701492537313433,-1.0,-0.3154777162980833,0.21548736057429266,2.0,0.0,0.0,0.0,1.0,1.0,0.0,0.0,0.0,0.0,0.0,0.0,1.0,1
0.667910447761194,0.0,2.6529267284316322,0.9377188870601123,0.0,1.0,0.0,1.0,0.0,0.0,0.0,0.0,0.0,1.0,0.0,1.0,0.0,1
0.3358208955223881,0.5,-0.44876118424939426,1.5654292535012309,-1.0,1.0,0.0,1.0,0.0,0.0,0.0,1.0,0.0,0.0,1.0,0.0,0.0,1
-0.43283582089552236,-1.0,-0.6217278394225659,-0.8267234960979557,0.0,0.0,0.0,0.0,1.0,1.0,0.0,0.0,0.0,0.0,1.0,0.0,0.0,0
-0.9477611940298507,0.0,-0.03550379195669458,0.7303621272140887,0.0,0.0,0.0,1.0,0.0,1.0,0.0,0.0,0.0,0.0,1.0,0.0,0.0,0
-0.835820895522388,-0.5,-0.36763824929270483,-0.858527348688414,1.0,0.0,0.0,1.0,0.0,1.0,0.0,0.0,0.0,0.0,1.0,0.0,0.0,0
-0.6231343283582089,0.0,1.9945612760300266,0.9661168894325829,1.0,1.0,0.0,1.0,0.0,0.0,1.0,0.0,0.0,0.0,1.0,0.0,0.0,1
-0.23507462686567165,1.0,-0.20576916098954104,0.35044673434974294,2.0,0.0,0.0,0.0,1.0,1.0,0.0,0.0,0.0,0.0,1.0,0.0,0.0,1
-0.04477611940298507,0.0,-0.6217278394225659,-0.5891396460150792,-1.0,0.0,0.0,1.0,0.0,0.0,0.0,1.0,0.0,0.0,0.0,0.0,1.0,0
-0.9626865671641791,0.0,2.14480138900646,-0.17189937199043226,1.0,0.0,0.0,1.0,0.0,1.0,0.0,0.0,0.0,0.0,0.0,1.0,0.0,0
-0.1865671641791045,0.0,-0.05745617430489776,-0.36832026712242216,-1.0,1.0,0.0,0.0,1.0,1.0,0.0,0.0,0.0,0.0,0.0,1.0,0.0,0
1.2649253731343284,-0.5,1.5319470852634751,0.20225521167422775,2.0,0.0,0.0,1.0,0.0,0.0,0.0,0.0,1.0,0.0,0.0,0.0,1.0,1
0.17164179104477612,-1.0,-0.47249502016149453,-0.39235877233623384,0.0,0.0,0.0,0.0,1.0,0.0,0.0,1.0,0.0,0.0,1.0,0.0,0.0,0
-0.1455223880597015,-1.5,-0.48332268793908256,-0.35346483340952095,0.0,1.0,0.0,1.0,0.0,1.0,0.0,0.0,0.0,0.0,1.0,0.0,0.0,0
0.27611940298507465,2.0,-0.5205101407490654,-0.6737084851622109,1.0,0.0,0.0,1.0,0.0,0.0,1.0,0.0,0.0,0.0,1.0,0.0,0.0,1
-1.4440298507462686,-1.5,-0.056495406586469,-0.23857182048437856,0.0,0.0,0.0,1.0,0.0,1.0,0.0,0.0,0.0,0.0,1.0,0.0,0.0,0
-1.0559701492537314,0.0,-0.09195174189559881,1.1389100444330276,3.0,0.0,0.0,1.0,0.0,1.0,0.0,0.0,0.0,0.0,1.0,0.0,0.0,1
-0.30223880597014924,-0.5,-0.36097898878896606,-0.4200340378872158,-1.0,1.0,0.0,1.0,0.0,0.0,0.0,1.0,0.0,0.0,1.0,0.0,0.0,0
-1.1865671641791045,1.5,0.5896624650057131,0.46102023643947493,0.0,0.0,0.0,0.0,1.0,0.0,1.0,0.0,0.0,0.0,0.0,1.0,0.0,1
-0.34701492537313433,2.5,-0.4657990672674567,0.970775780565794,0.0,0.0,0.0,1.0,0.0,1.0,0.0,0.0,0.0,0.0,1.0,0.0,0.0,1
1.257462686567164,1.0,-0.07122227493185758,-0.06059441074832461,1.0,0.0,0.0,1.0,0.0,0.0,0.0,1.0,0.0,0.0,1.0,0.0,0.0,0
-0.5149253731343284,-0.5,-0.1688166902092138,-0.6008699443174311,0.0,0.0,1.0,0.0,0.0,0.0,1.0,0.0,0.0,0.0,1.0,0.0,0.0,0
-0.2835820895522388,0.0,0.13479346086069613,0.6289941605634376,0.0,0.0,0.0,0.0,1.0,1.0,0.0,0.0,0.0,0.0,0.0,0.0,1.0,1
0.26492537313432835,1.5,-0.4293735299783848,0.764655697832652,0.0,1.0,0.0,0.0,1.0,1.0,0.0,0.0,0.0,0.0,0.0,0.0,1.0,1
-0.6007462686567164,-0.5,-0.03676139353196197,0.4304031567046981,1.0,0.0,1.0,0.0,0.0,0.0,0.0,1.0,0.0,0.0,0.0,1.0,0.0,0
-1.4850746268656716,-1.5,1.328628841489358,0.6103332701499031,0.0,0.0,0.0,1.0,0.0,1.0,0.0,0.0,0.0,0.0,1.0,0.0,0.0,1
0.373134328358209,0.5,-0.4271474723492996,-0.3984982183216686,1.0,0.0,0.0,1.0,0.0,1.0,0.0,0.0,0.0,0.0,1.0,0.0,0.0,0
-0.44402985074626866,0.5,2.4061226281395727,-0.5693386468959584,0.0,0.0,0.0,0.0,1.0,0.0,1.0,0.0,0.0,0.0,1.0,0.0,0.0,0
0.19029850746268656,1.0,-0.5260002370549736,0.8060206077212141,0.0,0.0,0.0,1.0,0.0,1.0,0.0,0.0,0.0,0.0,0.0,0.0,1.0,1
0.43656716417910446,1.0,-0.3918202115440228,0.49787524235060254,-1.0,0.0,0.0,1.0,0.0,0.0,0.0,0.0,0.0,1.0,1.0,0.0,0.0,1
0.3246268656716418,1.5,-0.008120910617212254,0.6306755359915915,-1.0,0.0,0.0,0.0,1.0,0.0,0.0,1.0,0.0,0.0,1.0,0.0,0.0,1
-0.011194029850746268,-1.0,0.07056138666627312,0.185801281438907,2.0,0.0,0.0,1.0,0.0,1.0,0.0,0.0,0.0,0.0,0.0,0.0,1.0,1
0.5485074626865671,-1.5,0.6009514720480471,-0.5217393391277009,0.0,0.0,0.0,1.0,0.0,0.0,0.0,1.0,0.0,0.0,1.0,0.0,0.0,0
1.3843283582089552,0.0,0.016603377048205883,-0.7466249320152983,0.0,0.0,1.0,0.0,0.0,0.0,0.0,1.0,0.0,0.0,0.0,0.0,1.0,0
0.08955223880597014,-0.5,-0.4328481233999183,0.14195632160177965,0.0,0.0,0.0,1.0,0.0,0.0,0.0,0.0,1.0,0.0,1.0,0.0,0.0,1
-0.5522388059701493,-0.5,-0.5164888296530484,0.12392454445331694,1.0,0.0,0.0,0.0,1.0,1.0,0.0,0.0,0.0,0.0,1.0,0.0,0.0,0
-0.1865671641791045,0.5,0.6065742031657828,1.0106311204773724,-1.0,0.0,0.0,0.0,1.0,1.0,0.0,0.0,0.0,0.0,1.0,0.0,0.0,1
-0.03731343283582089,0.5,0.10986673890363678,0.4803317699461889,0.0,0.0,0.0,1.0,0.0,1.0,0.0,0.0,0.0,0.0,0.0,1.0,0.0,0
0.7052238805970149,0.0,0.7695278959584279,0.6041169558886724,1.0,0.0,0.0,0.0,1.0,0.0,0.0,0.0,0.0,1.0,0.0,0.0,1.0,1
-1.4962686567164178,0.5,-0.47712102444810806,-0.0482856514971798,-1.0,0.0,0.0,1.0,0.0,0.0,1.0,0.0,0.0,0.0,1.0,0.0,0.0,0
-1.6194029850746268,0.0,1.4438532289857322,-0.31543342451940587,0.0,0.0,0.0,1.0,0.0,0.0,0.0,1.0,0.0,0.0,1.0,0.0,0.0,0
-0.44029850746268656,0.0,-0.09811060193047047,0.16335471686762376,2.0,0.0,0.0,0.0,1.0,1.0,0.0,0.0,0.0,0.0,0.0,0.0,1.0,1
0.8022388059701493,0.5,3.1397089960401527,1.001603082365656,0.0,0.0,1.0,0.0,0.0,1.0,0.0,0.0,0.0,0.0,0.0,0.0,1.0,0
-1.6194029850746268,-0.5,-0.6061820464112629,-0.9188412370451363,0.0,0.0,0.0,0.0,1.0,1.0,0.0,0.0,0.0,0.0,0.0,0.0,1.0,1
-0.9067164179104478,-1.5,1.2137813491517067,-0.12431439758754971,1.0,0.0,0.0,0.0,1.0,1.0,0.0,0.0,0.0,0.0,0.0,0.0,1.0,0
1.7682089552238844,-1.0,-0.3484429472403767,0.34006921671787527,2.0,0.0,0.0,0.0,1.0,0.0,0.0,1.0,0.0,0.0,1.0,0.0,0.0,1
-0.19776119402985073,0.5,-0.21088181142820422,0.13110561825545608,1.0,0.0,0.0,1.0,0.0,0.0,0.0,1.0,0.0,0.0,1.0,0.0,0.0,0
-0.018656716417910446,-1.0,0.18156097497899623,0.4138959776300979,0.0,0.0,0.0,1.0,0.0,1.0,0.0,0.0,0.0,0.0,0.0,1.0,0.0,0
-0.1044776119402985,-0.5,1.4083566258210551,-0.3310447416167065,-1.0,0.0,0.0,0.0,1.0,0.0,0.0,1.0,0.0,0.0,1.0,0.0,0.0,0
-1.1679104477611941,-1.0,0.01999410340755281,-0.5080635172098573,3.0,1.0,0.0,1.0,0.0,1.0,0.0,0.0,0.0,0.0,0.0,0.0,1.0,1
0.3246268656716418,0.0,-0.19884744707746052,-0.6069448204308934,3.0,0.0,0.0,1.0,0.0,1.0,0.0,0.0,0.0,0.0,0.0,1.0,0.0,1
-0.13805970149253732,0.5,0.05819751658356975,0.20515958026550168,0.0,0.0,0.0,1.0,0.0,1.0,0.0,0.0,0.0,0.0,0.0,0.0,1.0,1
1.0820895522388059,-0.5,1.1391791556725124,1.2096242962586983,1.0,1.0,0.0,1.0,0.0,1.0,0.0,0.0,0.0,0.0,0.0,0.0,1.0,1
0.1828358208955224,0.5,-0.6011954912882277,0.982896005874513,0.0,1.0,0.0,1.0,0.0,1.0,0.0,0.0,0.0,0.0,0.0,0.0,1.0,0
-1.1380597014925373,-0.5,0.25706745130814124,0.2421234506528373,2.0,0.0,0.0,1.0,0.0,1.0,0.0,0.0,0.0,0.0,0.0,1.0,0.0,1
1.007462686567164,0.5,0.6527041555338372,0.5371056402016028,0.0,0.0,0.0,1.0,0.0,0.0,0.0,1.0,0.0,0.0,1.0,0.0,0.0,0
-0.31343283582089554,-1.0,1.5818906517754945,-0.24334827234326145,0.0,0.0,0.0,0.0,1.0,1.0,0.0,0.0,0.0,0.0,1.0,0.0,0.0,0
0.9067164179104478,-0.5,1.673458126239857,-1.0591099223585685,0.0,0.0,0.0,0.0,1.0,0.0,0.0,1.0,0.0,0.0,1.0,0.0,0.0,0
-0.35447761194029853,-0.5,-0.1346414830959636,-0.004096523026674315,0.0,0.0,0.0,1.0,0.0,1.0,0.0,0.0,0.0,0.0,1.0,0.0,0.0,0
-0.5298507462686567,0.5,0.6476610754760693,-0.2776194272099852,0.0,0.0,0.0,1.0,0.0,1.0,0.0,0.0,0.0,0.0,1.0,0.0,0.0,0
-1.0223880597014925,-0.5,-0.5280909161859311,0.8458021694955866,1.0,1.0,0.0,1.0,0.0,0.0,0.0,0.0,0.0,1.0,0.0,0.0,1.0,0
0.43656716417910446,1.0,-0.531277553881758,-0.6724889183033744,2.0,1.0,0.0,0.0,1.0,0.0,0.0,0.0,0.0,1.0,0.0,1.0,0.0,1
-0.048507462686567165,0.0,-0.44239475812334816,1.1831753964839264,0.0,0.0,0.0,1.0,0.0,0.0,0.0,1.0,0.0,0.0,1.0,0.0,0.0,1
0.13432835820895522,0.0,0.6673544191931489,1.2146340739330783,1.0,0.0,0.0,1.0,0.0,1.0,0.0,0.0,0.0,0.0,0.0,0.0,1.0,1
-0.8619402985074627,-1.0,-0.3971191712250074,-0.8782495249757,2.0,0.0,0.0,1.0,0.0,0.0,1.0,0.0,0.0,0.0,0.0,1.0,0.0,1
-0.6194029850746269,0.5,0.16050455286607315,0.8361535545662363,1.0,0.0,0.0,1.0,0.0,1.0,0.0,0.0,0.0,0.0,0.0,0.0,1.0,0
0.4626865671641791,1.5,0.2880826545547872,-0.5028321920458244,0.0,0.0,0.0,0.0,1.0,1.0,0.0,0.0,0.0,0.0,1.0,0.0,0.0,1
0.5373134328358209,0.5,-0.13778639987303265,0.8611297966885708,2.0,0.0,0.0,1.0,0.0,1.0,0.0,0.0,0.0,0.0,0.0,1.0,0.0,1
1.6007462686567164,-1.5,-0.5037150000013859,0.1293830530360875,0.0,1.0,0.0,0.0,1.0,0.0,0.0,1.0,0.0,0.0,1.0,0.0,0.0,0
-0.39925373134328357,-1.0,-0.32627423500067976,1.1300049542507435,0.0,0.0,0.0,1.0,0.0,1.0,0.0,0.0,0.0,0.0,0.0,0.0,1.0,1
-0.44029850746268656,-0.5,0.36534047855881574,0.9775854825982428,0.0,0.0,0.0,1.0,0.0,1.0,0.0,0.0,0.0,0.0,0.0,1.0,0.0,1
0.47761194029850745,-1.0,-0.28021648312588954,-0.24561532257791455,-1.0,1.0,0.0,1.0,0.0,0.0,1.0,0.0,0.0,0.0,1.0,0.0,0.0,0
0.5485074626865671,2.5,-0.045218149214462745,0.24450161226609818,0.0,0.0,0.0,1.0,0.0,1.0,0.0,0.0,0.0,0.0,1.0,0.0,0.0,1
0.832089552238806,-0.5,-0.6217278394225659,0.18489745249107553,1.0,0.0,0.0,1.0,0.0,0.0,0.0,1.0,0.0,0.0,1.0,0.0,0.0,0
-0.08208955223880597,0.5,1.1789385379976915,1.1506725658584007,0.0,0.0,0.0,0.0,1.0,1.0,0.0,0.0,0.0,0.0,1.0,0.0,0.0,1
0.3917910447761194,0.0,-0.5204914721337734,-0.15168992219993793,1.0,0.0,0.0,1.0,0.0,1.0,0.0,0.0,0.0,0.0,1.0,0.0,0.0,0
-0.996268656716418,-1.5,-0.2762456904956522,-0.7520347050573857,1.0,0.0,0.0,1.0,0.0,1.0,0.0,0.0,0.0,0.0,0.0,0.0,1.0,0
0.996268656716418,-0.5,1.4129039963755006,1.0428021836358203,2.0,1.0,0.0,1.0,0.0,0.0,0.0,1.0,0.0,0.0,1.0,0.0,0.0,1
-0.12686567164179105,-0.5,-0.5802794036259653,-0.5827353656060341,0.0,0.0,0.0,1.0,0.0,0.0,0.0,0.0,0.0,1.0,1.0,0.0,0.0,0
-0.1791044776119403,0.5,-0.4827279523062129,-0.5453726319939347,0.0,0.0,0.0,1.0,0.0,0.0,1.0,0.0,0.0,0.0,1.0,0.0,0.0,0
-0.19776119402985073,0.0,1.0193620522903064,0.29715233441349326,0.0,0.0,0.0,1.0,0.0,1.0,0.0,0.0,0.0,0.0,0.0,1.0,0.0,0
-0.041044776119402986,0.0,-0.15232726797569024,1.473171504686988,0.0,0.0,0.0,1.0,0.0,1.0,0.0,0.0,0.0,0.0,1.0,0.0,0.0,1
0.458955223880597,0.5,-0.5809858530269832,-0.713979838521674,1.0,0.0,0.0,0.0,1.0,1.0,0.0,0.0,0.0,0.0,1.0,0.0,0.0,0
0.8731343283582089,1.0,0.22791688115368935,-0.40849047787766296,0.0,0.0,0.0,0.0,1.0,1.0,0.0,0.0,0.0,0.0,1.0,0.0,0.0,0
-1.6194029850746268,1.5,-0.31155104846919834,-0.661823128215573,2.0,0.0,0.0,1.0,0.0,1.0,0.0,0.0,0.0,0.0,1.0,0.0,0.0,1
0.3656716417910448,1.0,0.8137774770208519,-0.3441935663930772,2.0,1.0,0.0,0.0,1.0,0.0,1.0,0.0,0.0,0.0,1.0,0.0,0.0,1
1.7682089552238844,0.5,2.1140222141466616,-0.8783068475188265,-1.0,0.0,0.0,1.0,0.0,1.0,0.0,0.0,0.0,0.0,0.0,0.0,1.0,1
-0.3843283582089552,-0.5,0.528292066303669,0.015294227527180754,0.0,0.0,0.0,1.0,0.0,1.0,0.0,0.0,0.0,0.0,0.0,0.0,1.0,0
-1.1082089552238805,0.0,-0.4867646529182581,-0.0156037932055855,0.0,0.0,0.0,0.0,1.0,1.0,0.0,0.0,0.0,0.0,0.0,0.0,1.0,0
-1.287313432835821,-1.5,-0.4407037224234624,0.4076869877418966,2.0,0.0,0.0,0.0,1.0,0.0,1.0,0.0,0.0,0.0,0.0,0.0,1.0,1
-0.9850746268656716,-1.5,-0.06729452475651243,-0.053644721122583824,2.0,0.0,0.0,1.0,0.0,0.0,0.0,1.0,0.0,0.0,1.0,0.0,0.0,1
-0.17537313432835822,1.0,-0.24133976090221848,-0.3727382283212844,-1.0,0.0,0.0,0.0,1.0,1.0,0.0,0.0,0.0,0.0,0.0,0.0,1.0,0
0.06343283582089553,0.5,1.5079927085907137,-0.7874306189062195,2.0,0.0,0.0,1.0,0.0,1.0,0.0,0.0,0.0,0.0,0.0,0.0,1.0,1
0.291044776119403,-0.5,-0.1871292686151246,1.0455303910433627,1.0,0.0,0.0,1.0,0.0,0.0,0.0,1.0,0.0,0.0,1.0,0.0,0.0,0
0.5634328358208955,-1.0,0.03496908391989095,-0.8494262169391641,2.0,0.0,0.0,1.0,0.0,0.0,0.0,0.0,0.0,1.0,1.0,0.0,0.0,1
-0.47761194029850745,1.0,-0.06684334939677417,-0.6405438592036541,-1.0,0.0,0.0,1.0,0.0,1.0,0.0,0.0,0.0,0.0,1.0,0.0,0.0,0
1.2201492537313432,-0.5,-0.3727814976416194,-0.7577978262128622,1.0,0.0,0.0,1.0,0.0,0.0,1.0,0.0,0.0,0.0,1.0,0.0,0.0,1
-0.9440298507462687,-0.5,-0.002755394770610702,0.04617453032988872,1.0,0.0,0.0,1.0,0.0,0.0,0.0,0.0,1.0,0.0,1.0,0.0,0.0,0
0.22388059701492538,0.0,-0.2850053505905186,0.9090386097308225,0.0,0.0,0.0,1.0,0.0,1.0,0.0,0.0,0.0,0.0,0.0,1.0,0.0,0
1.3022388059701493,-1.0,-0.6208756426576764,1.1612359408300321,1.0,0.0,0.0,1.0,0.0,1.0,0.0,0.0,0.0,0.0,1.0,0.0,0.0,1
1.3059701492537314,0.0,-0.18720025339043894,-0.37195912566099715,0.0,0.0,0.0,1.0,0.0,1.0,0.0,0.0,0.0,0.0,0.0,1.0,0.0,0
1.1529850746268657,-0.5,0.9118867416589115,0.1777378669900052,1.0,0.0,0.0,1.0,0.0,1.0,0.0,0.0,0.0,0.0,0.0,1.0,0.0,0
1.1977611940298507,0.0,0.6718766339645508,1.0085020185568119,-1.0,0.0,0.0,1.0,0.0,0.0,0.0,1.0,0.0,0.0,1.0,0.0,0.0,0
-0.15671641791044777,0.5,-0.5063304741637581,-0.7749299527262334,1.0,0.0,0.0,1.0,0.0,0.0,0.0,1.0,0.0,0.0,0.0,1.0,0.0,0
0.06716417910447761,-0.5,0.12643924850639504,0.6180753772734946,0.0,0.0,0.0,1.0,0.0,1.0,0.0,0.0,0.0,0.0,0.0,1.0,0.0,0
0.3917910447761194,-1.0,0.9842241168285155,0.6118079617671951,2.0,0.0,0.0,1.0,0.0,0.0,0.0,1.0,0.0,0.0,0.0,1.0,0.0,1
0.6529850746268657,1.0,0.011152561833169245,-0.08092147321650624,1.0,0.0,0.0,1.0,0.0,0.0,0.0,1.0,0.0,0.0,0.0,1.0,0.0,0
-0.13059701492537312,0.0,0.29077199253228797,0.5716226486612174,2.0,0.0,0.0,1.0,0.0,0.0,1.0,0.0,0.0,0.0,0.0,0.0,1.0,1
-1.2649253731343284,2.0,0.36210447452191163,0.5529557895562384,-1.0,0.0,0.0,1.0,0.0,0.0,0.0,1.0,0.0,0.0,1.0,0.0,0.0,1
0.4626865671641791,-1.0,0.5976261830152988,0.04154346978681489,-1.0,0.0,0.0,0.0,1.0,1.0,0.0,0.0,0.0,0.0,1.0,0.0,0.0,0
1.0895522388059702,-0.5,0.796973907557134,-0.6356675366338704,1.0,0.0,0.0,1.0,0.0,1.0,0.0,0.0,0.0,0.0,1.0,0.0,0.0,0
-1.5485074626865671,0.0,0.3998642387179663,-0.796619421736755,2.0,0.0,0.0,1.0,0.0,1.0,0.0,0.0,0.0,0.0,0.0,0.0,1.0,1
-0.19029850746268656,0.5,-0.508943665549857,0.8559201006938298,2.0,0.0,0.0,1.0,0.0,1.0,0.0,0.0,0.0,0.0,1.0,0.0,0.0,1
-1.0970149253731343,2.5,-0.5383866967845987,0.4920138223462257,0.0,1.0,0.0,1.0,0.0,1.0,0.0,0.0,0.0,0.0,0.0,0.0,1.0,1
0.04477611940298507,0.0,-0.45371236201826504,0.9220486395379169,3.0,0.0,0.0,1.0,0.0,1.0,0.0,0.0,0.0,0.0,1.0,0.0,0.0,1
0.2574626865671642,-1.5,-0.2876238941905835,-0.4514590399962568,0.0,0.0,0.0,1.0,0.0,1.0,0.0,0.0,0.0,0.0,1.0,0.0,0.0,0
0.05970149253731343,-0.5,-0.2497400869399655,0.6180099574122004,1.0,1.0,0.0,1.0,0.0,1.0,0.0,0.0,0.0,0.0,1.0,0.0,0.0,0
0.917910447761194,1.5,1.2248487517874966,-0.40411188190744274,1.0,0.0,0.0,1.0,0.0,1.0,0.0,0.0,0.0,0.0,0.0,0.0,1.0,1
-0.7835820895522388,1.0,-0.03595862389114628,0.07086438423786322,-1.0,0.0,0.0,1.0,0.0,1.0,0.0,0.0,0.0,0.0,1.0,0.0,0.0,0
-0.7388059701492538,-1.5,-0.4661773423579298,-0.9555715749674109,2.0,0.0,0.0,1.0,0.0,1.0,0.0,0.0,0.0,0.0,0.0,1.0,0.0,1
-0.19029850746268656,2.0,-0.02394500884924959,-0.005912485330587141,0.0,0.0,0.0,0.0,1.0,0.0,0.0,1.0,0.0,0.0,0.0,1.0,0.0,1
1.0597014925373134,-1.0,0.7101140202630946,-0.9861758607210154,0.0,0.0,0.0,1.0,0.0,0.0,1.0,0.0,0.0,0.0,1.0,0.0,0.0,0
-0.16417910447761194,0.0,-0.19698675222109735,0.4994864454354074,2.0,0.0,0.0,1.0,0.0,1.0,0.0,0.0,0.0,0.0,0.0,0.0,1.0,1
0.8171641791044776,0.5,2.426150838953651,-0.6081574993675165,0.0,0.0,0.0,1.0,0.0,0.0,1.0,0.0,0.0,0.0,1.0,0.0,0.0,0
1.7682089552238844,0.0,0.09156737685152629,-0.8287936291834959,1.0,0.0,0.0,1.0,0.0,0.0,0.0,1.0,0.0,0.0,1.0,0.0,0.0,0
-0.9664179104477612,0.5,0.6407615810062162,0.3126937533179609,2.0,1.0,0.0,1.0,0.0,1.0,0.0,0.0,0.0,0.0,0.0,1.0,0.0,1
0.3917910447761194,0.0,0.5748573780454523,0.31721580283310014,-1.0,0.0,0.0,0.0,1.0,0.0,1.0,0.0,0.0,0.0,0.0,0.0,1.0,0
-0.6343283582089553,-0.5,1.0955557623682308,-0.3207593085544245,-1.0,1.0,0.0,0.0,1.0,1.0,0.0,0.0,0.0,0.0,1.0,0.0,0.0,0
-0.6194029850746269,0.5,-0.3568727991742836,-0.5013517468486237,-1.0,0.0,0.0,1.0,0.0,1.0,0.0,0.0,0.0,0.0,0.0,1.0,0.0,0
1.3992537313432836,2.0,0.4629641257239678,-0.7360827875875146,0.0,0.0,0.0,0.0,1.0,0.0,0.0,0.0,0.0,1.0,0.0,0.0,1.0,1
-0.48507462686567165,0.5,1.2714720175678544,0.08232982365736413,0.0,0.0,0.0,1.0,0.0,1.0,0.0,0.0,0.0,0.0,0.0,0.0,1.0,0
-0.2537313432835821,-1.5,0.5075489053253687,0.2046402936746213,0.0,1.0,0.0,0.0,1.0,0.0,1.0,0.0,0.0,0.0,1.0,0.0,0.0,0
-0.26865671641791045,0.5,0.4315169537112589,0.9528492401742639,0.0,1.0,0.0,1.0,0.0,1.0,0.0,0.0,0.0,0.0,0.0,0.0,1.0,1
-0.2462686567164179,1.5,-0.3207448702966702,-0.3951021203985777,0.0,0.0,0.0,0.0,1.0,0.0,1.0,0.0,0.0,0.0,0.0,1.0,0.0,1
0.6716417910447762,0.0,0.25137559493949385,0.25739496128894457,0.0,0.0,0.0,0.0,1.0,1.0,0.0,0.0,0.0,0.0,1.0,0.0,0.0,1
-1.1977611940298507,0.5,0.408256392419937,-0.3281491164766588,-1.0,0.0,0.0,0.0,1.0,1.0,0.0,0.0,0.0,0.0,1.0,0.0,0.0,0
-0.16044776119402984,0.5,0.31115762029774685,1.205057531677312,-1.0,0.0,0.0,1.0,0.0,0.0,0.0,1.0,0.0,0.0,1.0,0.0,0.0,1
-0.22014925373134328,0.5,1.261275679549447,-0.2621128641612483,1.0,0.0,0.0,1.0,0.0,1.0,0.0,0.0,0.0,0.0,0.0,0.0,1.0,0
0.3805970149253731,1.5,-0.5618885036330544,-0.08483609115830176,-1.0,0.0,0.0,1.0,0.0,0.0,1.0,0.0,0.0,0.0,1.0,0.0,0.0,1
0.832089552238806,0.5,2.143680972890914,0.05214905694146422,0.0,0.0,0.0,1.0,0.0,1.0,0.0,0.0,0.0,0.0,0.0,0.0,1.0,0
0.13805970149253732,-0.5,-0.050695910390651626,-0.026543904214449427,1.0,0.0,0.0,0.0,1.0,1.0,0.0,0.0,0.0,0.0,0.0,0.0,1.0,0
-0.332089552238806,-0.5,0.31861350418586315,1.0843227028400786,0.0,0.0,0.0,1.0,0.0,0.0,0.0,1.0,0.0,0.0,1.0,0.0,0.0,1
-0.6044776119402985,-1.5,1.3087669443106722,0.013422310327158063,1.0,0.0,0.0,1.0,0.0,0.0,0.0,0.0,1.0,0.0,1.0,0.0,0.0,1
-0.7835820895522388,0.5,-0.28609810422899534,-0.7294396732261155,0.0,0.0,0.0,0.0,1.0,1.0,0.0,0.0,0.0,0.0,1.0,0.0,0.0,0
0.8619402985074627,0.0,0.34648003631195107,-0.7442826376031626,0.0,1.0,0.0,1.0,0.0,0.0,1.0,0.0,0.0,0.0,0.0,1.0,0.0,0
-0.4962686567164179,-1.0,-0.5487640130231852,-0.3051909023031961,1.0,0.0,0.0,0.0,1.0,1.0,0.0,0.0,0.0,0.0,0.0,1.0,0.0,0
0.14925373134328357,0.5,-0.4870518509513252,-0.5003563847312862,1.0,0.0,0.0,1.0,0.0,1.0,0.0,0.0,0.0,0.0,0.0,1.0,0.0,0
0.014925373134328358,-1.0,0.19468633734100646,0.5466279499544155,-1.0,0.0,0.0,1.0,0.0,1.0,0.0,0.0,0.0,0.0,0.0,1.0,0.0,0
-0.7649253731343284,-1.5,0.3064384863888368,0.8913528875242267,1.0,0.0,1.0,0.0,0.0,1.0,0.0,0.0,0.0,0.0,1.0,0.0,0.0,0
0.5485074626865671,-1.0,0.22835590668189654,-0.019804230208783975,0.0,1.0,0.0,1.0,0.0,0.0,0.0,1.0,0.0,0.0,0.0,0.0,1.0,0
0.033582089552238806,-0.5,3.1012320956828963,-0.7477944072493055,1.0,0.0,0.0,1.0,0.0,1.0,0.0,0.0,0.0,0.0,1.0,0.0,0.0,1
0.04477611940298507,1.0,3.178372760940006,-0.44926368937377986,0.0,0.0,0.0,1.0,0.0,1.0,0.0,0.0,0.0,0.0,0.0,0.0,1.0,0
0.4552238805970149,1.5,-0.5455189820368955,0.0723250689940661,1.0,0.0,0.0,1.0,0.0,1.0,0.0,0.0,0.0,0.0,1.0,0.0,0.0,1
-0.376865671641791,0.0,0.13934068094783644,-0.21926140751329373,2.0,1.0,0.0,1.0,0.0,1.0,0.0,0.0,0.0,0.0,1.0,0.0,0.0,1
-0.40298507462686567,0.0,-0.15479863098908875,-0.5574472160759751,1.0,0.0,0.0,0.0,1.0,0.0,1.0,0.0,0.0,0.0,0.0,0.0,1.0,1
-0.6716417910447762,-0.5,1.3007217900927022,1.0337734860184535,2.0,0.0,0.0,0.0,1.0,1.0,0.0,0.0,0.0,0.0,1.0,0.0,0.0,1
-0.7611940298507462,0.0,-0.5316538508972258,1.0800247682618624,1.0,0.0,0.0,0.0,1.0,1.0,0.0,0.0,0.0,0.0,1.0,0.0,0.0,1
-0.4291044776119403,0.5,-0.6202445392111434,0.004756107195827011,1.0,0.0,0.0,1.0,0.0,0.0,0.0,1.0,0.0,0.0,0.0,1.0,0.0,1
-0.30223880597014924,-1.5,-0.5630999712349092,-1.0693196078992746,2.0,0.0,0.0,1.0,0.0,0.0,0.0,1.0,0.0,0.0,1.0,0.0,0.0,1
0.22388059701492538,2.5,-0.5783565311936584,0.5434430312162479,0.0,0.0,0.0,1.0,0.0,1.0,0.0,0.0,0.0,0.0,1.0,0.0,0.0,1
-0.9813432835820896,0.0,1.0970565588922838,0.38694222410639684,2.0,1.0,0.0,1.0,0.0,0.0,0.0,0.0,0.0,1.0,0.0,1.0,0.0,1
-0.753731343283582,0.0,3.488464304680498,-0.16786010291209957,0.0,1.0,0.0,1.0,0.0,1.0,0.0,0.0,0.0,0.0,0.0,0.0,1.0,1
0.0708955223880597,0.0,0.8733247951105088,-0.29383783980872363,2.0,0.0,0.0,1.0,0.0,1.0,0.0,0.0,0.0,0.0,0.0,0.0,1.0,1
-0.24253731343283583,-1.0,0.26863757342107664,-0.3472363340114942,-1.0,0.0,0.0,0.0,1.0,0.0,0.0,1.0,0.0,0.0,0.0,1.0,0.0,0
-0.3582089552238806,-1.5,0.44721663895517716,1.6216423273571856,0.0,0.0,0.0,1.0,0.0,1.0,0.0,0.0,0.0,0.0,0.0,0.0,1.0,1
0.9291044776119403,0.0,1.2343074338921245,0.6938399013803455,0.0,0.0,0.0,0.0,1.0,0.0,1.0,0.0,0.0,0.0,0.0,0.0,1.0,1
-0.4925373134328358,-0.5,0.6151948278420725,-0.565691751128166,0.0,1.0,0.0,1.0,0.0,1.0,0.0,0.0,0.0,0.0,0.0,0.0,1.0,0
-0.6305970149253731,-0.5,0.010121204564128636,-0.03874501472638547,2.0,0.0,0.0,1.0,0.0,1.0,0.0,0.0,0.0,0.0,1.0,0.0,0.0,1
-0.048507462686567165,0.0,-0.5349794781069259,-0.011845574611271685,0.0,0.0,1.0,0.0,0.0,0.0,0.0,1.0,0.0,0.0,0.0,0.0,1.0,0
-1.041044776119403,0.5,0.06841775448163555,-0.5891625695154964,0.0,0.0,0.0,1.0,0.0,1.0,0.0,0.0,0.0,0.0,1.0,0.0,0.0,0
1.4776119402985075,0.0,0.16082351250047555,-0.5560601047274749,3.0,1.0,1.0,0.0,0.0,1.0,0.0,0.0,0.0,0.0,1.0,0.0,0.0,1
-0.16044776119402984,-1.0,-0.4429831891737012,0.15989359427243044,0.0,0.0,0.0,1.0,0.0,1.0,0.0,0.0,0.0,0.0,1.0,0.0,0.0,0
-0.39552238805970147,0.0,-0.520397283949815,0.07816094809978322,0.0,0.0,1.0,0.0,0.0,0.0,1.0,0.0,0.0,0.0,1.0,0.0,0.0,0
0.27238805970149255,0.5,-0.579496110038836,0.29064914986647733,0.0,0.0,0.0,1.0,0.0,0.0,1.0,0.0,0.0,0.0,1.0,0.0,0.0,0
-0.40298507462686567,0.5,-0.6043453360968245,-0.5324917007113454,0.0,0.0,0.0,1.0,0.0,1.0,0.0,0.0,0.0,0.0,1.0,0.0,0.0,1
0.6828358208955224,0.0,-0.48726741001774054,0.773744420139336,2.0,0.0,0.0,1.0,0.0,1.0,0.0,0.0,0.0,0.0,1.0,0.0,0.0,1
1.7682089552238844,0.5,2.534499407167457,0.049797029514156,-1.0,0.0,0.0,1.0,0.0,0.0,0.0,0.0,1.0,0.0,0.0,1.0,0.0,1
-0.6380597014925373,-1.0,-0.5302359151189896,-0.25722185442297213,3.0,0.0,0.0,1.0,0.0,1.0,0.0,0.0,0.0,0.0,0.0,1.0,0.0,1
-0.33955223880597013,-0.5,0.3658815782463661,0.824693831647134,0.0,0.0,0.0,1.0,0.0,1.0,0.0,0.0,0.0,0.0,1.0,0.0,0.0,0
-0.9589552238805971,0.5,0.07081665087865756,0.06843594876029897,2.0,1.0,0.0,1.0,0.0,1.0,0.0,0.0,0.0,0.0,1.0,0.0,0.0,1
0.026119402985074626,-1.0,0.580846776140864,1.3051762120658124,1.0,0.0,0.0,1.0,0.0,1.0,0.0,0.0,0.0,0.0,1.0,0.0,0.0,1
-0.7126865671641791,-1.5,-0.23976412343949516,-1.0348071656974904,0.0,0.0,0.0,1.0,0.0,1.0,0.0,0.0,0.0,0.0,1.0,0.0,0.0,0
0.291044776119403,-1.0,-0.009158511937288586,-0.6307658960371896,1.0,0.0,0.0,1.0,0.0,1.0,0.0,0.0,0.0,0.0,1.0,0.0,0.0,0
-1.1343283582089552,0.5,-0.577200174716455,-0.9261518669186501,0.0,0.0,0.0,0.0,1.0,1.0,0.0,0.0,0.0,0.0,0.0,1.0,0.0,0
1.5895522388059702,0.5,-0.5157060222193326,1.7206757969526445,-1.0,0.0,0.0,1.0,0.0,0.0,1.0,0.0,0.0,0.0,0.0,1.0,0.0,1
-0.5634328358208955,2.0,-0.4423798975082263,-0.7176479047455276,-1.0,0.0,0.0,1.0,0.0,0.0,0.0,1.0,0.0,0.0,1.0,0.0,0.0,1
-0.16044776119402984,-1.5,0.45239850616630534,0.336999921697962,0.0,0.0,0.0,1.0,0.0,0.0,0.0,1.0,0.0,0.0,1.0,0.0,0.0,0
-0.7313432835820896,-0.5,-0.5204391311209744,0.3908915851963586,2.0,0.0,0.0,1.0,0.0,0.0,1.0,0.0,0.0,0.0,1.0,0.0,0.0,1
-0.6529850746268657,0.0,-0.3377723515569496,-0.4732335472701179,1.0,1.0,0.0,0.0,1.0,0.0,0.0,1.0,0.0,0.0,0.0,1.0,0.0,0
0.3246268656716418,0.0,0.5927551871396533,-0.09756707764390853,0.0,0.0,0.0,0.0,1.0,0.0,0.0,1.0,0.0,0.0,1.0,0.0,0.0,0
0.7873134328358209,-1.5,-0.4397649051663859,0.465589388043759,3.0,0.0,0.0,1.0,0.0,1.0,0.0,0.0,0.0,0.0,0.0,0.0,1.0,1
-0.3656716417910448,-1.5,0.08800168693204517,-0.46079338327033936,3.0,0.0,0.0,1.0,0.0,0.0,0.0,1.0,0.0,0.0,0.0,0.0,1.0,1
-1.0970149253731343,0.5,-0.3966999182884248,0.26811276137601797,0.0,0.0,0.0,0.0,1.0,1.0,0.0,0.0,0.0,0.0,0.0,1.0,0.0,0
0.5261194029850746,-1.5,-0.4973677226033358,-0.6463295128481067,1.0,0.0,0.0,1.0,0.0,0.0,0.0,1.0,0.0,0.0,1.0,0.0,0.0,0
-1.1343283582089552,2.5,-0.4673043171100352,0.15624049574613794,1.0,0.0,0.0,1.0,0.0,1.0,0.0,0.0,0.0,0.0,1.0,0.0,0.0,1
-0.26865671641791045,-1.0,-0.6217278394225659,1.2887045088000886,0.0,0.0,0.0,1.0,0.0,1.0,0.0,0.0,0.0,0.0,0.0,1.0,0.0,1
0.041044776119402986,1.5,-0.05060770993066128,-0.3756417755448062,2.0,0.0,0.0,1.0,0.0,1.0,0.0,0.0,0.0,0.0,1.0,0.0,0.0,1
0.08955223880597014,0.0,-0.26035670951838447,-0.5633254202941473,0.0,1.0,0.0,1.0,0.0,1.0,0.0,0.0,0.0,0.0,0.0,1.0,0.0,0
0.08582089552238806,-1.5,0.6457979095802223,0.1170333032162923,0.0,0.0,0.0,1.0,0.0,0.0,0.0,1.0,0.0,0.0,0.0,0.0,1.0,1
-1.414179104477612,0.5,-0.17500356664090588,1.195382388016054,2.0,0.0,0.0,1.0,0.0,1.0,0.0,0.0,0.0,0.0,1.0,0.0,0.0,1
-0.5447761194029851,-1.5,0.704642420782258,-0.10451650910336768,1.0,0.0,0.0,1.0,0.0,0.0,1.0,0.0,0.0,0.0,0.0,1.0,0.0,0
0.6455223880597015,1.0,2.5019969595749356,0.12656074516895435,3.0,0.0,0.0,0.0,1.0,1.0,0.0,0.0,0.0,0.0,1.0,0.0,0.0,1
0.1828358208955224,-1.0,-0.25095947134069996,-0.282899625117817,0.0,0.0,0.0,0.0,1.0,1.0,0.0,0.0,0.0,0.0,0.0,0.0,1.0,0
0.6156716417910447,-1.0,-0.5327157259312311,1.2057550563557176,-1.0,0.0,0.0,0.0,1.0,0.0,1.0,0.0,0.0,0.0,1.0,0.0,0.0,1
-0.2798507462686567,-1.5,0.5426815174174617,0.31044009236681014,-1.0,0.0,0.0,1.0,0.0,1.0,0.0,0.0,0.0,0.0,1.0,0.0,0.0,0
1.1940298507462686,-0.5,1.1711494503874433,-0.3085409081106358,0.0,0.0,0.0,1.0,0.0,0.0,1.0,0.0,0.0,0.0,1.0,0.0,0.0,0
0.48134328358208955,-0.5,0.058141466365620946,-0.455776163605307,0.0,0.0,0.0,1.0,0.0,1.0,0.0,0.0,0.0,0.0,0.0,0.0,1.0,0
-0.23507462686567165,1.0,-0.5953142608973391,1.4104548613085799,-1.0,0.0,0.0,1.0,0.0,0.0,0.0,1.0,0.0,0.0,1.0,0.0,0.0,1
0.06716417910447761,0.5,-0.2645451830909467,0.048932439993618834,0.0,0.0,0.0,1.0,0.0,0.0,0.0,0.0,1.0,0.0,0.0,1.0,0.0,0
0.3246268656716418,-0.5,0.2884935883261147,-0.027514395050653777,0.0,0.0,0.0,1.0,0.0,1.0,0.0,0.0,0.0,0.0,0.0,1.0,0.0,1
1.3544776119402986,-1.0,-0.03952713290088721,-0.10153344916490972,0.0,1.0,0.0,1.0,0.0,0.0,0.0,0.0,1.0,0.0,0.0,1.0,0.0,0
1.455223880597015,-1.0,1.3484723543998935,-0.6812444206409055,-1.0,0.0,0.0,1.0,0.0,1.0,0.0,0.0,0.0,0.0,0.0,0.0,1.0,0
-0.6156716417910447,2.5,-0.5447724058059932,-1.036027826929921,-1.0,0.0,0.0,0.0,1.0,0.0,0.0,0.0,1.0,0.0,0.0,1.0,0.0,1
-0.3694029850746269,-0.5,-0.0551876188024742,0.060128862794130405,1.0,0.0,0.0,0.0,1.0,1.0,0.0,0.0,0.0,0.0,0.0,0.0,1.0,0
-0.03731343283582089,1.0,-0.593743048900946,0.28588547391616476,-1.0,0.0,1.0,0.0,0.0,1.0,0.0,0.0,0.0,0.0,1.0,0.0,0.0,0
-1.0970149253731343,-0.5,-0.4933959230813637,1.2015586770960984,0.0,0.0,0.0,1.0,0.0,0.0,0.0,0.0,1.0,0.0,0.0,1.0,0.0,1
0.15298507462686567,2.0,0.8502411364737811,0.6402532681694817,-1.0,0.0,0.0,1.0,0.0,0.0,0.0,1.0,0.0,0.0,0.0,1.0,0.0,1
-0.10074626865671642,-0.5,1.8149749679983953,-0.34205369303298633,0.0,0.0,0.0,0.0,1.0,1.0,0.0,0.0,0.0,0.0,1.0,0.0,0.0,0
-0.31343283582089554,-0.5,0.6743527914334078,-0.6457392781526123,0.0,0.0,0.0,1.0,0.0,0.0,0.0,1.0,0.0,0.0,1.0,0.0,0.0,0
0.09701492537313433,-1.5,1.7134646213394074,0.28772431814056193,0.0,0.0,0.0,1.0,0.0,1.0,0.0,0.0,0.0,0.0,0.0,1.0,0.0,0
0.07462686567164178,1.5,-0.406865682455092,0.5017020674297629,-1.0,0.0,0.0,0.0,1.0,1.0,0.0,0.0,0.0,0.0,1.0,0.0,0.0,1
-0.664179104477612,0.0,1.0413547921560713,0.6252022730454535,0.0,0.0,0.0,1.0,0.0,0.0,0.0,0.0,1.0,0.0,0.0,1.0,0.0,0
-1.1753731343283582,-1.5,-0.009845517861750391,-0.6765459569382352,3.0,1.0,0.0,1.0,0.0,0.0,0.0,1.0,0.0,0.0,0.0,1.0,0.0,1
-0.19402985074626866,1.0,0.10577274184289301,-1.0693196078992746,2.0,0.0,0.0,1.0,0.0,0.0,0.0,1.0,0.0,0.0,0.0,1.0,0.0,1
0.9552238805970149,0.5,0.9172428363500539,0.4611568727642253,-1.0,0.0,0.0,1.0,0.0,0.0,0.0,0.0,0.0,1.0,1.0,0.0,0.0,1
0.9514925373134329,0.0,-0.43525432424318145,1.6691719935385083,0.0,0.0,1.0,0.0,0.0,1.0,0.0,0.0,0.0,0.0,1.0,0.0,0.0,1
0.332089552238806,0.0,-0.027081953480241647,0.25178114732373,0.0,0.0,0.0,1.0,0.0,0.0,0.0,1.0,0.0,0.0,0.0,0.0,1.0,0
-0.3917910447761194,0.5,0.10351783320596325,0.21190453278447696,1.0,0.0,0.0,0.0,1.0,1.0,0.0,0.0,0.0,0.0,0.0,0.0,1.0,0
-1.3208955223880596,-0.5,-0.012885345678958705,-0.6412982151260691,0.0,0.0,0.0,1.0,0.0,0.0,0.0,1.0,0.0,0.0,0.0,0.0,1.0,0
-1.2985074626865671,0.5,-0.4681984779951968,0.7226962452986949,0.0,0.0,0.0,1.0,0.0,1.0,0.0,0.0,0.0,0.0,1.0,0.0,0.0,0
-0.6268656716417911,0.0,0.5709846750728255,-0.576345748538298,2.0,1.0,0.0,1.0,0.0,0.0,1.0,0.0,0.0,0.0,0.0,1.0,0.0,1
-0.6119402985074627,0.0,1.530254811926514,0.39151912534254535,0.0,0.0,0.0,1.0,0.0,0.0,0.0,1.0,0.0,0.0,1.0,0.0,0.0,0
0.19402985074626866,1.0,-0.5569042516849553,0.06029372965456961,1.0,0.0,0.0,0.0,1.0,1.0,0.0,0.0,0.0,0.0,0.0,1.0,0.0,0
0.17537313432835822,-1.0,-0.28511192909651173,0.2207694145799637,0.0,0.0,0.0,1.0,0.0,1.0,0.0,0.0,0.0,0.0,1.0,0.0,0.0,1
-0.44776119402985076,0.5,0.319523103158207,0.028414042344909476,0.0,0.0,0.0,1.0,0.0,0.0,1.0,0.0,0.0,0.0,1.0,0.0,0.0,0
-0.026119402985074626,0.0,1.560440192667275,-0.29979522988342505,3.0,0.0,0.0,1.0,0.0,0.0,0.0,1.0,0.0,0.0,1.0,0.0,0.0,1
-0.6268656716417911,-1.0,-0.4488254033758163,-0.6855153654449396,0.0,0.0,0.0,1.0,0.0,1.0,0.0,0.0,0.0,0.0,1.0,0.0,0.0,0
-0.7201492537313433,0.0,1.2309669254835462,-0.19926545435264842,1.0,0.0,0.0,1.0,0.0,1.0,0.0,0.0,0.0,0.0,1.0,0.0,0.0,0
-0.30223880597014924,-1.0,0.769712620607822,-0.0037613493785353448,0.0,0.0,0.0,1.0,0.0,1.0,0.0,0.0,0.0,0.0,1.0,0.0,0.0,1
-0.5447761194029851,0.0,-0.4396306128542731,-0.4893547765459817,0.0,0.0,0.0,1.0,0.0,0.0,0.0,1.0,0.0,0.0,1.0,0.0,0.0,0
1.7682089552238844,1.0,0.24229896382387614,-0.07074504382804389,0.0,0.0,0.0,0.0,1.0,1.0,0.0,0.0,0.0,0.0,0.0,1.0,0.0,0
1.6380597014925373,2.0,0.1535366210716911,-0.4579059787041803,0.0,0.0,0.0,0.0,1.0,1.0,0.0,0.0,0.0,0.0,0.0,1.0,0.0,1
-0.7611940298507462,1.5,-0.5014911679067504,-0.04889886104689785,3.0,0.0,0.0,1.0,0.0,0.0,1.0,0.0,0.0,0.0,0.0,0.0,1.0,1
0.6119402985074627,-0.5,0.7577664232977573,0.5289538896053223,0.0,0.0,0.0,1.0,0.0,0.0,0.0,0.0,1.0,0.0,0.0,0.0,1.0,0
0.458955223880597,0.0,-0.08476323427461466,-0.5071538244829883,0.0,0.0,1.0,0.0,0.0,1.0,0.0,0.0,0.0,0.0,0.0,1.0,0.0,0
-1.0298507462686568,-0.5,-0.5412182913778627,0.00966776881798234,1.0,0.0,0.0,1.0,0.0,0.0,1.0,0.0,0.0,0.0,0.0,0.0,1.0,0
0.208955223880597,0.0,0.015110377845709394,0.23319568129546941,-1.0,0.0,0.0,1.0,0.0,1.0,0.0,0.0,0.0,0.0,0.0,0.0,1.0,0
0.1455223880597015,1.5,-0.5863925441139263,-0.27547002548193433,3.0,1.0,0.0,1.0,0.0,1.0,0.0,0.0,0.0,0.0,1.0,0.0,0.0,1
0.11940298507462686,0.5,-0.18202401639297605,-0.04914709803562003,1.0,0.0,0.0,1.0,0.0,0.0,0.0,1.0,0.0,0.0,0.0,1.0,0.0,0
1.5149253731343284,0.0,-0.4215610517648918,0.5927251089401302,-1.0,0.0,0.0,1.0,0.0,1.0,0.0,0.0,0.0,0.0,1.0,0.0,0.0,0
-1.2537313432835822,0.0,-0.2529138322349019,-0.08073875439629086,-1.0,0.0,0.0,0.0,1.0,1.0,0.0,0.0,0.0,0.0,0.0,0.0,1.0,0
-1.212686567164179,-0.5,0.21024938746389787,0.3998221195525876,0.0,1.0,0.0,1.0,0.0,0.0,1.0,0.0,0.0,0.0,1.0,0.0,0.0,0
0.376865671641791,0.0,-0.268046017544021,-0.6898391139157007,1.0,0.0,0.0,1.0,0.0,0.0,0.0,0.0,1.0,0.0,0.0,0.0,1.0,1
1.6567164179104477,1.5,0.06765981806431157,-0.8951379878086224,0.0,0.0,0.0,1.0,0.0,0.0,0.0,1.0,0.0,0.0,1.0,0.0,0.0,1
0.5111940298507462,0.0,-0.20311448924712414,0.4554872480066137,1.0,0.0,0.0,0.0,1.0,1.0,0.0,0.0,0.0,0.0,1.0,0.0,0.0,0
-1.0149253731343284,0.5,-0.6217278394225659,-0.5318598467368447,3.0,0.0,0.0,0.0,1.0,1.0,0.0,0.0,0.0,0.0,0.0,1.0,0.0,1
0.417910447761194,2.5,0.18681416630904785,-0.6943405944984891,1.0,0.0,0.0,1.0,0.0,0.0,0.0,1.0,0.0,0.0,0.0,1.0,0.0,1
0.8246268656716418,-1.5,-0.11008853245623099,-0.49394142604291086,2.0,0.0,0.0,0.0,1.0,1.0,0.0,0.0,0.0,0.0,0.0,0.0,1.0,1
-0.07462686567164178,-0.5,-0.33049642662414697,-0.9319505854883259,0.0,0.0,0.0,1.0,0.0,1.0,0.0,0.0,0.0,0.0,0.0,1.0,0.0,0
-0.373134328358209,-1.0,-0.5965223522314967,-0.4067455827843019,0.0,0.0,0.0,0.0,1.0,1.0,0.0,0.0,0.0,0.0,0.0,1.0,0.0,0
-0.5186567164179104,2.0,0.4168208835644262,0.4645963749210294,0.0,0.0,0.0,1.0,0.0,1.0,0.0,0.0,0.0,0.0,0.0,0.0,1.0,1
0.7835820895522388,-1.0,0.10541877846527901,0.717912367492918,1.0,0.0,0.0,1.0,0.0,0.0,0.0,1.0,0.0,0.0,1.0,0.0,0.0,1
-0.3208955223880597,-1.5,-0.38102491939845085,-0.5097485310101774,-1.0,0.0,0.0,1.0,0.0,1.0,0.0,0.0,0.0,0.0,0.0,1.0,0.0,0
0.022388059701492536,0.5,0.5097952548296589,0.11498371494356212,-1.0,0.0,0.0,1.0,0.0,1.0,0.0,0.0,0.0,0.0,0.0,0.0,1.0,0
-0.15298507462686567,-1.0,0.45529773201724966,0.7426238770179169,2.0,0.0,0.0,1.0,0.0,0.0,0.0,1.0,0.0,0.0,0.0,1.0,0.0,1
-0.24253731343283583,-1.0,-0.33661834379812006,-1.0693196078992746,1.0,0.0,0.0,0.0,1.0,1.0,0.0,0.0,0.0,0.0,1.0,0.0,0.0,0
0.8544776119402985,0.5,-0.32519470746456763,0.586801787416965,2.0,1.0,0.0,1.0,0.0,0.0,1.0,0.0,0.0,0.0,1.0,0.0,0.0,1
-0.8619402985074627,0.0,1.549196416658399,-0.2775920161315172,1.0,0.0,0.0,1.0,0.0,1.0,0.0,0.0,0.0,0.0,0.0,0.0,1.0,1
-0.48880597014925375,0.0,-0.4598975614602948,0.34013290442686117,-1.0,0.0,0.0,1.0,0.0,0.0,0.0,0.0,1.0,0.0,1.0,0.0,0.0,0
-0.332089552238806,-0.5,0.213731561920005,0.3371238663419222,1.0,1.0,0.0,1.0,0.0,0.0,0.0,0.0,1.0,0.0,0.0,1.0,0.0,0
-0.9477611940298507,2.5,-0.3114298557299503,0.4766207127525602,1.0,1.0,0.0,1.0,0.0,1.0,0.0,0.0,0.0,0.0,0.0,0.0,1.0,1
-1.2014925373134329,0.5,-0.32011050920366285,-0.002049268872836475,0.0,0.0,0.0,1.0,0.0,1.0,0.0,0.0,0.0,0.0,0.0,0.0,1.0,1
1.5634328358208955,0.0,0.9322538305607004,-0.7286135201875201,1.0,0.0,0.0,1.0,0.0,1.0,0.0,0.0,0.0,0.0,0.0,1.0,0.0,0
0.1865671641791045,1.5,1.1460004066975673,-0.29177136221668476,0.0,0.0,0.0,0.0,1.0,1.0,0.0,0.0,0.0,0.0,0.0,0.0,1.0,1
0.04477611940298507,-1.5,1.2802467824501005,0.312309894030091,0.0,0.0,0.0,1.0,0.0,1.0,0.0,0.0,0.0,0.0,1.0,0.0,0.0,0
-1.6119402985074627,0.5,-0.14436058029120216,-0.25943463607934225,0.0,0.0,0.0,1.0,0.0,1.0,0.0,0.0,0.0,0.0,1.0,0.0,0.0,0
0.5708955223880597,-1.0,-0.47824862151335074,-0.7430243868635957,1.0,0.0,1.0,0.0,0.0,0.0,1.0,0.0,0.0,0.0,0.0,1.0,0.0,0
-0.664179104477612,-1.0,0.7620194524673338,-0.8825139277272257,0.0,0.0,0.0,1.0,0.0,1.0,0.0,0.0,0.0,0.0,0.0,1.0,0.0,0
-0.5746268656716418,1.0,-0.5634945692026886,-0.8733557785558401,0.0,0.0,0.0,1.0,0.0,0.0,1.0,0.0,0.0,0.0,0.0,1.0,0.0,0
1.1977611940298507,-0.5,-0.36196144949398,-0.7130300060363376,1.0,0.0,0.0,0.0,1.0,1.0,0.0,0.0,0.0,0.0,1.0,0.0,0.0,0
-0.5410447761194029,-0.5,0.5027756250026082,0.18353976343039685,-1.0,0.0,0.0,0.0,1.0,1.0,0.0,0.0,0.0,0.0,0.0,1.0,0.0,0
-0.8134328358208955,-1.0,-0.2726723872362825,0.3847737841229317,0.0,1.0,0.0,1.0,0.0,1.0,0.0,0.0,0.0,0.0,0.0,1.0,0.0,0
0.2537313432835821,-1.5,1.0550539197279651,-0.8031039365300188,0.0,0.0,0.0,0.0,1.0,0.0,0.0,1.0,0.0,0.0,1.0,0.0,0.0,1
1.1753731343283582,0.0,0.07848546512774211,-0.5453721820307603,0.0,0.0,0.0,1.0,0.0,1.0,0.0,0.0,0.0,0.0,0.0,0.0,1.0,0
-0.6865671641791045,2.5,-0.42335373067499116,-0.0709277677835854,-1.0,0.0,1.0,0.0,0.0,1.0,0.0,0.0,0.0,0.0,1.0,0.0,0.0,1
0.30970149253731344,2.5,3.3809875865554617,1.1511966464963712,1.0,0.0,0.0,1.0,0.0,0.0,0.0,1.0,0.0,0.0,1.0,0.0,0.0,1
-0.9664179104477612,-1.0,2.273700410696691,0.30157562690537304,0.0,0.0,0.0,1.0,0.0,0.0,1.0,0.0,0.0,0.0,1.0,0.0,0.0,0
-0.26865671641791045,-0.5,0.37874674446275536,-0.898025282681426,3.0,0.0,0.0,1.0,0.0,1.0,0.0,0.0,0.0,0.0,1.0,0.0,0.0,1
-0.5783582089552238,0.0,0.7196751341066712,0.9310679669356985,2.0,1.0,0.0,0.0,1.0,0.0,1.0,0.0,0.0,0.0,1.0,0.0,0.0,1
0.44029850746268656,-1.5,0.2344537732682287,0.3413001358557552,-1.0,0.0,1.0,0.0,0.0,1.0,0.0,0.0,0.0,0.0,1.0,0.0,0.0,0
-0.9813432835820896,-1.0,0.6443852076062851,-0.21448368878625346,0.0,0.0,0.0,1.0,0.0,0.0,0.0,1.0,0.0,0.0,0.0,0.0,1.0,0
-0.7238805970149254,-1.5,0.1095587019043594,0.302157610783352,1.0,0.0,0.0,1.0,0.0,0.0,0.0,0.0,1.0,0.0,0.0,1.0,0.0,1
0.47761194029850745,1.0,0.4105416741046905,-0.03913506099459486,3.0,0.0,0.0,0.0,1.0,1.0,0.0,0.0,0.0,0.0,1.0,0.0,0.0,1
-0.835820895522388,-0.5,-0.5647023123770416,-0.141498578556386,1.0,0.0,0.0,0.0,1.0,1.0,0.0,0.0,0.0,0.0,0.0,1.0,0.0,0
-1.0223880597014925,1.5,-0.06757436124059223,-0.5811914340084244,-1.0,0.0,0.0,0.0,1.0,0.0,0.0,0.0,1.0,0.0,1.0,0.0,0.0,1
-0.5783582089552238,0.5,-0.4826803895319496,-0.4878272300060832,-1.0,0.0,0.0,1.0,0.0,1.0,0.0,0.0,0.0,0.0,1.0,0.0,0.0,0
0.24253731343283583,2.0,0.7755025960066315,-0.5384223842436089,1.0,1.0,0.0,1.0,0.0,1.0,0.0,0.0,0.0,0.0,0.0,1.0,0.0,1
-0.7611940298507462,1.0,-0.37928330591982434,-0.3535083841352814,1.0,0.0,0.0,1.0,0.0,1.0,0.0,0.0,0.0,0.0,0.0,1.0,0.0,0
-0.6156716417910447,0.5,0.5534581262253343,1.051317604555323,-1.0,0.0,0.0,0.0,1.0,0.0,1.0,0.0,0.0,0.0,0.0,1.0,0.0,0
-0.6865671641791045,-0.5,1.9981750830098957,0.6159623833156872,1.0,0.0,0.0,1.0,0.0,1.0,0.0,0.0,0.0,0.0,0.0,0.0,1.0,0
-0.2574626865671642,-0.5,0.34926264506018784,0.4405076560808832,2.0,0.0,0.0,1.0,0.0,0.0,1.0,0.0,0.0,0.0,1.0,0.0,0.0,1
-1.4440298507462686,0.0,0.3283540610123046,0.14681446642865562,2.0,0.0,0.0,1.0,0.0,1.0,0.0,0.0,0.0,0.0,0.0,0.0,1.0,1
-0.26492537313432835,-1.5,-0.22424816479254517,0.8976121517453016,1.0,0.0,0.0,1.0,0.0,1.0,0.0,0.0,0.0,0.0,1.0,0.0,0.0,0
-0.9738805970149254,-1.5,2.674881831031452,-0.545857924336028,0.0,0.0,0.0,1.0,0.0,1.0,0.0,0.0,0.0,0.0,1.0,0.0,0.0,0
0.373134328358209,0.0,0.42113269808244086,-0.6598809641186258,1.0,0.0,0.0,1.0,0.0,1.0,0.0,0.0,0.0,0.0,1.0,0.0,0.0,0
1.3432835820895523,-0.5,2.797964683041586,-0.6745637689633198,1.0,0.0,0.0,0.0,1.0,0.0,0.0,1.0,0.0,0.0,0.0,1.0,0.0,0
0.11940298507462686,-1.0,-0.365324831820048,0.15287176028181393,0.0,0.0,0.0,1.0,0.0,1.0,0.0,0.0,0.0,0.0,1.0,0.0,0.0,0
-0.7126865671641791,-0.5,0.5250752497795964,-0.04155554022873197,1.0,0.0,0.0,1.0,0.0,0.0,0.0,1.0,0.0,0.0,0.0,0.0,1.0,0
-1.1567164179104477,-0.5,-0.5209723811141483,0.9186029685401842,1.0,0.0,0.0,1.0,0.0,1.0,0.0,0.0,0.0,0.0,1.0,0.0,0.0,0
0.34701492537313433,-0.5,-0.5705931637598479,0.06861333954918625,-1.0,0.0,0.0,0.0,1.0,0.0,1.0,0.0,0.0,0.0,1.0,0.0,0.0,0
-0.40298507462686567,-0.5,-0.18628082983204164,0.48745048865461693,0.0,0.0,0.0,1.0,0.0,0.0,1.0,0.0,0.0,0.0,0.0,1.0,0.0,0
-0.582089552238806,1.5,-0.046478449335382976,0.04196398110946608,-1.0,0.0,0.0,0.0,1.0,0.0,1.0,0.0,0.0,0.0,0.0,1.0,0.0,1
1.7164179104477613,-0.5,0.3535820471224217,-0.6636978075119437,1.0,0.0,0.0,1.0,0.0,0.0,0.0,0.0,1.0,0.0,0.0,1.0,0.0,0
-0.6007462686567164,1.0,-0.09724654777295279,1.2989663077208393,1.0,0.0,0.0,1.0,0.0,0.0,0.0,1.0,0.0,0.0,1.0,0.0,0.0,1
-0.5895522388059702,2.0,-0.4047302521786972,-0.3786169746520729,1.0,1.0,0.0,1.0,0.0,0.0,1.0,0.0,0.0,0.0,1.0,0.0,0.0,1
-0.08955223880597014,1.5,0.6413810714665024,0.5480681445802015,-1.0,1.0,0.0,0.0,1.0,1.0,0.0,0.0,0.0,0.0,1.0,0.0,0.0,1
-0.03731343283582089,-1.5,-0.4466810280265111,-0.16126437219909573,2.0,1.0,0.0,0.0,1.0,0.0,0.0,1.0,0.0,0.0,0.0,1.0,0.0,1
0.2537313432835821,0.0,-0.30850131050405855,-0.6029984347446082,1.0,1.0,0.0,1.0,0.0,0.0,0.0,1.0,0.0,0.0,1.0,0.0,0.0,1
0.582089552238806,-1.0,-0.5855653506162527,0.010318949390211204,0.0,1.0,0.0,1.0,0.0,1.0,0.0,0.0,0.0,0.0,1.0,0.0,0.0,0
-0.26119402985074625,0.5,-0.02183697582302567,-0.8982630153125729,0.0,0.0,0.0,1.0,0.0,0.0,1.0,0.0,0.0,0.0,1.0,0.0,0.0,0
0.15298507462686567,-0.5,-0.6135881172373983,1.7206757969526445,2.0,0.0,0.0,1.0,0.0,0.0,0.0,0.0,0.0,1.0,1.0,0.0,0.0,1
-0.291044776119403,0.0,1.18947704862724,-0.1157409882714324,-1.0,0.0,0.0,1.0,0.0,1.0,0.0,0.0,0.0,0.0,0.0,1.0,0.0,1
0.6455223880597015,0.0,1.054221312191703,-0.7764741274398665,2.0,0.0,0.0,1.0,0.0,0.0,0.0,0.0,0.0,1.0,0.0,1.0,0.0,1
0.17164179104477612,1.0,0.19650915936624547,0.9927770946795669,0.0,0.0,0.0,1.0,0.0,0.0,0.0,0.0,1.0,0.0,0.0,1.0,0.0,1
-0.8246268656716418,-1.5,0.3855146588678081,-0.7717833842135604,-1.0,0.0,0.0,1.0,0.0,0.0,0.0,1.0,0.0,0.0,0.0,0.0,1.0,0
0.041044776119402986,-0.5,0.9324624301746505,0.07691056553695046,1.0,0.0,0.0,1.0,0.0,1.0,0.0,0.0,0.0,0.0,0.0,1.0,0.0,1
-1.6194029850746268,-0.5,-0.5399374265322746,0.07048961153940811,2.0,0.0,0.0,1.0,0.0,0.0,0.0,1.0,0.0,0.0,1.0,0.0,0.0,1
0.8843283582089553,0.5,-0.02898033457725399,-0.5691136249185784,-1.0,0.0,0.0,1.0,0.0,0.0,1.0,0.0,0.0,0.0,0.0,0.0,1.0,0
-0.5410447761194029,-1.5,0.8220038785412525,-0.8035999309367919,-1.0,0.0,0.0,1.0,0.0,1.0,0.0,0.0,0.0,0.0,0.0,0.0,1.0,0
-0.917910447761194,-0.5,-0.4421867593110523,-0.8924731910419028,0.0,0.0,0.0,0.0,1.0,0.0,0.0,1.0,0.0,0.0,0.0,1.0,0.0,0
-0.8208955223880597,-0.5,-0.21362195156349784,1.2574341305416707,-1.0,0.0,0.0,1.0,0.0,0.0,1.0,0.0,0.0,0.0,0.0,0.0,1.0,1
0.5708955223880597,0.5,0.0027038469043036157,-0.9317387956413121,0.0,0.0,0.0,1.0,0.0,1.0,0.0,0.0,0.0,0.0,0.0,1.0,0.0,1
0.16791044776119404,-0.5,0.26979504931849574,0.38486248561437747,0.0,0.0,1.0,0.0,0.0,0.0,1.0,0.0,0.0,0.0,1.0,0.0,0.0,1
0.8619402985074627,-1.0,0.30707548000134455,-0.20003723903072104,0.0,0.0,0.0,0.0,1.0,0.0,0.0,0.0,0.0,1.0,1.0,0.0,0.0,0
-0.753731343283582,0.0,-0.31223994192807425,-1.0383053744376844,1.0,0.0,0.0,1.0,0.0,0.0,0.0,1.0,0.0,0.0,0.0,1.0,0.0,0
-0.45149253731343286,0.0,0.9622759917919516,-0.6155273719672945,3.0,0.0,1.0,0.0,0.0,1.0,0.0,0.0,0.0,0.0,0.0,1.0,0.0,1
0.44029850746268656,1.0,-0.4858031355551184,-0.3275720274632528,1.0,0.0,0.0,1.0,0.0,1.0,0.0,0.0,0.0,0.0,1.0,0.0,0.0,1
0.8619402985074627,-1.5,1.7937709406449605,0.15238689899108626,-1.0,0.0,0.0,1.0,0.0,0.0,0.0,1.0,0.0,0.0,0.0,0.0,1.0,0
0.06716417910447761,-0.5,-0.1456198164398274,-0.7640104458999666,0.0,0.0,0.0,1.0,0.0,1.0,0.0,0.0,0.0,0.0,1.0,0.0,0.0,0
-1.3134328358208955,0.5,0.26903534757205816,0.6699101213749182,0.0,0.0,0.0,1.0,0.0,1.0,0.0,0.0,0.0,0.0,1.0,0.0,0.0,0
-0.458955223880597,-0.5,0.07803110655763582,0.1614808445938796,3.0,0.0,0.0,1.0,0.0,0.0,0.0,1.0,0.0,0.0,1.0,0.0,0.0,1
-0.1791044776119403,1.5,3.454673621831642,0.49417196580866624,0.0,1.0,0.0,1.0,0.0,0.0,1.0,0.0,0.0,0.0,0.0,1.0,0.0,1
-0.5559701492537313,-1.0,-0.4098437995834176,-0.0006025994580080565,-1.0,0.0,0.0,1.0,0.0,0.0,1.0,0.0,0.0,0.0,0.0,0.0,1.0,0
0.7201492537313433,1.5,-0.6072199819127931,-0.8102272581160687,0.0,1.0,0.0,0.0,1.0,0.0,0.0,1.0,0.0,0.0,0.0,1.0,0.0,1
0.15298507462686567,-0.5,-0.6121129025677385,-0.40635167437864866,-1.0,0.0,0.0,1.0,0.0,0.0,0.0,1.0,0.0,0.0,0.0,1.0,0.0,0
-0.34701492537313433,-1.5,-0.1572622506362462,-0.9700326287271905,0.0,0.0,0.0,1.0,0.0,1.0,0.0,0.0,0.0,0.0,1.0,0.0,0.0,0
-0.15671641791044777,0.0,-0.5074801115103514,-0.037436521009996636,2.0,0.0,0.0,1.0,0.0,1.0,0.0,0.0,0.0,0.0,0.0,1.0,0.0,1
0.5783582089552238,0.5,0.11974353191494387,-0.07127994727302914,0.0,0.0,0.0,1.0,0.0,0.0,0.0,1.0,0.0,0.0,0.0,1.0,0.0,0
0.6231343283582089,-1.0,3.0598958157274474,-0.3937236776426796,-1.0,0.0,0.0,0.0,1.0,1.0,0.0,0.0,0.0,0.0,1.0,0.0,0.0,0
0.39925373134328357,-1.0,-0.6160478931681921,0.41740865767629315,-1.0,0.0,0.0,1.0,0.0,0.0,0.0,0.0,1.0,0.0,0.0,1.0,0.0,0
0.20522388059701493,1.5,-0.35434539611302,-1.0693196078992746,1.0,0.0,0.0,1.0,0.0,1.0,0.0,0.0,0.0,0.0,0.0,0.0,1.0,1
-0.667910447761194,2.0,-0.4652054329971366,-1.0123953383101505,2.0,0.0,0.0,1.0,0.0,0.0,0.0,0.0,1.0,0.0,1.0,0.0,0.0,1
-0.8022388059701493,0.0,0.17782145114953957,0.3120781728640436,0.0,0.0,0.0,1.0,0.0,0.0,0.0,1.0,0.0,0.0,0.0,1.0,0.0,0
-0.055970149253731345,1.0,-0.5818891798499679,-0.4709989992945832,0.0,0.0,0.0,1.0,0.0,0.0,0.0,1.0,0.0,0.0,1.0,0.0,0.0,0
0.6231343283582089,-1.0,0.8809804173886748,-0.6251583065762955,0.0,0.0,0.0,1.0,0.0,0.0,1.0,0.0,0.0,0.0,0.0,1.0,0.0,0
1.25,-1.0,-0.3365997196999458,0.7318542498519937,0.0,0.0,0.0,0.0,1.0,0.0,0.0,0.0,0.0,1.0,0.0,0.0,1.0,0
-1.5671641791044777,1.0,-0.6102085421484332,0.015564847787061622,1.0,0.0,0.0,1.0,0.0,0.0,0.0,1.0,0.0,0.0,0.0,0.0,1.0,1
0.1828358208955224,-1.5,1.3068121475742471,-0.5222014878496265,0.0,0.0,0.0,0.0,1.0,1.0,0.0,0.0,0.0,0.0,0.0,0.0,1.0,0
-0.06343283582089553,-1.0,0.15265188646018027,0.6546198980137737,-1.0,1.0,0.0,1.0,0.0,0.0,0.0,1.0,0.0,0.0,0.0,1.0,0.0,0
-0.8768656716417911,-1.0,0.6711774362075412,-0.35590482639202453,2.0,0.0,0.0,0.0,1.0,1.0,0.0,0.0,0.0,0.0,1.0,0.0,0.0,1
-0.4141791044776119,1.0,-0.2962066606235608,-0.22579651075505322,2.0,0.0,1.0,0.0,0.0,1.0,0.0,0.0,0.0,0.0,0.0,1.0,0.0,1
0.376865671641791,0.0,-0.06642835577186876,1.1055381610400739,0.0,0.0,0.0,1.0,0.0,0.0,1.0,0.0,0.0,0.0,0.0,1.0,0.0,1
0.43283582089552236,-1.0,2.9661485269597394,-0.15186598239527907,1.0,1.0,0.0,1.0,0.0,1.0,0.0,0.0,0.0,0.0,1.0,0.0,0.0,1
0.9850746268656716,-1.5,-0.08955742344868872,-0.2091848031989078,-1.0,0.0,0.0,1.0,0.0,1.0,0.0,0.0,0.0,0.0,1.0,0.0,0.0,0
0.6231343283582089,-0.5,-0.22034546849052417,0.671458959161224,1.0,0.0,0.0,1.0,0.0,1.0,0.0,0.0,0.0,0.0,1.0,0.0,0.0,0
0.16044776119402984,1.0,-0.47687353841365243,-0.8724472942206088,0.0,0.0,0.0,1.0,0.0,0.0,0.0,0.0,0.0,1.0,0.0,0.0,1.0,1
1.1417910447761195,2.0,-0.49705048523096096,-0.1522249700817683,1.0,0.0,0.0,1.0,0.0,0.0,0.0,1.0,0.0,0.0,0.0,1.0,0.0,1
0.22761194029850745,0.0,-0.38816839328891867,0.15774592621864694,-1.0,0.0,0.0,0.0,1.0,1.0,0.0,0.0,0.0,0.0,0.0,1.0,0.0,0
1.0895522388059702,1.0,0.14511742202455558,-0.9756230858558802,0.0,0.0,0.0,0.0,1.0,1.0,0.0,0.0,0.0,0.0,1.0,0.0,0.0,0
-1.5895522388059702,-1.0,-0.12341068205825277,1.0144090447200411,1.0,0.0,0.0,1.0,0.0,0.0,0.0,0.0,1.0,0.0,0.0,1.0,0.0,0
0.9850746268656716,-0.5,0.5406769365875804,1.0581232556831388,2.0,0.0,0.0,1.0,0.0,0.0,0.0,1.0,0.0,0.0,1.0,0.0,0.0,1
1.7682089552238844,0.5,0.863545412304232,-0.8560452975649828,0.0,0.0,0.0,1.0,0.0,1.0,0.0,0.0,0.0,0.0,1.0,0.0,0.0,0
-0.8134328358208955,0.0,0.23982587239319345,0.29762325390687594,2.0,0.0,0.0,1.0,0.0,1.0,0.0,0.0,0.0,0.0,0.0,0.0,1.0,1
0.0037313432835820895,-1.0,0.4934886575346946,0.3046130990937838,-1.0,0.0,0.0,1.0,0.0,0.0,0.0,0.0,1.0,0.0,0.0,0.0,1.0,0
-0.13432835820895522,-1.5,1.0870706276895665,0.5535814423147808,1.0,0.0,0.0,1.0,0.0,0.0,0.0,1.0,0.0,0.0,0.0,0.0,1.0,0
0.6753731343283582,1.0,-0.5983724404623687,0.29116929819158877,1.0,0.0,0.0,1.0,0.0,1.0,0.0,0.0,0.0,0.0,1.0,0.0,0.0,0
0.048507462686567165,1.5,-0.3683221191998851,0.011651696281699488,0.0,0.0,0.0,1.0,0.0,0.0,0.0,0.0,0.0,1.0,0.0,1.0,0.0,1
0.9029850746268657,1.0,-0.07390844646743851,0.5669890027967053,1.0,0.0,0.0,0.0,1.0,1.0,0.0,0.0,0.0,0.0,1.0,0.0,0.0,0
-0.6604477611940298,-0.5,1.1355435461466241,-0.2025598993469273,2.0,0.0,0.0,1.0,0.0,0.0,0.0,0.0,0.0,1.0,0.0,1.0,0.0,1
-0.10820895522388059,1.0,-0.23817313812291033,1.7206757969526445,2.0,1.0,0.0,0.0,1.0,1.0,0.0,0.0,0.0,0.0,0.0,1.0,0.0,1
-1.0559701492537314,-1.0,0.3880508723314333,0.701028621520438,0.0,0.0,0.0,1.0,0.0,1.0,0.0,0.0,0.0,0.0,1.0,0.0,0.0,0
-0.011194029850746268,1.0,0.5469168768630905,-0.8192621989407266,1.0,0.0,0.0,0.0,1.0,1.0,0.0,0.0,0.0,0.0,1.0,0.0,0.0,0
0.055970149253731345,0.5,0.5495618412540456,0.11848858077220806,-1.0,0.0,0.0,1.0,0.0,0.0,0.0,1.0,0.0,0.0,0.0,0.0,1.0,0
1.0597014925373134,-1.0,2.1677162028006904,0.51627244260068,1.0,1.0,0.0,1.0,0.0,1.0,0.0,0.0,0.0,0.0,1.0,0.0,0.0,0
-1.3656716417910448,0.0,-0.5190733387064499,0.7818638926898716,1.0,0.0,0.0,1.0,0.0,0.0,0.0,1.0,0.0,0.0,0.0,1.0,0.0,0
0.5522388059701493,0.0,-0.09999727730020527,0.6393091389302713,2.0,0.0,0.0,0.0,1.0,1.0,0.0,0.0,0.0,0.0,0.0,1.0,0.0,1
-0.05970149253731343,-0.5,0.07048012833002679,-0.47854338018980874,0.0,1.0,0.0,0.0,1.0,0.0,0.0,0.0,1.0,0.0,1.0,0.0,0.0,0
-0.3880597014925373,0.5,-0.44006514910107186,-0.585252955689962,1.0,0.0,0.0,0.0,1.0,1.0,0.0,0.0,0.0,0.0,0.0,1.0,0.0,1
1.3880597014925373,-1.0,1.6120953672926142,-0.7453924920537988,0.0,0.0,0.0,1.0,0.0,0.0,0.0,1.0,0.0,0.0,0.0,0.0,1.0,0
1.0186567164179106,1.0,0.3605583949193308,1.7206757969526445,0.0,0.0,0.0,1.0,0.0,0.0,0.0,1.0,0.0,0.0,0.0,1.0,0.0,1
0.07462686567164178,-1.0,-0.27936033810226113,-0.041690203447750235,1.0,0.0,0.0,1.0,0.0,0.0,0.0,1.0,0.0,0.0,1.0,0.0,0.0,0
0.4626865671641791,0.0,-0.09157105849703966,0.046146405012902354,0.0,0.0,0.0,1.0,0.0,1.0,0.0,0.0,0.0,0.0,0.0,1.0,0.0,0
0.19776119402985073,-1.5,0.3000575679016523,0.7982105715663171,2.0,0.0,0.0,1.0,0.0,0.0,0.0,0.0,1.0,0.0,1.0,0.0,0.0,1
0.6604477611940298,0.5,-0.46609499508334595,0.9153698997169429,0.0,1.0,0.0,1.0,0.0,0.0,0.0,1.0,0.0,0.0,0.0,1.0,0.0,0
-0.16044776119402984,1.0,0.2820221473692249,-0.7405972697252126,-1.0,0.0,0.0,0.0,1.0,0.0,1.0,0.0,0.0,0.0,1.0,0.0,0.0,0
0.23507462686567165,-1.0,-0.22186426142235985,-0.7520783365707064,0.0,0.0,0.0,1.0,0.0,0.0,1.0,0.0,0.0,0.0,1.0,0.0,0.0,0
-0.3917910447761194,-1.0,0.10170452926760008,-0.5597342953280108,-1.0,0.0,0.0,1.0,0.0,0.0,0.0,0.0,1.0,0.0,1.0,0.0,0.0,0
0.9664179104477612,0.0,-0.5710446729904214,0.6462484882842043,-1.0,0.0,0.0,0.0,1.0,1.0,0.0,0.0,0.0,0.0,0.0,0.0,1.0,0
1.492537313432836,-0.5,-0.5184341761579714,0.3744051442137887,-1.0,0.0,1.0,0.0,0.0,1.0,0.0,0.0,0.0,0.0,1.0,0.0,0.0,0
-0.3917910447761194,-1.0,-0.4680760022616189,-0.462668813577889,2.0,0.0,0.0,1.0,0.0,1.0,0.0,0.0,0.0,0.0,1.0,0.0,0.0,1
-0.07835820895522388,0.5,-0.5625686120404083,0.43183489971694766,0.0,0.0,0.0,1.0,0.0,0.0,0.0,1.0,0.0,0.0,1.0,0.0,0.0,0
0.08582089552238806,-0.5,-0.3427005361786126,-0.4454738627225702,1.0,0.0,0.0,1.0,0.0,1.0,0.0,0.0,0.0,0.0,1.0,0.0,0.0,1
-0.25,-1.0,-0.5282246653288364,-1.0693196078992746,1.0,0.0,0.0,1.0,0.0,0.0,0.0,1.0,0.0,0.0,1.0,0.0,0.0,0
0.7686567164179104,0.0,-0.5704700214764782,0.049196770288823126,1.0,1.0,0.0,1.0,0.0,1.0,0.0,0.0,0.0,0.0,0.0,1.0,0.0,0
0.6604477611940298,-0.5,0.5970129588145633,-0.3169098034827,-1.0,0.0,0.0,1.0,0.0,1.0,0.0,0.0,0.0,0.0,0.0,1.0,0.0,0
0.7089552238805971,-1.0,0.8610322152790116,-0.7342976958114266,-1.0,0.0,0.0,1.0,0.0,1.0,0.0,0.0,0.0,0.0,1.0,0.0,0.0,0
-0.6007462686567164,-0.5,-0.4193721335119535,0.4648509692466405,1.0,0.0,0.0,1.0,0.0,0.0,1.0,0.0,0.0,0.0,1.0,0.0,0.0,0
-1.6194029850746268,-0.5,-0.3189447504938836,0.13484013667751824,1.0,0.0,0.0,1.0,0.0,0.0,0.0,1.0,0.0,0.0,0.0,1.0,0.0,1
0.7350746268656716,2.0,-0.3838003279300421,-0.13009637402943242,2.0,0.0,0.0,1.0,0.0,1.0,0.0,0.0,0.0,0.0,0.0,1.0,0.0,1
0.376865671641791,0.5,-0.36184700155822525,0.049741604238738794,1.0,1.0,0.0,1.0,0.0,0.0,0.0,1.0,0.0,0.0,1.0,0.0,0.0,0
1.1119402985074627,0.5,-0.37522189218713936,0.5152145657531724,1.0,1.0,0.0,1.0,0.0,1.0,0.0,0.0,0.0,0.0,1.0,0.0,0.0,0
0.9888059701492538,-0.5,1.1106252402797303,1.0162932649110654,1.0,0.0,0.0,0.0,1.0,0.0,0.0,1.0,0.0,0.0,0.0,0.0,1.0,0
0.3619402985074627,-0.5,-0.10839802476160484,0.06754434049068017,1.0,0.0,0.0,1.0,0.0,0.0,0.0,0.0,0.0,1.0,1.0,0.0,0.0,0
-0.30223880597014924,0.5,-0.6144625904368246,-0.5358062250490582,1.0,0.0,0.0,1.0,0.0,1.0,0.0,0.0,0.0,0.0,0.0,1.0,0.0,0
0.3619402985074627,-1.0,-0.13284267462855406,0.06852026715580124,1.0,0.0,0.0,1.0,0.0,0.0,0.0,1.0,0.0,0.0,0.0,1.0,0.0,0
-0.8917910447761194,-1.5,-0.5700581440440271,-0.3676393019181506,1.0,0.0,0.0,1.0,0.0,1.0,0.0,0.0,0.0,0.0,1.0,0.0,0.0,0
0.9664179104477612,-0.5,-0.6106170887179361,0.05863528714989316,1.0,0.0,0.0,1.0,0.0,0.0,0.0,0.0,0.0,1.0,0.0,0.0,1.0,1
0.3246268656716418,0.0,-0.3405934555653828,0.1385228237400574,0.0,0.0,0.0,1.0,0.0,0.0,1.0,0.0,0.0,0.0,1.0,0.0,0.0,0
-0.5149253731343284,-1.0,1.4151517169118406,1.7034533820944286,0.0,0.0,0.0,1.0,0.0,1.0,0.0,0.0,0.0,0.0,0.0,1.0,0.0,1
0.13805970149253732,-1.5,0.07448159755482692,0.43770339179756496,0.0,0.0,0.0,1.0,0.0,0.0,0.0,1.0,0.0,0.0,0.0,1.0,0.0,0
-0.45149253731343286,0.5,1.7851739295740057,0.30142573702718867,0.0,0.0,0.0,1.0,0.0,0.0,0.0,1.0,0.0,0.0,0.0,1.0,0.0,0
-1.6194029850746268,-1.0,0.4005301657682906,0.4167920642374132,0.0,0.0,0.0,1.0,0.0,1.0,0.0,0.0,0.0,0.0,1.0,0.0,0.0,0
0.8992537313432836,1.0,-0.38544880390979835,0.26919074032948476,1.0,0.0,0.0,1.0,0.0,1.0,0.0,0.0,0.0,0.0,0.0,1.0,0.0,0
1.0895522388059702,1.0,-0.39074294009067506,0.078323177518091,1.0,0.0,0.0,1.0,0.0,0.0,0.0,1.0,0.0,0.0,0.0,0.0,1.0,0
-1.6194029850746268,0.0,0.06091857960414226,-0.2609926921044291,0.0,0.0,0.0,1.0,0.0,1.0,0.0,0.0,0.0,0.0,1.0,0.0,0.0,1
-0.2798507462686567,-1.0,-0.28125488779913715,-0.3705803282310405,0.0,0.0,0.0,1.0,0.0,1.0,0.0,0.0,0.0,0.0,1.0,0.0,0.0,0
-1.1417910447761195,0.5,1.2150768396159843,0.011128213491605176,0.0,0.0,0.0,1.0,0.0,1.0,0.0,0.0,0.0,0.0,1.0,0.0,0.0,0
0.26119402985074625,0.5,0.5746179753801803,-0.47464799857020046,1.0,0.0,1.0,0.0,0.0,0.0,1.0,0.0,0.0,0.0,0.0,1.0,0.0,1
0.033582089552238806,0.0,0.2936124374824917,0.3663042715678839,-1.0,1.0,0.0,1.0,0.0,0.0,1.0,0.0,0.0,0.0,1.0,0.0,0.0,1
0.332089552238806,-0.5,-0.06688981693782932,0.748043304623789,2.0,0.0,0.0,1.0,0.0,1.0,0.0,0.0,0.0,0.0,0.0,0.0,1.0,1
1.1007462686567164,0.0,-0.46189990374306733,0.2285786686859301,0.0,0.0,0.0,1.0,0.0,1.0,0.0,0.0,0.0,0.0,1.0,0.0,0.0,0
-0.4253731343283582,1.0,-0.33199565974516293,-0.36159945290947393,1.0,0.0,0.0,1.0,0.0,1.0,0.0,0.0,0.0,0.0,0.0,0.0,1.0,0
-0.033582089552238806,-0.5,-0.08645507257272542,0.890165165419524,0.0,0.0,0.0,1.0,0.0,1.0,0.0,0.0,0.0,0.0,0.0,1.0,0.0,1
1.6044776119402986,0.0,-0.15654270867700013,-0.15986847661166906,-1.0,0.0,0.0,1.0,0.0,0.0,0.0,0.0,0.0,1.0,0.0,1.0,0.0,1
-0.03731343283582089,-1.0,-0.4197306419044231,0.019445674713528295,0.0,0.0,0.0,1.0,0.0,1.0,0.0,0.0,0.0,0.0,0.0,1.0,0.0,1
0.3208955223880597,-1.0,1.138924726756992,-0.06671829157137105,-1.0,0.0,0.0,1.0,0.0,1.0,0.0,0.0,0.0,0.0,1.0,0.0,0.0,0
0.6753731343283582,0.5,1.4633215156992816,1.7206757969526445,1.0,0.0,0.0,1.0,0.0,0.0,0.0,1.0,0.0,0.0,1.0,0.0,0.0,1
0.7164179104477612,1.0,-0.14953944071130054,1.4273856996424337,0.0,0.0,0.0,1.0,0.0,1.0,0.0,0.0,0.0,0.0,0.0,1.0,0.0,1
-0.5708955223880597,0.0,0.8621060416023677,-0.0076357040989983435,1.0,1.0,0.0,1.0,0.0,0.0,0.0,1.0,0.0,0.0,1.0,0.0,0.0,0
0.8619402985074627,-0.5,-0.0847471960794895,1.2507900605571758,-1.0,0.0,0.0,1.0,0.0,1.0,0.0,0.0,0.0,0.0,1.0,0.0,0.0,1
-0.055970149253731345,-0.5,-0.5827719705249668,1.1713803237610432,0.0,0.0,0.0,0.0,1.0,1.0,0.0,0.0,0.0,0.0,0.0,1.0,0.0,1
0.9253731343283582,0.0,2.186131514568055,0.8173605187926394,0.0,0.0,0.0,1.0,0.0,1.0,0.0,0.0,0.0,0.0,1.0,0.0,0.0,0
-0.47761194029850745,0.5,-0.0768234386261132,-0.6254753415632198,2.0,0.0,0.0,1.0,0.0,1.0,0.0,0.0,0.0,0.0,1.0,0.0,0.0,1
0.07462686567164178,0.5,-0.26750224884216095,-0.16538914612826136,1.0,1.0,0.0,1.0,0.0,1.0,0.0,0.0,0.0,0.0,0.0,0.0,1.0,0
-0.6156716417910447,0.5,1.2021291445705589,-0.5519096132775291,3.0,0.0,1.0,0.0,0.0,1.0,0.0,0.0,0.0,0.0,1.0,0.0,0.0,1
-0.15298507462686567,0.0,0.09439936101919275,-0.3166561728298883,0.0,0.0,0.0,1.0,0.0,1.0,0.0,0.0,0.0,0.0,1.0,0.0,0.0,0
0.13432835820895522,0.5,-0.6217278394225659,-0.5627877687236933,1.0,0.0,0.0,1.0,0.0,0.0,1.0,0.0,0.0,0.0,0.0,0.0,1.0,0
0.6716417910447762,0.0,-0.5819733015504925,1.1787833403564778,0.0,0.0,0.0,1.0,0.0,0.0,1.0,0.0,0.0,0.0,0.0,1.0,0.0,1
-0.9738805970149254,-0.5,-0.3425859600559745,0.0830804041982428,2.0,0.0,0.0,1.0,0.0,0.0,1.0,0.0,0.0,0.0,0.0,1.0,0.0,1
-0.23134328358208955,1.0,-0.4597553264628059,-0.47227354169611413,2.0,1.0,0.0,1.0,0.0,0.0,0.0,1.0,0.0,0.0,1.0,0.0,0.0,1
0.21641791044776118,-1.5,2.440397636756591,0.4890715719585659,0.0,0.0,1.0,0.0,0.0,0.0,0.0,0.0,0.0,1.0,1.0,0.0,0.0,0
-0.15298507462686567,0.0,-0.18607547985287837,-0.21748129262768381,0.0,0.0,0.0,1.0,0.0,0.0,0.0,0.0,0.0,1.0,1.0,0.0,0.0,1
0.23507462686567165,0.5,0.38284703972004913,-1.0693196078992746,-1.0,0.0,0.0,0.0,1.0,1.0,0.0,0.0,0.0,0.0,0.0,1.0,0.0,0
-0.7798507462686567,-0.5,-0.0852730521611458,-0.8716685971679418,-1.0,0.0,0.0,0.0,1.0,0.0,0.0,1.0,0.0,0.0,0.0,1.0,0.0,0
0.5410447761194029,2.0,-0.10393083682073105,1.1688795938779066,1.0,0.0,0.0,1.0,0.0,1.0,0.0,0.0,0.0,0.0,1.0,0.0,0.0,1
0.5708955223880597,1.5,-0.2682065713324815,-0.1570332962294674,1.0,0.0,0.0,1.0,0.0,1.0,0.0,0.0,0.0,0.0,1.0,0.0,0.0,1
0.8059701492537313,0.0,0.8728240391236585,0.9570228659445137,0.0,0.0,0.0,1.0,0.0,1.0,0.0,0.0,0.0,0.0,1.0,0.0,0.0,0
-1.6194029850746268,-0.5,-0.03099283401273027,0.3003313469183973,-1.0,1.0,0.0,1.0,0.0,1.0,0.0,0.0,0.0,0.0,1.0,0.0,0.0,1
0.0,0.0,0.08382463789130212,0.8186438184528678,-1.0,1.0,0.0,0.0,1.0,1.0,0.0,0.0,0.0,0.0,1.0,0.0,0.0,0
0.208955223880597,0.5,-0.2711533623316936,0.3009475262177285,-1.0,0.0,0.0,0.0,1.0,1.0,0.0,0.0,0.0,0.0,1.0,0.0,0.0,0
0.4141791044776119,1.0,-0.24191792980068225,-0.040073552848359964,0.0,0.0,0.0,1.0,0.0,1.0,0.0,0.0,0.0,0.0,0.0,1.0,0.0,0
0.15298507462686567,0.5,-0.6133167271477903,1.3513344248974017,2.0,0.0,0.0,1.0,0.0,0.0,1.0,0.0,0.0,0.0,1.0,0.0,0.0,1
1.7682089552238844,-1.0,0.04724337202511046,0.871043066166378,0.0,0.0,0.0,0.0,1.0,0.0,0.0,1.0,0.0,0.0,0.0,0.0,1.0,0
0.9291044776119403,-1.0,1.7869524425903514,-0.45742788322061556,0.0,0.0,1.0,0.0,0.0,0.0,0.0,1.0,0.0,0.0,0.0,1.0,0.0,0
-0.7611940298507462,0.5,-0.5795756489543626,-0.324012181863368,0.0,0.0,0.0,0.0,1.0,1.0,0.0,0.0,0.0,0.0,1.0,0.0,0.0,0
1.1082089552238805,0.5,-0.1314933839134865,-0.3889287353393731,0.0,0.0,0.0,1.0,0.0,0.0,0.0,1.0,0.0,0.0,0.0,0.0,1.0,0
0.5223880597014925,0.0,0.2864056735740454,-0.9209016347383959,-1.0,0.0,0.0,1.0,0.0,1.0,0.0,0.0,0.0,0.0,1.0,0.0,0.0,1
1.0932835820895523,-1.0,-0.3214128595620254,-0.34133863460947544,3.0,0.0,0.0,0.0,1.0,1.0,0.0,0.0,0.0,0.0,1.0,0.0,0.0,1
-0.0708955223880597,1.0,-0.21706912901583456,1.0933882266786976,0.0,0.0,0.0,0.0,1.0,0.0,0.0,1.0,0.0,0.0,1.0,0.0,0.0,1
0.6231343283582089,0.5,-0.5828258091678961,-0.9956329702060072,-1.0,0.0,0.0,1.0,0.0,1.0,0.0,0.0,0.0,0.0,0.0,0.0,1.0,0
0.048507462686567165,-0.5,-0.16106017456141195,0.8311465416819569,2.0,0.0,0.0,1.0,0.0,1.0,0.0,0.0,0.0,0.0,1.0,0.0,0.0,1
0.4626865671641791,-0.5,2.3430695622789766,-0.9618094722892719,1.0,0.0,0.0,0.0,1.0,1.0,0.0,0.0,0.0,0.0,1.0,0.0,0.0,0
1.123134328358209,-1.0,-0.12496078846891015,-0.5480695201744331,0.0,0.0,0.0,1.0,0.0,0.0,1.0,0.0,0.0,0.0,0.0,0.0,1.0,1
1.205223880597015,-1.0,1.0361825157549036,0.42587854194823843,0.0,1.0,0.0,0.0,1.0,0.0,1.0,0.0,0.0,0.0,1.0,0.0,0.0,0
-0.7873134328358209,0.5,-0.4566285079681455,0.6268127964313812,-1.0,0.0,0.0,1.0,0.0,1.0,0.0,0.0,0.0,0.0,0.0,1.0,0.0,0
-1.5485074626865671,0.0,-0.49389578434495174,-0.29461334411189083,1.0,0.0,0.0,0.0,1.0,1.0,0.0,0.0,0.0,0.0,0.0,1.0,0.0,0
-0.03731343283582089,1.5,0.7143697760657278,-0.7024244827419432,-1.0,0.0,1.0,0.0,0.0,0.0,1.0,0.0,0.0,0.0,0.0,0.0,1.0,1
0.34701492537313433,1.5,-0.03799227045124598,-0.6905327507189214,-1.0,0.0,1.0,0.0,0.0,1.0,0.0,0.0,0.0,0.0,1.0,0.0,0.0,1
-0.5597014925373134,-0.5,2.5556576744335313,-0.06279063193203377,-1.0,0.0,0.0,1.0,0.0,1.0,0.0,0.0,0.0,0.0,0.0,0.0,1.0,0
-0.8395522388059702,-1.0,3.421252002279112,-0.4574358615826622,-1.0,0.0,0.0,1.0,0.0,1.0,0.0,0.0,0.0,0.0,0.0,0.0,1.0,1
0.6753731343283582,-1.5,-0.45197428735184136,0.13737929999748716,1.0,0.0,1.0,0.0,0.0,0.0,1.0,0.0,0.0,0.0,1.0,0.0,0.0,0
0.23507462686567165,0.0,0.0818379643475282,0.9504961482964788,0.0,0.0,0.0,0.0,1.0,0.0,0.0,1.0,0.0,0.0,1.0,0.0,0.0,1
-1.044776119402985,-1.0,0.3069435588677862,-0.7246598812930801,0.0,0.0,0.0,1.0,0.0,0.0,0.0,0.0,0.0,1.0,0.0,0.0,1.0,0
-0.4253731343283582,1.0,-0.2754628404706988,0.6229198031093193,0.0,0.0,0.0,0.0,1.0,1.0,0.0,0.0,0.0,0.0,1.0,0.0,0.0,0
-0.9888059701492538,0.0,-0.365908746508989,1.1524832792100959,2.0,1.0,0.0,0.0,1.0,1.0,0.0,0.0,0.0,0.0,0.0,1.0,0.0,1
0.914179104477612,-1.0,2.484205744202809,0.5496727477044174,0.0,0.0,0.0,0.0,1.0,0.0,0.0,0.0,1.0,0.0,0.0,0.0,1.0,0
-0.6268656716417911,-1.0,-0.4907079529881023,0.8940172785310565,-1.0,0.0,0.0,1.0,0.0,0.0,1.0,0.0,0.0,0.0,1.0,0.0,0.0,0
-0.41044776119402987,0.0,-0.5342623660332299,0.39343920288269457,1.0,0.0,0.0,1.0,0.0,0.0,0.0,1.0,0.0,0.0,1.0,0.0,0.0,0
-1.164179104477612,-0.5,-0.25332283354317237,0.07904034899453945,1.0,0.0,0.0,1.0,0.0,1.0,0.0,0.0,0.0,0.0,0.0,1.0,0.0,0
0.5597014925373134,1.0,-0.3649562554125093,-0.49286837922246196,-1.0,0.0,0.0,1.0,0.0,1.0,0.0,0.0,0.0,0.0,1.0,0.0,0.0,0
0.1455223880597015,2.0,0.607254831538618,1.1242497702351655,1.0,0.0,1.0,0.0,0.0,1.0,0.0,0.0,0.0,0.0,0.0,0.0,1.0,1
0.09328358208955224,-0.5,0.5355530282168041,0.4960260636008094,0.0,1.0,0.0,1.0,0.0,1.0,0.0,0.0,0.0,0.0,1.0,0.0,0.0,0
0.7052238805970149,0.0,-0.3650086372902272,0.16150697242851775,1.0,0.0,0.0,1.0,0.0,0.0,1.0,0.0,0.0,0.0,1.0,0.0,0.0,0
-0.41044776119402987,0.0,-0.46030009070689976,0.4269221025379516,1.0,0.0,0.0,1.0,0.0,0.0,0.0,1.0,0.0,0.0,1.0,0.0,0.0,0
-0.08582089552238806,2.0,0.08829708463202482,-0.5421381195158841,0.0,1.0,0.0,1.0,0.0,1.0,0.0,0.0,0.0,0.0,1.0,0.0,0.0,1
-0.9589552238805971,-0.5,0.14378495812457392,-0.2519590660157093,0.0,0.0,0.0,1.0,0.0,0.0,1.0,0.0,0.0,0.0,1.0,0.0,0.0,0
-1.1753731343283582,1.5,-0.027170484280304878,-0.2741987860377848,-1.0,0.0,0.0,1.0,0.0,1.0,0.0,0.0,0.0,0.0,1.0,0.0,0.0,1
1.1194029850746268,-1.5,0.4858295674305318,0.14438029013962425,0.0,0.0,0.0,0.0,1.0,1.0,0.0,0.0,0.0,0.0,0.0,1.0,0.0,0
-0.9925373134328358,1.5,0.050432357940483764,0.9467292671650097,-1.0,0.0,1.0,0.0,0.0,1.0,0.0,0.0,0.0,0.0,0.0,1.0,0.0,1
-0.8470149253731343,0.0,1.8355175950509324,-0.8660186033361474,1.0,1.0,0.0,1.0,0.0,1.0,0.0,0.0,0.0,0.0,1.0,0.0,0.0,0
0.35447761194029853,-1.0,0.7866004945357156,0.05114270151894535,1.0,0.0,0.0,1.0,0.0,1.0,0.0,0.0,0.0,0.0,0.0,1.0,0.0,0
0.44402985074626866,0.0,-0.4455252301384335,0.4972447583193886,1.0,0.0,0.0,1.0,0.0,1.0,0.0,0.0,0.0,0.0,1.0,0.0,0.0,0
-1.1156716417910448,-1.0,0.13968327797580618,0.24520083973110207,1.0,0.0,0.0,1.0,0.0,1.0,0.0,0.0,0.0,0.0,1.0,0.0,0.0,0
-0.16417910447761194,0.5,-0.2510615255934979,0.6311284381776879,1.0,0.0,0.0,1.0,0.0,1.0,0.0,0.0,0.0,0.0,1.0,0.0,0.0,0
-0.2835820895522388,0.5,-0.4777154437882699,1.309253237709033,-1.0,0.0,0.0,1.0,0.0,0.0,0.0,0.0,0.0,1.0,0.0,1.0,0.0,1
-0.3656716417910448,-0.5,0.7397542996497996,-0.5170477478602827,3.0,0.0,0.0,1.0,0.0,0.0,0.0,1.0,0.0,0.0,0.0,1.0,0.0,1
-0.332089552238806,0.5,0.6014758920188193,-0.5560228949014766,0.0,0.0,0.0,1.0,0.0,1.0,0.0,0.0,0.0,0.0,1.0,0.0,0.0,0
0.9328358208955224,-0.5,-0.3552765305254595,-0.2951030712774757,3.0,1.0,0.0,1.0,0.0,1.0,0.0,0.0,0.0,0.0,0.0,1.0,0.0,1
0.08208955223880597,0.0,-0.6121303059691996,0.35357326213402285,0.0,1.0,0.0,1.0,0.0,1.0,0.0,0.0,0.0,0.0,1.0,0.0,0.0,0
-1.4664179104477613,0.0,1.1021240790623397,-0.28690094753617473,0.0,0.0,0.0,1.0,0.0,0.0,1.0,0.0,0.0,0.0,1.0,0.0,0.0,0
1.1156716417910448,2.5,1.0779073379271364,-0.4397591201572707,0.0,0.0,0.0,0.0,1.0,1.0,0.0,0.0,0.0,0.0,0.0,0.0,1.0,1
1.0223880597014925,0.0,-0.030871614434236534,0.20825783116165889,1.0,0.0,0.0,1.0,0.0,0.0,0.0,1.0,0.0,0.0,0.0,1.0,0.0,0
1.0708955223880596,-1.0,-0.2390658388112072,-0.07713575404445615,-1.0,0.0,0.0,1.0,0.0,0.0,0.0,0.0,1.0,0.0,1.0,0.0,0.0,0
-0.5746268656716418,1.5,0.827566596663333,-0.841909188239766,2.0,0.0,0.0,0.0,1.0,0.0,0.0,1.0,0.0,0.0,1.0,0.0,0.0,1
1.0223880597014925,-1.0,-0.34948647198069205,1.329683644892633,0.0,0.0,0.0,1.0,0.0,1.0,0.0,0.0,0.0,0.0,0.0,1.0,0.0,1
0.9552238805970149,-0.5,-0.26862033773330857,-0.41376236112635656,2.0,0.0,0.0,1.0,0.0,0.0,1.0,0.0,0.0,0.0,0.0,1.0,0.0,1
0.07835820895522388,0.0,0.6888134871121846,-0.8788051098172176,0.0,0.0,0.0,1.0,0.0,1.0,0.0,0.0,0.0,0.0,0.0,1.0,0.0,0
0.31716417910447764,0.5,-0.29774388007600805,-0.17305557756013246,-1.0,0.0,0.0,0.0,1.0,1.0,0.0,0.0,0.0,0.0,1.0,0.0,0.0,0
0.8208955223880597,0.0,1.6572874248659681,1.0572537274020493,0.0,0.0,0.0,0.0,1.0,1.0,0.0,0.0,0.0,0.0,0.0,1.0,0.0,1
-0.19402985074626866,-0.5,-0.6193699299501492,-0.35183913110308535,0.0,0.0,0.0,1.0,0.0,1.0,0.0,0.0,0.0,0.0,0.0,1.0,0.0,0
0.3582089552238806,-1.5,-0.23673533660589546,0.16474316792027766,0.0,1.0,0.0,1.0,0.0,1.0,0.0,0.0,0.0,0.0,1.0,0.0,0.0,0
-0.3843283582089552,0.5,0.03586911000836592,0.6979280129816954,0.0,0.0,0.0,0.0,1.0,1.0,0.0,0.0,0.0,0.0,0.0,1.0,0.0,0
0.022388059701492536,-0.5,1.482447079281925,0.1135339337339484,0.0,0.0,0.0,1.0,0.0,1.0,0.0,0.0,0.0,0.0,1.0,0.0,0.0,0
0.29850746268656714,1.0,-0.24343287258015248,-1.0382856982186632,0.0,0.0,0.0,1.0,0.0,0.0,0.0,1.0,0.0,0.0,1.0,0.0,0.0,0
-1.0485074626865671,-1.0,0.38047529798551977,-0.016960369524446788,-1.0,0.0,1.0,0.0,0.0,1.0,0.0,0.0,0.0,0.0,0.0,1.0,0.0,0
0.6791044776119403,2.0,3.4190717514506064,-0.07496717149470983,1.0,0.0,0.0,1.0,0.0,0.0,1.0,0.0,0.0,0.0,0.0,0.0,1.0,1
-0.5746268656716418,0.0,1.0864500505282537,0.19274498393606587,1.0,0.0,0.0,1.0,0.0,0.0,1.0,0.0,0.0,0.0,0.0,0.0,1.0,0
-0.7014925373134329,0.0,0.18652229868612177,0.8109721373764985,-1.0,0.0,0.0,1.0,0.0,1.0,0.0,0.0,0.0,0.0,0.0,0.0,1.0,0
-1.3022388059701493,0.0,-0.20895690985585805,0.738906848276637,0.0,0.0,0.0,1.0,0.0,1.0,0.0,0.0,0.0,0.0,0.0,0.0,1.0,0
0.996268656716418,2.5,-0.09448724484926808,0.11097554950555506,1.0,0.0,0.0,1.0,0.0,1.0,0.0,0.0,0.0,0.0,0.0,1.0,0.0,1
0.746268656716418,-1.0,0.8102435671949341,0.360639002318863,0.0,0.0,0.0,0.0,1.0,0.0,0.0,1.0,0.0,0.0,0.0,0.0,1.0,0
0.458955223880597,1.5,1.274159766479178,-0.5949290410871486,1.0,0.0,0.0,1.0,0.0,0.0,0.0,1.0,0.0,0.0,0.0,1.0,0.0,1
-0.4291044776119403,0.0,-0.36850983262042836,-0.5246835405548576,1.0,0.0,0.0,0.0,1.0,1.0,0.0,0.0,0.0,0.0,0.0,1.0,0.0,0
-0.4141791044776119,-0.5,0.47292548302121856,1.7206757969526445,2.0,0.0,0.0,1.0,0.0,0.0,0.0,1.0,0.0,0.0,0.0,1.0,0.0,1
1.208955223880597,0.5,-0.34091465586305303,-0.3534904021691721,1.0,0.0,0.0,1.0,0.0,0.0,1.0,0.0,0.0,0.0,0.0,1.0,0.0,1
0.8059701492537313,0.0,1.4888056423558187,-0.4539283500802772,1.0,0.0,0.0,1.0,0.0,0.0,1.0,0.0,0.0,0.0,0.0,0.0,1.0,0
-1.0149253731343284,-0.5,0.23402139317474235,0.9172373587431871,-1.0,0.0,0.0,0.0,1.0,1.0,0.0,0.0,0.0,0.0,0.0,0.0,1.0,0
0.9813432835820896,0.5,-0.3929634493935556,0.03833276928438371,0.0,0.0,0.0,0.0,1.0,1.0,0.0,0.0,0.0,0.0,0.0,1.0,0.0,1
-0.07462686567164178,0.0,-0.5502717286107188,0.6040568842476918,1.0,0.0,0.0,1.0,0.0,1.0,0.0,0.0,0.0,0.0,1.0,0.0,0.0,0
-0.06343283582089553,2.0,2.18432651228922,-0.8944594541889737,3.0,0.0,0.0,1.0,0.0,1.0,0.0,0.0,0.0,0.0,0.0,1.0,0.0,1
0.05970149253731343,-1.0,-0.359467859468514,0.02937263416083704,1.0,0.0,0.0,1.0,0.0,0.0,1.0,0.0,0.0,0.0,1.0,0.0,0.0,0
0.8917910447761194,0.0,0.8525245640041165,1.031343275081218,1.0,0.0,0.0,0.0,1.0,1.0,0.0,0.0,0.0,0.0,1.0,0.0,0.0,0
-0.5335820895522388,1.0,-0.08091731208265804,0.05691482793349459,2.0,0.0,0.0,1.0,0.0,1.0,0.0,0.0,0.0,0.0,0.0,0.0,1.0,1
-0.7276119402985075,-0.5,-0.5288344277071471,0.3733537102061004,0.0,0.0,0.0,1.0,0.0,0.0,0.0,1.0,0.0,0.0,0.0,1.0,0.0,0
-1.044776119402985,-0.5,0.8196921172647119,0.4793623299656949,2.0,0.0,0.0,1.0,0.0,1.0,0.0,0.0,0.0,0.0,1.0,0.0,0.0,1
-0.26119402985074625,0.0,0.3303075176303955,-0.12480580675051196,0.0,0.0,0.0,1.0,0.0,0.0,1.0,0.0,0.0,0.0,0.0,1.0,0.0,0
0.20149253731343283,-1.0,-0.5712348692117876,-0.5964407485828204,-1.0,0.0,0.0,0.0,1.0,1.0,0.0,0.0,0.0,0.0,0.0,1.0,0.0,0
-0.7089552238805971,0.0,-0.2774711894763549,-0.14341926670097124,-1.0,0.0,0.0,1.0,0.0,1.0,0.0,0.0,0.0,0.0,1.0,0.0,0.0,0
0.22388059701492538,2.5,-0.06517747540786743,-0.0006226421570129657,1.0,0.0,0.0,0.0,1.0,0.0,0.0,0.0,1.0,0.0,0.0,1.0,0.0,1
-0.0037313432835820895,0.5,-0.5672296931372799,-0.7372647909182622,1.0,0.0,0.0,1.0,0.0,1.0,0.0,0.0,0.0,0.0,0.0,1.0,0.0,0
1.1305970149253732,1.5,0.7040234598128879,-0.6540808235771131,1.0,0.0,0.0,1.0,0.0,0.0,1.0,0.0,0.0,0.0,0.0,1.0,0.0,1
-0.5970149253731343,-0.5,0.1787370041387123,1.3133596847508264,-1.0,0.0,0.0,1.0,0.0,0.0,0.0,1.0,0.0,0.0,1.0,0.0,0.0,1
1.0522388059701493,-1.0,-0.3727983736487052,-0.7972941401488575,0.0,0.0,0.0,1.0,0.0,0.0,0.0,1.0,0.0,0.0,0.0,0.0,1.0,0
0.23507462686567165,2.0,0.5020805031522961,0.3270452838234687,2.0,0.0,0.0,1.0,0.0,1.0,0.0,0.0,0.0,0.0,0.0,1.0,0.0,1
-0.8022388059701493,0.5,-0.3316571779621096,0.007885287134234495,2.0,0.0,0.0,1.0,0.0,1.0,0.0,0.0,0.0,0.0,0.0,0.0,1.0,1
-0.13432835820895522,-0.5,1.7242650380463762,0.5155786702553324,2.0,0.0,0.0,0.0,1.0,1.0,0.0,0.0,0.0,0.0,1.0,0.0,0.0,1
-0.7425373134328358,0.5,0.4390763372073548,-0.013928052698624065,-1.0,0.0,0.0,1.0,0.0,0.0,1.0,0.0,0.0,0.0,1.0,0.0,0.0,1
0.4216417910447761,0.5,0.9428161049046141,0.36824849817635447,0.0,0.0,0.0,1.0,0.0,0.0,1.0,0.0,0.0,0.0,0.0,0.0,1.0,0
-0.7089552238805971,-1.0,0.5725257588769024,0.586736758649039,0.0,0.0,0.0,0.0,1.0,1.0,0.0,0.0,0.0,0.0,1.0,0.0,0.0,0
0.1865671641791045,0.0,1.0856231644617234,0.9327763385184095,-1.0,0.0,0.0,1.0,0.0,1.0,0.0,0.0,0.0,0.0,1.0,0.0,0.0,0
-0.08208955223880597,0.0,-0.10395856750176853,0.31333815552434596,1.0,0.0,0.0,1.0,0.0,0.0,1.0,0.0,0.0,0.0,0.0,1.0,0.0,0
-0.6417910447761194,-0.5,0.315559224989839,0.4347741051866511,0.0,0.0,0.0,0.0,1.0,1.0,0.0,0.0,0.0,0.0,1.0,0.0,0.0,0
0.19776119402985073,0.0,-0.40147100985761536,-0.12083641878565211,2.0,1.0,0.0,1.0,0.0,0.0,1.0,0.0,0.0,0.0,0.0,0.0,1.0,1
1.3246268656716418,-0.5,0.1870550727406758,-0.23541507316464244,-1.0,1.0,0.0,1.0,0.0,0.0,0.0,1.0,0.0,0.0,1.0,0.0,0.0,0
-0.16417910447761194,-0.5,1.031025555877046,0.7548719644794438,0.0,0.0,0.0,0.0,1.0,1.0,0.0,0.0,0.0,0.0,1.0,0.0,0.0,0
0.39925373134328357,1.0,0.9110517805789873,0.17998187650326963,0.0,1.0,0.0,0.0,1.0,0.0,0.0,1.0,0.0,0.0,0.0,1.0,0.0,0
0.45149253731343286,-0.5,0.12708037240646328,0.6146685887583418,0.0,0.0,0.0,0.0,1.0,1.0,0.0,0.0,0.0,0.0,1.0,0.0,0.0,0
0.022388059701492536,-0.5,-0.004833056586491946,0.7747628312626288,1.0,0.0,0.0,1.0,0.0,0.0,0.0,1.0,0.0,0.0,1.0,0.0,0.0,0
-0.048507462686567165,0.0,-0.556544182921275,-0.38142268539291035,0.0,0.0,0.0,1.0,0.0,1.0,0.0,0.0,0.0,0.0,1.0,0.0,0.0,0
-0.34328358208955223,1.0,1.1522949727061624,-0.1348880184225164,0.0,0.0,0.0,1.0,0.0,1.0,0.0,0.0,0.0,0.0,1.0,0.0,0.0,0
-0.1044776119402985,-0.5,-0.489507141289036,-0.6195311110028192,1.0,0.0,0.0,1.0,0.0,1.0,0.0,0.0,0.0,0.0,1.0,0.0,0.0,0
-0.8097014925373134,0.0,-0.2993738319867264,-0.23307356595973297,-1.0,1.0,0.0,1.0,0.0,1.0,0.0,0.0,0.0,0.0,0.0,0.0,1.0,0
0.3917910447761194,1.0,-0.5401278840180529,-0.1130705452718172,0.0,0.0,0.0,1.0,0.0,0.0,0.0,0.0,0.0,1.0,0.0,0.0,1.0,1
-0.3656716417910448,0.0,-0.5700779427711006,-0.9603012425006816,-1.0,0.0,0.0,1.0,0.0,1.0,0.0,0.0,0.0,0.0,0.0,1.0,0.0,1
0.3283582089552239,-0.5,1.4319318140880457,0.15743764004709107,0.0,0.0,0.0,0.0,1.0,1.0,0.0,0.0,0.0,0.0,0.0,1.0,0.0,0
-0.7014925373134329,-0.5,-0.5842653337819235,-0.5861431224281095,0.0,0.0,0.0,1.0,0.0,0.0,1.0,0.0,0.0,0.0,0.0,0.0,1.0,0
-0.8097014925373134,0.0,-0.5971296366667683,-0.5288405372729644,0.0,0.0,0.0,1.0,0.0,1.0,0.0,0.0,0.0,0.0,0.0,1.0,0.0,0
0.75,-0.5,0.03169925050726936,-0.3734205042410942,1.0,0.0,0.0,0.0,1.0,1.0,0.0,0.0,0.0,0.0,1.0,0.0,0.0,0
-0.4962686567164179,1.0,0.20501425164029427,0.8428576161905147,1.0,1.0,0.0,0.0,1.0,0.0,1.0,0.0,0.0,0.0,1.0,0.0,0.0,0
-0.3246268656716418,-1.0,1.8503003887418608,-0.10518855337444888,2.0,0.0,0.0,1.0,0.0,1.0,0.0,0.0,0.0,0.0,0.0,0.0,1.0,1
-0.7052238805970149,-0.5,-0.1933830031786755,-0.2217543759673772,0.0,0.0,0.0,0.0,1.0,1.0,0.0,0.0,0.0,0.0,0.0,1.0,0.0,0
0.15298507462686567,-1.0,-0.5752347704774576,-0.12337886502566407,0.0,0.0,0.0,1.0,0.0,1.0,0.0,0.0,0.0,0.0,1.0,0.0,0.0,0
0.10820895522388059,-0.5,-0.050482909271382354,-0.6472791876855135,1.0,0.0,0.0,1.0,0.0,1.0,0.0,0.0,0.0,0.0,1.0,0.0,0.0,0
0.4141791044776119,-1.0,-0.20116223210786727,-0.4653069963139249,-1.0,0.0,0.0,1.0,0.0,1.0,0.0,0.0,0.0,0.0,1.0,0.0,0.0,1
-0.10074626865671642,-1.5,0.4594299913729207,1.2168625972484646,1.0,0.0,0.0,1.0,0.0,1.0,0.0,0.0,0.0,0.0,0.0,1.0,0.0,1
-0.332089552238806,-0.5,-0.5617894914828568,-0.2591723983464279,0.0,0.0,0.0,0.0,1.0,0.0,0.0,0.0,1.0,0.0,0.0,1.0,0.0,0
0.7873134328358209,0.0,0.31944300378599283,-0.9587570713100041,0.0,0.0,0.0,1.0,0.0,1.0,0.0,0.0,0.0,0.0,0.0,0.0,1.0,0
0.08955223880597014,0.5,1.6565706711220354,-0.26550007831159406,0.0,0.0,0.0,1.0,0.0,1.0,0.0,0.0,0.0,0.0,1.0,0.0,0.0,0
0.35447761194029853,1.0,-0.49077195780762023,0.4073535882904835,3.0,1.0,0.0,1.0,0.0,1.0,0.0,0.0,0.0,0.0,0.0,0.0,1.0,1
-0.582089552238806,2.0,0.36534716277150353,-0.18036985277378945,0.0,0.0,0.0,1.0,0.0,1.0,0.0,0.0,0.0,0.0,0.0,1.0,0.0,1
0.09701492537313433,0.5,0.06408243838384152,-0.13966455022746985,-1.0,0.0,0.0,1.0,0.0,0.0,0.0,1.0,0.0,0.0,0.0,0.0,1.0,0
0.06343283582089553,-0.5,-0.17823402237965005,-0.9527741582198663,1.0,0.0,0.0,1.0,0.0,1.0,0.0,0.0,0.0,0.0,0.0,0.0,1.0,0
0.17164179104477612,0.5,1.1155684268742492,-0.8714991439116762,-1.0,1.0,0.0,0.0,1.0,0.0,0.0,1.0,0.0,0.0,1.0,0.0,0.0,0
-1.6007462686567164,1.0,0.14511306424495116,-1.0137845853472862,0.0,0.0,0.0,1.0,0.0,1.0,0.0,0.0,0.0,0.0,1.0,0.0,0.0,0
0.6902985074626866,0.5,1.5275651464352231,-0.3368673945285569,1.0,0.0,0.0,1.0,0.0,0.0,1.0,0.0,0.0,0.0,0.0,1.0,0.0,0
-0.7350746268656716,-1.5,-0.29705284162828605,-0.14837242559400113,1.0,1.0,0.0,0.0,1.0,1.0,0.0,0.0,0.0,0.0,1.0,0.0,0.0,0
0.14925373134328357,0.5,1.145484581731435,-0.31232595441747407,0.0,0.0,0.0,1.0,0.0,1.0,0.0,0.0,0.0,0.0,1.0,0.0,0.0,0
-0.15298507462686567,2.0,1.5026965268565227,-0.05735040301608225,2.0,0.0,0.0,1.0,0.0,1.0,0.0,0.0,0.0,0.0,1.0,0.0,0.0,1
1.6791044776119404,-0.5,-0.5045938593327105,0.6101820850481792,1.0,0.0,0.0,0.0,1.0,1.0,0.0,0.0,0.0,0.0,0.0,1.0,0.0,0
-0.6119402985074627,0.5,0.45313082281385914,-0.7005848863048956,1.0,0.0,0.0,1.0,0.0,1.0,0.0,0.0,0.0,0.0,0.0,1.0,0.0,0
-0.16044776119402984,-1.0,2.7412423592073916,0.14420270037793895,1.0,0.0,0.0,1.0,0.0,0.0,0.0,0.0,0.0,1.0,0.0,1.0,0.0,0
0.3805970149253731,-1.5,-0.02666402958733031,1.0789298415213884,2.0,0.0,0.0,0.0,1.0,1.0,0.0,0.0,0.0,0.0,1.0,0.0,0.0,1
0.10820895522388059,1.0,-0.5179670567073557,-0.5989272758970277,2.0,0.0,0.0,1.0,0.0,0.0,0.0,1.0,0.0,0.0,1.0,0.0,0.0,1
1.5335820895522387,0.0,1.1087084842221187,-0.6203613488338017,1.0,0.0,0.0,1.0,0.0,1.0,0.0,0.0,0.0,0.0,1.0,0.0,0.0,0
0.7350746268656716,0.0,-0.5596273011526156,0.7635139360802013,0.0,0.0,1.0,0.0,0.0,1.0,0.0,0.0,0.0,0.0,0.0,1.0,0.0,1
-0.43283582089552236,-1.0,2.0710698503665137,0.5246891122132583,1.0,0.0,0.0,0.0,1.0,0.0,0.0,0.0,0.0,1.0,1.0,0.0,0.0,0
-1.3955223880597014,-1.5,-0.4102891501269988,0.2785872162060784,3.0,1.0,1.0,0.0,0.0,0.0,1.0,0.0,0.0,0.0,1.0,0.0,0.0,1
0.16417910447761194,-1.0,1.1039114442091158,-0.9194584768841285,-1.0,1.0,0.0,1.0,0.0,0.0,0.0,1.0,0.0,0.0,0.0,1.0,0.0,0
0.08208955223880597,1.5,-0.1518764441038314,-0.4698533021176403,-1.0,0.0,0.0,1.0,0.0,0.0,0.0,1.0,0.0,0.0,0.0,1.0,0.0,1
-1.1343283582089552,-1.5,0.563720909739077,-0.4260008520273448,0.0,0.0,0.0,1.0,0.0,1.0,0.0,0.0,0.0,0.0,0.0,0.0,1.0,0
-0.31343283582089554,-0.5,0.18731901454116837,1.209839952785426,0.0,0.0,0.0,1.0,0.0,0.0,0.0,1.0,0.0,0.0,0.0,0.0,1.0,1
0.9514925373134329,1.0,0.6403432335199011,1.1606375342717943,0.0,0.0,0.0,0.0,1.0,0.0,0.0,1.0,0.0,0.0,1.0,0.0,0.0,1
-0.4626865671641791,-1.0,-0.5327177630287527,-0.4623705597002892,0.0,0.0,0.0,1.0,0.0,1.0,0.0,0.0,0.0,0.0,1.0,0.0,0.0,0
-1.4701492537313432,2.5,-0.13352358139916778,-0.6148040387855306,2.0,0.0,0.0,1.0,0.0,1.0,0.0,0.0,0.0,0.0,1.0,0.0,0.0,1
-0.7350746268656716,-0.5,0.2650122966059482,1.1209263371514053,3.0,0.0,0.0,1.0,0.0,0.0,0.0,1.0,0.0,0.0,1.0,0.0,0.0,1
0.43283582089552236,1.0,-0.14134392956267802,0.37375922004790235,1.0,0.0,1.0,0.0,0.0,0.0,0.0,1.0,0.0,0.0,1.0,0.0,0.0,0
-1.1007462686567164,-1.5,-0.3050994226748498,1.0798609056774298,1.0,0.0,0.0,1.0,0.0,0.0,0.0,1.0,0.0,0.0,1.0,0.0,0.0,1
-0.0037313432835820895,-1.0,-0.3698550617673893,0.6833138293347694,-1.0,0.0,0.0,1.0,0.0,1.0,0.0,0.0,0.0,0.0,1.0,0.0,0.0,0
-0.29850746268656714,1.0,0.9570589502466054,0.34755354556435386,1.0,0.0,0.0,0.0,1.0,1.0,0.0,0.0,0.0,0.0,0.0,1.0,0.0,0
-0.5149253731343284,0.0,-0.38337018976219644,-0.1127808015826698,2.0,0.0,0.0,1.0,0.0,0.0,0.0,0.0,1.0,0.0,1.0,0.0,0.0,1
0.75,2.0,0.5915462123053054,0.4639986995774143,1.0,0.0,0.0,1.0,0.0,1.0,0.0,0.0,0.0,0.0,0.0,1.0,0.0,1
-0.291044776119403,-1.0,0.953393909511189,0.40898832816009884,1.0,0.0,0.0,1.0,0.0,0.0,0.0,0.0,0.0,1.0,0.0,1.0,0.0,1
0.2462686567164179,-1.0,-0.10702833545820523,-0.3589948842605166,0.0,1.0,0.0,1.0,0.0,0.0,1.0,0.0,0.0,0.0,0.0,0.0,1.0,0
0.10820895522388059,-1.0,-0.03080723514398899,-0.315727439275616,1.0,0.0,0.0,0.0,1.0,1.0,0.0,0.0,0.0,0.0,0.0,1.0,0.0,0
-0.30597014925373134,0.0,-0.20568727763195374,-0.7623881198053708,1.0,0.0,0.0,1.0,0.0,0.0,0.0,0.0,0.0,1.0,1.0,0.0,0.0,1
-0.048507462686567165,1.0,1.494486004636849,-0.3417593846660645,0.0,0.0,0.0,0.0,1.0,1.0,0.0,0.0,0.0,0.0,0.0,0.0,1.0,0
-0.3917910447761194,0.0,1.2804620248317848,-0.5140561834029475,1.0,1.0,0.0,1.0,0.0,1.0,0.0,0.0,0.0,0.0,1.0,0.0,0.0,0
0.6940298507462687,-0.5,0.9357218894586811,0.2405874864033454,3.0,0.0,0.0,1.0,0.0,1.0,0.0,0.0,0.0,0.0,1.0,0.0,0.0,1
1.544776119402985,-1.0,-0.017850099339889514,-0.1152301537093278,1.0,0.0,0.0,1.0,0.0,0.0,0.0,1.0,0.0,0.0,0.0,1.0,0.0,0
-1.208955223880597,1.0,0.3560500354519507,-0.5174483489129016,1.0,0.0,0.0,1.0,0.0,1.0,0.0,0.0,0.0,0.0,0.0,1.0,0.0,0
-0.1044776119402985,0.0,-0.2105569703489549,-0.43457742766861074,2.0,0.0,0.0,0.0,1.0,0.0,0.0,1.0,0.0,0.0,1.0,0.0,0.0,1
0.5410447761194029,-1.0,-0.5590354708901356,-0.7769084318256569,1.0,0.0,0.0,1.0,0.0,1.0,0.0,0.0,0.0,0.0,1.0,0.0,0.0,0
0.4664179104477612,0.0,-0.5568762577575197,-0.8829482032619448,-1.0,0.0,0.0,1.0,0.0,1.0,0.0,0.0,0.0,0.0,1.0,0.0,0.0,0
0.6268656716417911,-0.5,-0.48401860793673634,0.09051435383902755,0.0,0.0,0.0,1.0,0.0,1.0,0.0,0.0,0.0,0.0,0.0,1.0,0.0,0
1.126865671641791,0.0,-0.3082922068710585,-0.033245108441433587,1.0,1.0,0.0,0.0,1.0,0.0,0.0,0.0,0.0,1.0,0.0,1.0,0.0,1
-0.7425373134328358,0.5,0.9898838740720375,1.0174486024579652,-1.0,0.0,0.0,0.0,1.0,0.0,0.0,1.0,0.0,0.0,1.0,0.0,0.0,0
-0.1791044776119403,-0.5,-0.589310282392438,-0.9920387816947106,-1.0,0.0,0.0,1.0,0.0,0.0,0.0,0.0,0.0,1.0,1.0,0.0,0.0,0
-0.7947761194029851,-1.0,-0.32986931218600074,-0.587210724935685,1.0,1.0,0.0,1.0,0.0,0.0,0.0,1.0,0.0,0.0,0.0,1.0,0.0,0
-0.25,-0.5,-0.6217278394225659,-0.4218015509861083,0.0,0.0,1.0,0.0,0.0,0.0,0.0,1.0,0.0,0.0,0.0,1.0,0.0,0
0.48880597014925375,0.5,0.32225413001359327,-1.0693196078992746,1.0,0.0,0.0,0.0,1.0,1.0,0.0,0.0,0.0,0.0,1.0,0.0,0.0,0
-0.914179104477612,-0.5,-0.2568275877079517,-0.3285377162607359,1.0,0.0,0.0,1.0,0.0,1.0,0.0,0.0,0.0,0.0,1.0,0.0,0.0,1
0.6753731343283582,-0.5,-0.2728785149659037,-0.7690207828215397,0.0,0.0,0.0,1.0,0.0,1.0,0.0,0.0,0.0,0.0,1.0,0.0,0.0,0
0.09701492537313433,0.5,-0.5088064505998644,0.562940430758589,0.0,0.0,1.0,0.0,0.0,1.0,0.0,0.0,0.0,0.0,1.0,0.0,0.0,1
0.13059701492537312,1.5,0.1260796933139846,-0.2612537794350598,1.0,0.0,0.0,1.0,0.0,0.0,0.0,1.0,0.0,0.0,0.0,1.0,0.0,1
1.2276119402985075,2.5,1.0526651769036417,-0.15038195099353555,0.0,1.0,0.0,0.0,1.0,0.0,0.0,1.0,0.0,0.0,0.0,0.0,1.0,1
-0.753731343283582,-1.0,-0.514752386459677,0.258077982335589,-1.0,0.0,0.0,1.0,0.0,0.0,0.0,1.0,0.0,0.0,1.0,0.0,0.0,0
-0.08582089552238806,0.0,-0.4980072663961568,1.4968258261376866,-1.0,0.0,0.0,1.0,0.0,0.0,0.0,0.0,1.0,0.0,1.0,0.0,0.0,1
0.4253731343283582,-0.5,0.0968966819878221,1.1547705651530367,0.0,0.0,0.0,1.0,0.0,0.0,1.0,0.0,0.0,0.0,1.0,0.0,0.0,1
-1.2164179104477613,-0.5,-0.3909631312704846,0.5445840632868467,0.0,0.0,0.0,1.0,0.0,1.0,0.0,0.0,0.0,0.0,1.0,0.0,0.0,0
-0.5335820895522388,0.0,0.02534733664182044,-0.9356950621273693,-1.0,0.0,0.0,1.0,0.0,1.0,0.0,0.0,0.0,0.0,1.0,0.0,0.0,0
-0.6865671641791045,0.0,1.7855522239382373,0.23291208409564762,1.0,1.0,0.0,1.0,0.0,0.0,1.0,0.0,0.0,0.0,0.0,0.0,1.0,1
1.007462686567164,-0.5,-0.4699132571082482,0.1865660576743733,1.0,0.0,0.0,1.0,0.0,0.0,0.0,1.0,0.0,0.0,1.0,0.0,0.0,0
1.3917910447761195,-1.0,-0.007472905994610464,1.3503840242656484,0.0,0.0,0.0,0.0,1.0,0.0,0.0,0.0,0.0,1.0,0.0,1.0,0.0,1
0.19029850746268656,1.0,0.5416854054041318,0.37722350413456196,-1.0,0.0,0.0,0.0,1.0,0.0,0.0,1.0,0.0,0.0,0.0,0.0,1.0,0
1.5186567164179106,-1.0,-0.6216581598434714,-0.08244980316482244,0.0,0.0,0.0,1.0,0.0,1.0,0.0,0.0,0.0,0.0,0.0,1.0,0.0,0
-1.0149253731343284,-0.5,2.717898368391264,0.529193052810517,-1.0,0.0,0.0,1.0,0.0,1.0,0.0,0.0,0.0,0.0,1.0,0.0,0.0,0
1.7682089552238844,0.5,2.6944999392169984,0.2511821096454845,-1.0,0.0,0.0,1.0,0.0,1.0,0.0,0.0,0.0,0.0,0.0,1.0,0.0,0
-0.8171641791044776,0.5,-0.5191976305500045,-1.0693196078992746,1.0,0.0,0.0,1.0,0.0,0.0,1.0,0.0,0.0,0.0,1.0,0.0,0.0,0
0.6194029850746269,1.0,0.41642664741428587,-0.6437110259200752,0.0,0.0,0.0,0.0,1.0,0.0,0.0,1.0,0.0,0.0,0.0,1.0,0.0,0
0.7425373134328358,0.0,-0.3881342438557613,0.8005509679863662,1.0,0.0,0.0,1.0,0.0,1.0,0.0,0.0,0.0,0.0,0.0,0.0,1.0,0
0.16417910447761194,0.5,0.8355483610452299,-0.47663300118813906,-1.0,0.0,0.0,0.0,1.0,0.0,0.0,1.0,0.0,0.0,0.0,1.0,0.0,0
-1.1567164179104477,2.5,0.19837238759775397,0.07233305214722852,2.0,0.0,0.0,1.0,0.0,1.0,0.0,0.0,0.0,0.0,0.0,1.0,0.0,1
-0.5447761194029851,-1.0,-0.06583440794914563,-0.6484682253957086,0.0,0.0,0.0,1.0,0.0,0.0,0.0,1.0,0.0,0.0,0.0,1.0,0.0,0
-0.20149253731343283,-1.5,1.2224582757672044,0.7431467751784341,2.0,0.0,1.0,0.0,0.0,0.0,0.0,1.0,0.0,0.0,1.0,0.0,0.0,1
-0.022388059701492536,0.5,0.14426148980474418,-0.14886234165748663,1.0,0.0,0.0,1.0,0.0,1.0,0.0,0.0,0.0,0.0,1.0,0.0,0.0,0
0.503731343283582,-0.5,-0.48852069702563483,-0.5026831586464806,1.0,0.0,0.0,1.0,0.0,0.0,0.0,0.0,1.0,0.0,0.0,1.0,0.0,0
-0.9552238805970149,-0.5,-0.6108121552030935,0.2766045388918512,3.0,0.0,1.0,0.0,0.0,0.0,0.0,1.0,0.0,0.0,0.0,0.0,1.0,1
-0.208955223880597,-1.5,-0.4522958032356883,1.1122622665351307,1.0,0.0,1.0,0.0,0.0,1.0,0.0,0.0,0.0,0.0,0.0,1.0,0.0,1
-0.12686567164179105,0.0,-0.545637735167362,0.6764163946404527,3.0,0.0,0.0,1.0,0.0,0.0,0.0,0.0,0.0,1.0,0.0,1.0,0.0,1
0.9104477611940298,0.0,1.7075468869853372,-0.19431045749691664,1.0,1.0,0.0,1.0,0.0,1.0,0.0,0.0,0.0,0.0,0.0,1.0,0.0,0
0.22761194029850745,-0.5,0.3321792800643918,0.1291904223906427,1.0,0.0,0.0,1.0,0.0,1.0,0.0,0.0,0.0,0.0,1.0,0.0,0.0,1
-0.6268656716417911,0.0,0.23897508899681763,-0.4952444100964172,-1.0,0.0,0.0,1.0,0.0,1.0,0.0,0.0,0.0,0.0,1.0,0.0,0.0,0
0.3208955223880597,0.5,0.7141729429581626,-0.2098838210068575,1.0,0.0,0.0,1.0,0.0,1.0,0.0,0.0,0.0,0.0,1.0,0.0,0.0,0
-0.8544776119402985,-0.5,-0.28566987828835105,0.36057824705420605,0.0,0.0,0.0,1.0,0.0,1.0,0.0,0.0,0.0,0.0,1.0,0.0,0.0,1
0.458955223880597,-1.0,-0.4710064664597366,-0.0859565957068293,2.0,0.0,0.0,0.0,1.0,0.0,0.0,0.0,1.0,0.0,0.0,1.0,0.0,1
-0.6380597014925373,-1.0,-0.5679554789235098,-1.0693196078992746,0.0,0.0,0.0,1.0,0.0,1.0,0.0,0.0,0.0,0.0,1.0,0.0,0.0,0
-0.7313432835820896,-1.0,0.9348189977872725,0.11375835553278965,0.0,1.0,0.0,0.0,1.0,0.0,1.0,0.0,0.0,0.0,0.0,0.0,1.0,1
1.7388059701492538,0.0,1.0394935924080706,0.0917263758540519,2.0,0.0,0.0,1.0,0.0,0.0,1.0,0.0,0.0,0.0,0.0,0.0,1.0,1
0.48880597014925375,1.5,0.5991734345652011,0.6513927239266998,-1.0,0.0,0.0,0.0,1.0,1.0,0.0,0.0,0.0,0.0,1.0,0.0,0.0,1
0.9925373134328358,-1.0,0.8795533224417728,-0.4648657296731194,-1.0,0.0,0.0,1.0,0.0,1.0,0.0,0.0,0.0,0.0,0.0,0.0,1.0,0
-0.25,-0.5,1.7587756649020518,0.17661396327308848,-1.0,0.0,0.0,1.0,0.0,0.0,1.0,0.0,0.0,0.0,0.0,0.0,1.0,0
0.033582089552238806,-0.5,-0.03580982267352577,-0.7591166249624218,1.0,0.0,0.0,1.0,0.0,0.0,0.0,0.0,0.0,1.0,1.0,0.0,0.0,0
-0.26119402985074625,-1.0,0.11194960605921853,-0.4805341671215667,0.0,0.0,0.0,1.0,0.0,1.0,0.0,0.0,0.0,0.0,0.0,1.0,0.0,0
1.0597014925373134,1.0,-0.42811188189372645,0.13364942543686445,0.0,0.0,0.0,1.0,0.0,1.0,0.0,0.0,0.0,0.0,0.0,0.0,1.0,1
-0.3656716417910448,0.0,2.4440476706687178,-0.44018127469603785,0.0,0.0,0.0,1.0,0.0,0.0,0.0,0.0,0.0,1.0,0.0,0.0,1.0,1
-0.9402985074626866,1.0,0.5173246262060758,-0.49976305571959323,1.0,1.0,0.0,0.0,1.0,0.0,0.0,1.0,0.0,0.0,1.0,0.0,0.0,0
-0.16417910447761194,1.0,-0.38644675769981046,-0.37891798698822493,0.0,0.0,0.0,1.0,0.0,1.0,0.0,0.0,0.0,0.0,0.0,1.0,0.0,0
0.26119402985074625,-0.5,0.4350195647059618,0.5853827085131587,2.0,0.0,0.0,1.0,0.0,1.0,0.0,0.0,0.0,0.0,1.0,0.0,0.0,1
-0.6119402985074627,0.5,3.488464304680498,-0.2585619254463815,1.0,1.0,0.0,0.0,1.0,1.0,0.0,0.0,0.0,0.0,1.0,0.0,0.0,1
-0.753731343283582,-1.0,-0.5598092086398063,0.14832754355123648,1.0,0.0,0.0,0.0,1.0,0.0,0.0,1.0,0.0,0.0,1.0,0.0,0.0,0
1.0485074626865671,0.0,0.2509313793756341,-0.5933480207034373,-1.0,1.0,0.0,1.0,0.0,1.0,0.0,0.0,0.0,0.0,1.0,0.0,0.0,0
0.40298507462686567,1.5,-0.5373080518854827,0.7036155097293644,-1.0,0.0,0.0,1.0,0.0,1.0,0.0,0.0,0.0,0.0,1.0,0.0,0.0,1
-0.6828358208955224,1.0,0.6951049893800016,1.098347520432876,0.0,0.0,0.0,1.0,0.0,1.0,0.0,0.0,0.0,0.0,0.0,1.0,0.0,1
-0.4216417910447761,1.0,1.952754959671059,0.6047423700337425,2.0,0.0,0.0,0.0,1.0,1.0,0.0,0.0,0.0,0.0,0.0,1.0,0.0,1
0.3208955223880597,0.5,2.0269277366253924,-0.46817557395833326,1.0,0.0,0.0,1.0,0.0,0.0,1.0,0.0,0.0,0.0,0.0,1.0,0.0,0
0.5895522388059702,-1.0,1.0566567020371513,0.8992523345258859,1.0,1.0,0.0,1.0,0.0,1.0,0.0,0.0,0.0,0.0,0.0,0.0,1.0,0
-0.022388059701492536,-0.5,0.95503340177289,0.733492627072505,0.0,0.0,0.0,0.0,1.0,1.0,0.0,0.0,0.0,0.0,0.0,1.0,0.0,0
0.21641791044776118,0.5,-0.6200501970043297,0.8026852000769941,2.0,0.0,0.0,0.0,1.0,1.0,0.0,0.0,0.0,0.0,1.0,0.0,0.0,1
0.4701492537313433,0.5,0.5659694870497947,0.9400859572845686,0.0,0.0,0.0,1.0,0.0,0.0,0.0,1.0,0.0,0.0,1.0,0.0,0.0,0
-0.17164179104477612,-1.0,-0.34478803944391967,1.000899538378104,3.0,0.0,0.0,1.0,0.0,0.0,0.0,1.0,0.0,0.0,1.0,0.0,0.0,1
0.4626865671641791,-1.0,3.488464304680498,0.37427128140562266,-1.0,0.0,0.0,1.0,0.0,1.0,0.0,0.0,0.0,0.0,0.0,0.0,1.0,0
-0.44776119402985076,-1.0,0.012000231125294776,-0.06376138543856591,1.0,0.0,0.0,1.0,0.0,1.0,0.0,0.0,0.0,0.0,0.0,0.0,1.0,1
-0.9291044776119403,0.0,-0.16104364354219236,-1.0213557222330523,0.0,0.0,0.0,0.0,1.0,1.0,0.0,0.0,0.0,0.0,1.0,0.0,0.0,1
0.026119402985074626,1.0,0.09620125110558678,-0.35422515562445833,0.0,0.0,0.0,0.0,1.0,1.0,0.0,0.0,0.0,0.0,1.0,0.0,0.0,0
1.205223880597015,0.5,0.4120284826216383,0.008090418790313468,0.0,0.0,0.0,1.0,0.0,0.0,1.0,0.0,0.0,0.0,1.0,0.0,0.0,0
-0.291044776119403,0.5,0.38308217122203975,-0.9104959287017652,0.0,0.0,0.0,1.0,0.0,0.0,0.0,1.0,0.0,0.0,1.0,0.0,0.0,0
0.5522388059701493,-0.5,3.206686651707904,0.10717149965596759,1.0,0.0,1.0,0.0,0.0,0.0,0.0,0.0,1.0,0.0,0.0,0.0,1.0,1
-0.3582089552238806,2.5,0.15404561164633912,1.1339283463745116,1.0,0.0,0.0,1.0,0.0,0.0,1.0,0.0,0.0,0.0,1.0,0.0,0.0,1
-0.6119402985074627,0.0,-0.28420556474201336,0.21817260757447987,2.0,0.0,1.0,0.0,0.0,1.0,0.0,0.0,0.0,0.0,0.0,1.0,0.0,1
-1.0820895522388059,0.0,0.38606581558133557,-0.34154639035139805,-1.0,0.0,0.0,0.0,1.0,1.0,0.0,0.0,0.0,0.0,1.0,0.0,0.0,0
0.6417910447761194,0.5,-0.22997502361195413,0.12071299837022235,1.0,0.0,0.0,1.0,0.0,0.0,1.0,0.0,0.0,0.0,0.0,1.0,0.0,0
0.9365671641791045,1.5,1.6792086590442974,0.04773379915366605,0.0,0.0,0.0,1.0,0.0,0.0,1.0,0.0,0.0,0.0,0.0,1.0,0.0,1
-0.5111940298507462,0.0,0.6259197220154615,-0.4726703863370297,0.0,0.0,0.0,1.0,0.0,1.0,0.0,0.0,0.0,0.0,0.0,1.0,0.0,0
0.41044776119402987,-0.5,0.9517031394080905,-0.3766399405522121,1.0,1.0,0.0,1.0,0.0,0.0,0.0,1.0,0.0,0.0,1.0,0.0,0.0,0
0.2947761194029851,0.5,0.5916278254612533,-0.330791015806938,0.0,1.0,0.0,1.0,0.0,0.0,0.0,0.0,0.0,1.0,0.0,0.0,1.0,1
-0.22761194029850745,2.5,-0.592985069136904,1.2899280053180067,1.0,0.0,0.0,0.0,1.0,1.0,0.0,0.0,0.0,0.0,0.0,0.0,1.0,1
0.23880597014925373,1.0,0.09072926167915228,0.6239449033631602,0.0,0.0,0.0,1.0,0.0,1.0,0.0,0.0,0.0,0.0,1.0,0.0,0.0,1
-1.1007462686567164,0.5,0.6526641512000588,-0.37832344753331987,2.0,0.0,0.0,0.0,1.0,0.0,0.0,0.0,0.0,1.0,1.0,0.0,0.0,1
-0.5074626865671642,-1.0,-0.34279746871598665,-0.42933543849148886,1.0,0.0,0.0,1.0,0.0,0.0,0.0,1.0,0.0,0.0,1.0,0.0,0.0,0
-0.4626865671641791,-1.5,0.6237001497513956,-0.04145538184192518,1.0,0.0,0.0,1.0,0.0,1.0,0.0,0.0,0.0,0.0,0.0,1.0,0.0,0
1.6417910447761195,0.5,-0.4226286602921975,0.054313024308585,1.0,0.0,0.0,1.0,0.0,0.0,0.0,1.0,0.0,0.0,1.0,0.0,0.0,0
0.14925373134328357,0.5,0.10041393028051869,-0.4988739009641773,0.0,1.0,1.0,0.0,0.0,1.0,0.0,0.0,0.0,0.0,0.0,1.0,0.0,0
0.029850746268656716,2.5,-0.15124819669967912,-0.21547761953133776,0.0,0.0,0.0,0.0,1.0,0.0,0.0,0.0,1.0,0.0,0.0,1.0,0.0,1
0.8246268656716418,0.0,-0.6086121651391836,0.07199637836261213,0.0,0.0,0.0,1.0,0.0,0.0,0.0,1.0,0.0,0.0,1.0,0.0,0.0,0
-0.47388059701492535,-1.5,1.4204173231499588,0.6937193265503048,2.0,1.0,0.0,1.0,0.0,0.0,1.0,0.0,0.0,0.0,1.0,0.0,0.0,1
0.16044776119402984,-0.5,-0.11187856380249812,0.03576070100620928,-1.0,0.0,0.0,0.0,1.0,1.0,0.0,0.0,0.0,0.0,0.0,0.0,1.0,1
0.45149253731343286,-0.5,0.4102159235328043,0.26654969421822916,0.0,1.0,0.0,1.0,0.0,0.0,0.0,1.0,0.0,0.0,0.0,1.0,0.0,0
0.6492537313432836,-0.5,0.3455673544814694,-0.3223488528063986,0.0,0.0,0.0,0.0,1.0,1.0,0.0,0.0,0.0,0.0,1.0,0.0,0.0,1
0.9888059701492538,-1.0,-0.5897776977094348,-0.6630089008333339,0.0,0.0,1.0,0.0,0.0,1.0,0.0,0.0,0.0,0.0,0.0,0.0,1.0,0
1.1343283582089552,1.5,-0.34458272428812087,0.47746172771090295,0.0,0.0,0.0,0.0,1.0,0.0,0.0,0.0,0.0,1.0,0.0,1.0,0.0,1
1.044776119402985,-1.5,0.6645407610917746,0.8507125353383533,-1.0,0.0,0.0,0.0,1.0,0.0,0.0,1.0,0.0,0.0,0.0,0.0,1.0,0
1.3805970149253732,-0.5,0.7421514317263225,-0.7348109193779874,0.0,0.0,0.0,1.0,0.0,0.0,1.0,0.0,0.0,0.0,0.0,1.0,0.0,0
0.04477611940298507,0.0,0.5768870730231792,-0.2614971711011348,-1.0,1.0,0.0,0.0,1.0,1.0,0.0,0.0,0.0,0.0,1.0,0.0,0.0,0
1.007462686567164,2.0,0.5893744637678897,-0.18650786143908304,0.0,0.0,0.0,1.0,0.0,0.0,1.0,0.0,0.0,0.0,0.0,0.0,1.0,1
0.15671641791044777,1.0,0.0395085690916275,0.3201463828751018,1.0,0.0,0.0,1.0,0.0,0.0,0.0,1.0,0.0,0.0,1.0,0.0,0.0,0
0.1791044776119403,-0.5,0.518887872326177,-0.10752711682192832,0.0,0.0,0.0,0.0,1.0,0.0,0.0,1.0,0.0,0.0,0.0,0.0,1.0,0
-0.8544776119402985,0.0,0.7384103561394469,0.5053356237428567,1.0,0.0,0.0,0.0,1.0,0.0,0.0,0.0,0.0,1.0,0.0,1.0,0.0,1
-1.3208955223880596,0.5,0.32436111544417023,1.0563958956099542,1.0,0.0,0.0,0.0,1.0,0.0,0.0,0.0,1.0,0.0,0.0,0.0,1.0,0
-0.5895522388059702,-0.5,-0.14731007461537454,-0.8434790188075091,2.0,1.0,0.0,1.0,0.0,0.0,1.0,0.0,0.0,0.0,1.0,0.0,0.0,1
-0.8022388059701493,-0.5,0.46442431031909326,-0.22013463708084677,1.0,0.0,0.0,1.0,0.0,1.0,0.0,0.0,0.0,0.0,0.0,1.0,0.0,0
-0.11567164179104478,0.0,1.4498155859632296,0.6962146073816199,0.0,0.0,0.0,0.0,1.0,1.0,0.0,0.0,0.0,0.0,0.0,1.0,0.0,0
-0.23880597014925373,-1.0,-0.47713915638289384,0.34113711037012434,0.0,1.0,0.0,1.0,0.0,0.0,0.0,1.0,0.0,0.0,0.0,0.0,1.0,1
0.1417910447761194,0.5,0.05295798489371166,-0.507673601292902,0.0,0.0,0.0,1.0,0.0,1.0,0.0,0.0,0.0,0.0,1.0,0.0,0.0,0
0.41044776119402987,0.0,0.5508721873196444,-0.051143514362374805,2.0,1.0,0.0,1.0,0.0,1.0,0.0,0.0,0.0,0.0,1.0,0.0,0.0,1
0.746268656716418,1.5,-0.35454887564621845,0.6804656459622207,0.0,0.0,0.0,0.0,1.0,1.0,0.0,0.0,0.0,0.0,1.0,0.0,0.0,1
-0.30223880597014924,0.5,1.9113952071760798,0.20720611977190082,0.0,0.0,0.0,0.0,1.0,0.0,1.0,0.0,0.0,0.0,0.0,1.0,0.0,0
0.45149253731343286,-0.5,1.2952661703702715,-0.6038392653970514,-1.0,0.0,0.0,1.0,0.0,0.0,0.0,0.0,0.0,1.0,1.0,0.0,0.0,0
0.8768656716417911,-1.5,3.488464304680498,1.1561297006155298,1.0,0.0,0.0,0.0,1.0,1.0,0.0,0.0,0.0,0.0,1.0,0.0,0.0,1
1.7682089552238844,0.5,-0.34206171762242743,0.5479948458827316,0.0,0.0,0.0,1.0,0.0,0.0,0.0,1.0,0.0,0.0,0.0,1.0,0.0,0
-0.7014925373134329,1.0,0.40224691146728947,-0.7162038972362502,1.0,0.0,0.0,1.0,0.0,0.0,0.0,1.0,0.0,0.0,1.0,0.0,0.0,0
0.011194029850746268,-0.5,0.817812366912354,0.1702064040282692,1.0,0.0,0.0,0.0,1.0,0.0,0.0,1.0,0.0,0.0,1.0,0.0,0.0,0
-0.7313432835820896,1.5,0.8127502851470599,-0.5627326525034977,0.0,0.0,0.0,1.0,0.0,1.0,0.0,0.0,0.0,0.0,0.0,1.0,0.0,1
0.7873134328358209,2.5,0.5149013515879073,1.0846411495761568,1.0,0.0,0.0,1.0,0.0,1.0,0.0,0.0,0.0,0.0,1.0,0.0,0.0,1
0.22761194029850745,0.0,0.9808100789589353,-0.47201942129130736,-1.0,0.0,1.0,0.0,0.0,1.0,0.0,0.0,0.0,0.0,0.0,1.0,0.0,1
1.1529850746268657,-0.5,0.2191422392422937,0.6747262120156634,2.0,1.0,0.0,0.0,1.0,1.0,0.0,0.0,0.0,0.0,1.0,0.0,0.0,1
-0.09328358208955224,-1.0,0.8194571674801686,0.23961050445181264,2.0,0.0,0.0,0.0,1.0,1.0,0.0,0.0,0.0,0.0,1.0,0.0,0.0,1
-0.44029850746268656,0.0,1.103135141399467,0.021701446564195863,0.0,0.0,0.0,0.0,1.0,1.0,0.0,0.0,0.0,0.0,0.0,1.0,0.0,0
0.39552238805970147,0.0,0.9755099241932558,-0.6405724102713004,1.0,0.0,0.0,0.0,1.0,0.0,1.0,0.0,0.0,0.0,0.0,1.0,0.0,0
-0.6716417910447762,-0.5,1.0827101089979667,0.3013218740913228,-1.0,0.0,0.0,0.0,1.0,1.0,0.0,0.0,0.0,0.0,0.0,1.0,0.0,0
-0.44029850746268656,-1.0,0.11967698610189091,-0.02260090484482119,3.0,0.0,0.0,1.0,0.0,1.0,0.0,0.0,0.0,0.0,0.0,1.0,0.0,1
0.7835820895522388,2.0,-0.3701175523951316,1.41625128080362,2.0,0.0,0.0,1.0,0.0,1.0,0.0,0.0,0.0,0.0,1.0,0.0,0.0,1
-1.6194029850746268,-0.5,-0.3997180103278126,1.7206757969526445,2.0,1.0,0.0,0.0,1.0,0.0,0.0,1.0,0.0,0.0,0.0,0.0,1.0,1
-0.48880597014925375,1.0,2.848681197857065,0.8013287644020008,1.0,0.0,0.0,1.0,0.0,0.0,0.0,1.0,0.0,0.0,0.0,0.0,1.0,0
0.43656716417910446,-0.5,-0.04682458518851904,-0.48953714968730394,1.0,0.0,0.0,0.0,1.0,0.0,1.0,0.0,0.0,0.0,1.0,0.0,0.0,0
-0.3619402985074627,0.0,-0.2123792630892509,-1.0693196078992746,1.0,0.0,0.0,1.0,0.0,0.0,1.0,0.0,0.0,0.0,0.0,1.0,0.0,0
-0.03731343283582089,1.0,-0.3641159987565333,-0.17775896222739396,0.0,0.0,0.0,0.0,1.0,1.0,0.0,0.0,0.0,0.0,1.0,0.0,0.0,0
-1.4813432835820894,1.5,0.6471058975628904,0.13563554641582945,2.0,0.0,0.0,1.0,0.0,1.0,0.0,0.0,0.0,0.0,1.0,0.0,0.0,1
-1.0970149253731343,-1.5,1.7242889715501377,-0.8701102542672147,1.0,0.0,0.0,1.0,0.0,1.0,0.0,0.0,0.0,0.0,1.0,0.0,0.0,0
0.39552238805970147,-1.0,-0.24909993845919765,-0.9181707638075489,1.0,0.0,0.0,1.0,0.0,1.0,0.0,0.0,0.0,0.0,0.0,0.0,1.0,1
-0.44029850746268656,-0.5,-0.5749276081572164,0.20140124095666934,0.0,0.0,0.0,1.0,0.0,1.0,0.0,0.0,0.0,0.0,0.0,0.0,1.0,1
1.2201492537313432,0.5,-0.36201012838046626,-0.5506594580114206,1.0,0.0,1.0,0.0,0.0,1.0,0.0,0.0,0.0,0.0,0.0,1.0,0.0,1
-1.3470149253731343,1.5,0.26134486965144593,-0.6022541060480908,0.0,0.0,0.0,1.0,0.0,0.0,1.0,0.0,0.0,0.0,1.0,0.0,0.0,1
-0.5149253731343284,-1.0,-0.4252703994051739,-0.5201301965911292,-1.0,0.0,0.0,1.0,0.0,0.0,0.0,1.0,0.0,0.0,0.0,0.0,1.0,0
0.14925373134328357,0.5,-0.15965148628316708,0.25812821574171996,2.0,0.0,0.0,1.0,0.0,1.0,0.0,0.0,0.0,0.0,1.0,0.0,0.0,1
0.026119402985074626,0.0,-0.6094135163676963,-0.6481111595929367,1.0,0.0,1.0,0.0,0.0,1.0,0.0,0.0,0.0,0.0,0.0,1.0,0.0,0
0.2835820895522388,0.0,-0.18684576592501675,0.8505171398309943,-1.0,0.0,1.0,0.0,0.0,1.0,0.0,0.0,0.0,0.0,0.0,1.0,0.0,1
0.5298507462686567,0.0,-0.011762591730176977,0.2921333618916906,0.0,0.0,0.0,1.0,0.0,1.0,0.0,0.0,0.0,0.0,0.0,1.0,0.0,1
0.21641791044776118,1.5,-0.32802696536904374,0.4300965889569436,0.0,0.0,0.0,0.0,1.0,0.0,1.0,0.0,0.0,0.0,0.0,1.0,0.0,1
-0.3880597014925373,0.0,1.5762744395830575,0.07635155140803492,0.0,0.0,0.0,1.0,0.0,1.0,0.0,0.0,0.0,0.0,1.0,0.0,0.0,0
0.41044776119402987,2.0,-0.3726483202622806,1.014691391334947,1.0,0.0,0.0,1.0,0.0,0.0,1.0,0.0,0.0,0.0,1.0,0.0,0.0,1
0.007462686567164179,-0.5,0.04190861663312372,0.05419342425581808,1.0,1.0,0.0,1.0,0.0,1.0,0.0,0.0,0.0,0.0,0.0,0.0,1.0,0
0.9626865671641791,0.0,0.4095303659381486,-0.6429189162424711,1.0,0.0,0.0,1.0,0.0,1.0,0.0,0.0,0.0,0.0,0.0,1.0,0.0,0
-0.417910447761194,-0.5,-0.4221701347144932,1.0692435758473002,2.0,1.0,0.0,1.0,0.0,1.0,0.0,0.0,0.0,0.0,1.0,0.0,0.0,1
0.8694029850746269,-1.0,-0.6217278394225659,1.0651686897654404,1.0,0.0,0.0,1.0,0.0,1.0,0.0,0.0,0.0,0.0,1.0,0.0,0.0,0
-0.6194029850746269,0.0,-0.30429801478611546,-0.5466850378789244,0.0,0.0,0.0,1.0,0.0,0.0,0.0,1.0,0.0,0.0,1.0,0.0,0.0,1
0.16417910447761194,-0.5,-0.42752450986348595,0.6831831785893852,-1.0,0.0,1.0,0.0,0.0,0.0,0.0,1.0,0.0,0.0,1.0,0.0,0.0,0
0.2537313432835821,-0.5,-0.5804208239260423,-0.29766732092802506,-1.0,0.0,0.0,1.0,0.0,1.0,0.0,0.0,0.0,0.0,1.0,0.0,0.0,0
0.11567164179104478,1.0,-0.42240791728947347,0.6325008087047822,0.0,0.0,0.0,1.0,0.0,1.0,0.0,0.0,0.0,0.0,1.0,0.0,0.0,0
-0.7089552238805971,0.5,-0.6014697047019635,0.25897606514116384,2.0,1.0,0.0,0.0,1.0,0.0,0.0,1.0,0.0,0.0,1.0,0.0,0.0,1
-0.5671641791044776,-1.0,0.3873087200307562,-0.14851839875601563,0.0,0.0,0.0,1.0,0.0,1.0,0.0,0.0,0.0,0.0,0.0,0.0,1.0,0
-1.3694029850746268,-0.5,-0.5251159138255619,-0.8335497237464587,-1.0,0.0,0.0,1.0,0.0,0.0,1.0,0.0,0.0,0.0,0.0,1.0,0.0,0
0.3880597014925373,-0.5,1.238982121011111,-0.6219361009259361,0.0,0.0,1.0,0.0,0.0,1.0,0.0,0.0,0.0,0.0,1.0,0.0,0.0,0
-0.34328358208955223,0.0,-0.4844042837855531,-0.5617534838390161,1.0,0.0,1.0,0.0,0.0,1.0,0.0,0.0,0.0,0.0,0.0,1.0,0.0,0
-1.5,1.0,0.19379294832788962,0.3092296170166969,3.0,0.0,0.0,0.0,1.0,1.0,0.0,0.0,0.0,0.0,1.0,0.0,0.0,1
0.16417910447761194,-1.0,1.5052706442944512,0.8473080003945169,0.0,0.0,0.0,1.0,0.0,0.0,0.0,1.0,0.0,0.0,1.0,0.0,0.0,0
-0.1044776119402985,-0.5,-0.13853650634678127,-0.5013877381744087,0.0,0.0,0.0,1.0,0.0,1.0,0.0,0.0,0.0,0.0,0.0,0.0,1.0,0
-0.041044776119402986,0.5,-0.005765964650950118,1.2517111983350877,1.0,0.0,0.0,1.0,0.0,1.0,0.0,0.0,0.0,0.0,1.0,0.0,0.0,1
0.03731343283582089,-0.5,-0.062127832930595636,0.933748960396615,2.0,0.0,0.0,0.0,1.0,0.0,0.0,0.0,1.0,0.0,1.0,0.0,0.0,1
0.8134328358208955,-0.5,-0.1312529234952447,-0.14781286989512116,0.0,1.0,0.0,1.0,0.0,0.0,0.0,1.0,0.0,0.0,0.0,1.0,0.0,0
0.029850746268656716,0.0,-0.5415017342235878,-0.2980188994441406,1.0,0.0,0.0,1.0,0.0,0.0,0.0,1.0,0.0,0.0,1.0,0.0,0.0,0
1.7682089552238844,-0.5,1.1971116676202895,-0.8888369958256324,0.0,1.0,0.0,0.0,1.0,0.0,1.0,0.0,0.0,0.0,0.0,1.0,0.0,0
-0.30597014925373134,0.0,0.8290237353618422,0.8594240915744971,0.0,0.0,0.0,1.0,0.0,0.0,0.0,1.0,0.0,0.0,0.0,1.0,0.0,0
0.29850746268656714,-1.5,-0.6140232099827666,0.2476640445438236,-1.0,1.0,1.0,0.0,0.0,1.0,0.0,0.0,0.0,0.0,1.0,0.0,0.0,0
0.45149253731343286,0.5,0.5639971377313593,-0.19423866824296432,0.0,0.0,0.0,1.0,0.0,1.0,0.0,0.0,0.0,0.0,0.0,0.0,1.0,0
0.04477611940298507,-0.5,0.8636877399828633,-0.3777667736052753,0.0,1.0,0.0,1.0,0.0,1.0,0.0,0.0,0.0,0.0,1.0,0.0,0.0,1
0.7910447761194029,-1.0,-0.5112913859497686,0.5609764958339936,1.0,1.0,0.0,1.0,0.0,1.0,0.0,0.0,0.0,0.0,0.0,0.0,1.0,1
-0.4216417910447761,0.0,-0.26835718728689145,-0.13001776639595974,-1.0,0.0,0.0,1.0,0.0,1.0,0.0,0.0,0.0,0.0,0.0,0.0,1.0,0
0.08955223880597014,0.0,2.8603408485170636,-0.8507588350072853,1.0,0.0,0.0,1.0,0.0,1.0,0.0,0.0,0.0,0.0,1.0,0.0,0.0,0
-0.011194029850746268,0.0,0.6019121650423885,1.4702015997483777,2.0,1.0,0.0,1.0,0.0,0.0,0.0,0.0,0.0,1.0,1.0,0.0,0.0,1
0.8432835820895522,0.5,-0.507917171655063,-0.3617126746403375,0.0,0.0,0.0,1.0,0.0,0.0,0.0,1.0,0.0,0.0,1.0,0.0,0.0,0
-0.7238805970149254,-1.0,1.460753331631429,-0.6310910735326053,2.0,0.0,0.0,0.0,1.0,0.0,0.0,1.0,0.0,0.0,1.0,0.0,0.0,1
-1.0298507462686568,-1.0,-0.4607758891132007,-0.5054835901283092,1.0,0.0,0.0,1.0,0.0,0.0,1.0,0.0,0.0,0.0,0.0,0.0,1.0,0
-0.018656716417910446,0.0,0.907526477220345,-0.23929954585884364,2.0,0.0,0.0,1.0,0.0,1.0,0.0,0.0,0.0,0.0,0.0,1.0,0.0,1
-0.11940298507462686,1.0,-0.26771870590177754,-0.5762094526720378,1.0,0.0,0.0,1.0,0.0,1.0,0.0,0.0,0.0,0.0,0.0,0.0,1.0,0
0.31343283582089554,-1.0,-0.44725999045801995,-0.21603623079328832,0.0,0.0,0.0,1.0,0.0,1.0,0.0,0.0,0.0,0.0,0.0,1.0,0.0,0
0.48507462686567165,-1.0,0.36922522060484514,-0.7287188973395305,3.0,0.0,0.0,1.0,0.0,1.0,0.0,0.0,0.0,0.0,1.0,0.0,0.0,1
1.626865671641791,-0.5,-0.0796300041807423,-0.5759965823026935,1.0,0.0,0.0,0.0,1.0,1.0,0.0,0.0,0.0,0.0,1.0,0.0,0.0,0
0.2798507462686567,0.0,0.1389771702024284,0.3033880701435774,2.0,0.0,0.0,0.0,1.0,1.0,0.0,0.0,0.0,0.0,0.0,1.0,0.0,1
-0.48134328358208955,-1.0,0.6958332774210172,-0.4003022507373225,0.0,0.0,0.0,1.0,0.0,1.0,0.0,0.0,0.0,0.0,0.0,1.0,0.0,0
-1.6194029850746268,-1.0,-0.334179554715242,-0.8082952854399374,0.0,0.0,1.0,0.0,0.0,1.0,0.0,0.0,0.0,0.0,1.0,0.0,0.0,0
1.7682089552238844,2.0,-0.19481057801558616,-0.7905847652367312,0.0,0.0,0.0,1.0,0.0,0.0,0.0,1.0,0.0,0.0,0.0,0.0,1.0,1
-0.6380597014925373,-1.0,0.5486764566846873,1.464059962231888,1.0,1.0,0.0,1.0,0.0,1.0,0.0,0.0,0.0,0.0,0.0,1.0,0.0,1
0.5708955223880597,0.0,1.6465718651840993,0.5146202716839506,1.0,0.0,0.0,1.0,0.0,1.0,0.0,0.0,0.0,0.0,0.0,1.0,0.0,0
0.5634328358208955,-0.5,-0.2158237496978787,0.6353798665941698,-1.0,1.0,0.0,1.0,0.0,0.0,0.0,1.0,0.0,0.0,1.0,0.0,0.0,0
-1.6194029850746268,-0.5,-0.5873853911314671,-0.769972664046999,0.0,0.0,0.0,1.0,0.0,1.0,0.0,0.0,0.0,0.0,1.0,0.0,0.0,0
0.0037313432835820895,1.0,-0.2961739193949173,0.9561120321893115,1.0,0.0,0.0,1.0,0.0,1.0,0.0,0.0,0.0,0.0,1.0,0.0,0.0,0
1.1940298507462686,-1.5,-0.019464354187860817,0.7191368559496212,0.0,0.0,0.0,1.0,0.0,1.0,0.0,0.0,0.0,0.0,1.0,0.0,0.0,0
-0.44029850746268656,1.5,-0.17137790296624975,-0.36609755133309185,3.0,1.0,0.0,0.0,1.0,1.0,0.0,0.0,0.0,0.0,1.0,0.0,0.0,1
0.9365671641791045,1.0,1.2390914882773765,0.09196732203775496,1.0,0.0,0.0,1.0,0.0,0.0,0.0,0.0,1.0,0.0,0.0,0.0,1.0,0
-0.5746268656716418,-1.0,-0.15332757053584556,-0.5810858773428033,0.0,0.0,0.0,0.0,1.0,1.0,0.0,0.0,0.0,0.0,1.0,0.0,0.0,0
-0.07835820895522388,0.0,1.7949683834517056,-0.20838337775410914,2.0,0.0,0.0,1.0,0.0,0.0,1.0,0.0,0.0,0.0,1.0,0.0,0.0,1
-0.7910447761194029,-1.0,-0.11104038625462545,1.142786794937098,2.0,0.0,0.0,1.0,0.0,0.0,0.0,1.0,0.0,0.0,1.0,0.0,0.0,1
0.585820895522388,-0.5,-0.0842301920096425,-0.12836291318737814,0.0,1.0,0.0,1.0,0.0,1.0,0.0,0.0,0.0,0.0,0.0,1.0,0.0,0
-0.4141791044776119,-0.5,-0.5983165830397426,-0.2889203124481646,0.0,0.0,0.0,0.0,1.0,0.0,0.0,1.0,0.0,0.0,0.0,1.0,0.0,0
-0.19776119402985073,-0.5,1.0050403089533086,-0.5319184654444624,0.0,0.0,0.0,1.0,0.0,1.0,0.0,0.0,0.0,0.0,0.0,0.0,1.0,1
0.11194029850746269,0.5,-0.3445900964750389,0.5110899995492526,3.0,1.0,0.0,1.0,0.0,0.0,0.0,0.0,1.0,0.0,1.0,0.0,0.0,1
0.6119402985074627,0.0,3.488464304680498,-0.3859088995667289,1.0,0.0,0.0,0.0,1.0,1.0,0.0,0.0,0.0,0.0,0.0,1.0,0.0,1
-0.9626865671641791,-1.0,0.24384341496417944,0.2659639993310477,1.0,0.0,0.0,1.0,0.0,1.0,0.0,0.0,0.0,0.0,1.0,0.0,0.0,0
0.291044776119403,1.0,-0.38134681761100375,-0.895428963861901,0.0,0.0,0.0,0.0,1.0,1.0,0.0,0.0,0.0,0.0,0.0,1.0,0.0,0
-0.8992537313432836,-0.5,-0.013563819324932577,-0.9564012382655358,0.0,1.0,0.0,1.0,0.0,1.0,0.0,0.0,0.0,0.0,1.0,0.0,0.0,0
-0.7798507462686567,-0.5,-0.19107072954575552,-0.21395500423808234,0.0,0.0,1.0,0.0,0.0,1.0,0.0,0.0,0.0,0.0,1.0,0.0,0.0,0
1.164179104477612,0.0,0.4959542311176749,0.10178046092963214,-1.0,0.0,0.0,1.0,0.0,0.0,0.0,1.0,0.0,0.0,1.0,0.0,0.0,0
1.4402985074626866,0.5,0.11587839946151303,-0.6082303595073181,0.0,0.0,0.0,1.0,0.0,1.0,0.0,0.0,0.0,0.0,0.0,0.0,1.0,1
0.033582089552238806,1.5,-0.1978805178679259,0.032704206671048,0.0,0.0,0.0,0.0,1.0,1.0,0.0,0.0,0.0,0.0,0.0,1.0,0.0,1
-0.16791044776119404,1.0,-0.5475483842994416,-0.6615800645080336,0.0,1.0,0.0,0.0,1.0,1.0,0.0,0.0,0.0,0.0,1.0,0.0,0.0,0
0.7164179104477612,1.5,0.6811717089312351,-0.5797164626884039,1.0,1.0,0.0,0.0,1.0,0.0,0.0,0.0,1.0,0.0,0.0,1.0,0.0,1
0.6865671641791045,-0.5,-0.47611079564130937,0.28070841046907646,0.0,0.0,0.0,0.0,1.0,1.0,0.0,0.0,0.0,0.0,1.0,0.0,0.0,1
0.7276119402985075,0.5,0.7433223897672033,-0.053048434539755135,3.0,0.0,0.0,0.0,1.0,0.0,0.0,1.0,0.0,0.0,0.0,1.0,0.0,1
-0.13432835820895522,1.0,2.010797481108696,1.002080196331573,1.0,0.0,0.0,1.0,0.0,1.0,0.0,0.0,0.0,0.0,1.0,0.0,0.0,0
-0.31716417910447764,1.0,-0.15647745602854213,1.3878940818012906,0.0,0.0,0.0,1.0,0.0,0.0,1.0,0.0,0.0,0.0,1.0,0.0,0.0,1
-0.664179104477612,0.0,-0.4075223702774134,0.6614587763488126,0.0,1.0,0.0,1.0,0.0,0.0,1.0,0.0,0.0,0.0,0.0,0.0,1.0,0
1.0298507462686568,0.0,0.8351662038313041,0.5693851745812294,-1.0,0.0,0.0,1.0,0.0,0.0,0.0,1.0,0.0,0.0,1.0,0.0,0.0,0
-0.8059701492537313,-0.5,-0.3369210319955952,0.8885640274949246,0.0,0.0,0.0,1.0,0.0,1.0,0.0,0.0,0.0,0.0,0.0,0.0,1.0,0
-0.5149253731343284,-0.5,1.8692670594470326,0.6415600510683749,0.0,0.0,0.0,1.0,0.0,0.0,0.0,1.0,0.0,0.0,1.0,0.0,0.0,0
0.8134328358208955,-1.0,0.5036377344106848,1.7206757969526445,3.0,0.0,0.0,1.0,0.0,1.0,0.0,0.0,0.0,0.0,0.0,1.0,0.0,1
0.8843283582089553,-1.0,-0.4167346745596425,-0.7381835870206742,1.0,0.0,0.0,1.0,0.0,1.0,0.0,0.0,0.0,0.0,0.0,1.0,0.0,0
0.06716417910447761,0.0,-0.4886145397836513,0.854718869837922,3.0,0.0,0.0,0.0,1.0,0.0,0.0,1.0,0.0,0.0,0.0,0.0,1.0,1
0.022388059701492536,0.5,1.0532932624655453,0.9410613646231218,0.0,0.0,0.0,1.0,0.0,1.0,0.0,0.0,0.0,0.0,0.0,1.0,0.0,0
0.7350746268656716,0.0,-0.5432611110346475,0.41691608273509023,2.0,0.0,0.0,1.0,0.0,1.0,0.0,0.0,0.0,0.0,1.0,0.0,0.0,1
0.5708955223880597,0.0,-0.03945781596053064,-0.4616457714372529,0.0,0.0,0.0,1.0,0.0,1.0,0.0,0.0,0.0,0.0,1.0,0.0,0.0,0
-0.6380597014925373,0.0,-0.19137287482597162,0.7878101709570178,1.0,0.0,0.0,1.0,0.0,1.0,0.0,0.0,0.0,0.0,1.0,0.0,0.0,0
1.4888059701492538,-0.5,-0.08115482385683256,-0.5568863573496832,2.0,0.0,0.0,1.0,0.0,1.0,0.0,0.0,0.0,0.0,0.0,0.0,1.0,1
-0.22388059701492538,1.0,-0.6217278394225659,1.2307560254172962,2.0,1.0,0.0,1.0,0.0,1.0,0.0,0.0,0.0,0.0,1.0,0.0,0.0,1
0.13805970149253732,0.5,0.391612231501495,-0.8573824983831345,0.0,0.0,0.0,1.0,0.0,0.0,0.0,0.0,0.0,1.0,0.0,1.0,0.0,1
0.17164179104477612,0.0,0.012403971165633076,-0.06209713612778585,2.0,0.0,0.0,0.0,1.0,1.0,0.0,0.0,0.0,0.0,1.0,0.0,0.0,1
-0.24253731343283583,-1.0,-0.5529770469027545,-0.8279859316975767,0.0,1.0,0.0,1.0,0.0,1.0,0.0,0.0,0.0,0.0,0.0,1.0,0.0,0
0.332089552238806,0.0,-0.5074120240056375,-0.8191629283207237,1.0,0.0,0.0,0.0,1.0,1.0,0.0,0.0,0.0,0.0,1.0,0.0,0.0,0
0.06343283582089553,0.0,1.6499774866904997,0.4194570047326235,0.0,0.0,0.0,0.0,1.0,0.0,0.0,1.0,0.0,0.0,1.0,0.0,0.0,0
0.10074626865671642,0.0,-0.5789450476376583,1.0747488576228592,1.0,0.0,0.0,0.0,1.0,1.0,0.0,0.0,0.0,0.0,1.0,0.0,0.0,0
0.30223880597014924,-0.5,1.7092426215188328,-0.7549901815601716,1.0,0.0,0.0,0.0,1.0,1.0,0.0,0.0,0.0,0.0,1.0,0.0,0.0,0
-0.026119402985074626,-0.5,1.963912146810137,0.8005207651043392,1.0,0.0,0.0,1.0,0.0,0.0,0.0,1.0,0.0,0.0,1.0,0.0,0.0,0
0.20522388059701493,-0.5,0.4722122386203546,-0.2104264088975249,-1.0,0.0,0.0,1.0,0.0,1.0,0.0,0.0,0.0,0.0,0.0,0.0,1.0,0
-1.0746268656716418,-0.5,0.22474157451419952,0.6751395272697243,2.0,0.0,0.0,1.0,0.0,1.0,0.0,0.0,0.0,0.0,0.0,1.0,0.0,1
-0.7985074626865671,0.5,-0.4638926310487339,0.5978729292997176,0.0,0.0,0.0,1.0,0.0,0.0,0.0,1.0,0.0,0.0,1.0,0.0,0.0,0
1.7682089552238844,-1.0,-0.0642759296282456,-0.8923315099668141,0.0,0.0,0.0,1.0,0.0,1.0,0.0,0.0,0.0,0.0,1.0,0.0,0.0,0
-0.4253731343283582,0.5,0.11005783681862388,0.4444737112730203,0.0,1.0,0.0,1.0,0.0,0.0,0.0,1.0,0.0,0.0,0.0,1.0,0.0,0
0.07835820895522388,0.0,-0.38782325542325696,-0.7498946921198872,0.0,0.0,0.0,0.0,1.0,1.0,0.0,0.0,0.0,0.0,0.0,1.0,0.0,1
0.11940298507462686,-1.5,-0.5924195637953404,-0.906629477993354,2.0,0.0,0.0,1.0,0.0,1.0,0.0,0.0,0.0,0.0,0.0,1.0,0.0,1
1.1417910447761195,0.0,-0.4567149728773346,-0.37648702200617207,0.0,0.0,0.0,1.0,0.0,0.0,1.0,0.0,0.0,0.0,0.0,1.0,0.0,0
-0.3805970149253731,-1.5,-0.2517379179106654,0.08079223745359974,1.0,0.0,0.0,0.0,1.0,0.0,0.0,1.0,0.0,0.0,0.0,1.0,0.0,0
0.018656716417910446,2.0,0.0008430845085965874,0.21264445411841365,1.0,1.0,0.0,1.0,0.0,0.0,1.0,0.0,0.0,0.0,1.0,0.0,0.0,1
1.287313432835821,1.0,-0.5018326642217514,1.045614186287026,0.0,0.0,0.0,1.0,0.0,1.0,0.0,0.0,0.0,0.0,1.0,0.0,0.0,0
0.2537313432835821,1.5,-0.12657011482111247,-0.9272585846639724,-1.0,1.0,0.0,1.0,0.0,1.0,0.0,0.0,0.0,0.0,0.0,1.0,0.0,1
0.15671641791044777,-0.5,-0.46948342530111425,0.3480383495110722,0.0,1.0,0.0,0.0,1.0,1.0,0.0,0.0,0.0,0.0,0.0,1.0,0.0,1
0.05970149253731343,0.0,-0.012773874719539297,-0.29379566085537434,2.0,0.0,0.0,1.0,0.0,1.0,0.0,0.0,0.0,0.0,1.0,0.0,0.0,1
0.5149253731343284,-1.5,-0.4871967899234241,0.160434392910483,1.0,0.0,0.0,1.0,0.0,0.0,1.0,0.0,0.0,0.0,0.0,1.0,0.0,0
0.4552238805970149,0.5,-0.44861159383746996,-0.7141691123392697,1.0,0.0,0.0,1.0,0.0,1.0,0.0,0.0,0.0,0.0,1.0,0.0,0.0,0
0.6343283582089553,1.0,1.0625429245017781,1.2204137130658945,0.0,1.0,1.0,0.0,0.0,0.0,0.0,1.0,0.0,0.0,1.0,0.0,0.0,1
-0.376865671641791,1.5,0.9834144412922808,-0.10770562504809501,0.0,0.0,0.0,1.0,0.0,0.0,0.0,1.0,0.0,0.0,0.0,0.0,1.0,1
1.3544776119402986,0.5,-0.21598222776278145,0.09440610647610614,0.0,0.0,0.0,1.0,0.0,1.0,0.0,0.0,0.0,0.0,0.0,1.0,0.0,0
-0.5223880597014925,1.5,-0.4431914655792289,-0.8940528111101379,0.0,0.0,0.0,1.0,0.0,1.0,0.0,0.0,0.0,0.0,0.0,0.0,1.0,1
-1.2649253731343284,1.0,0.1774833222598893,0.5089166805435544,-1.0,0.0,0.0,0.0,1.0,1.0,0.0,0.0,0.0,0.0,1.0,0.0,0.0,0
1.0111940298507462,0.5,-0.28482108471173867,-0.17308417160806008,1.0,0.0,1.0,0.0,0.0,0.0,0.0,0.0,0.0,1.0,1.0,0.0,0.0,1
0.26492537313432835,2.5,-0.07399135530354899,1.4287542747589468,-1.0,0.0,0.0,0.0,1.0,0.0,0.0,0.0,1.0,0.0,1.0,0.0,0.0,1
0.1417910447761194,-0.5,0.1786974284337538,0.4077797327964311,0.0,0.0,0.0,1.0,0.0,0.0,0.0,1.0,0.0,0.0,0.0,1.0,0.0,0
0.30970149253731344,0.0,0.43888355874923207,-0.5913500808637447,0.0,0.0,0.0,0.0,1.0,0.0,0.0,1.0,0.0,0.0,1.0,0.0,0.0,0
0.6007462686567164,-0.5,0.12807378202862282,-0.17333420638047403,-1.0,0.0,0.0,1.0,0.0,1.0,0.0,0.0,0.0,0.0,0.0,0.0,1.0,0
-0.16417910447761194,-1.5,0.17177014759453066,-0.6824232300215871,1.0,0.0,0.0,0.0,1.0,0.0,0.0,0.0,0.0,1.0,1.0,0.0,0.0,0
0.06343283582089553,0.0,2.6327508039267986,-0.4505577148744701,0.0,0.0,0.0,1.0,0.0,1.0,0.0,0.0,0.0,0.0,1.0,0.0,0.0,0
1.0522388059701493,0.5,3.488464304680498,0.7520303786671573,0.0,0.0,0.0,1.0,0.0,1.0,0.0,0.0,0.0,0.0,0.0,0.0,1.0,0
-1.414179104477612,-1.0,0.529703673847779,1.7206757969526445,0.0,0.0,0.0,1.0,0.0,0.0,0.0,1.0,0.0,0.0,0.0,0.0,1.0,1
0.7126865671641791,-1.0,0.39427376801615244,-0.6484458132634678,1.0,0.0,0.0,1.0,0.0,0.0,1.0,0.0,0.0,0.0,0.0,0.0,1.0,0
1.2723880597014925,-1.0,0.8356808652090897,0.9953408660687795,1.0,0.0,1.0,0.0,0.0,0.0,1.0,0.0,0.0,0.0,1.0,0.0,0.0,0
-1.4477611940298507,1.5,-0.18364278058274336,0.22512681367784998,0.0,1.0,0.0,1.0,0.0,1.0,0.0,0.0,0.0,0.0,0.0,1.0,0.0,1
0.5895522388059702,-1.0,0.6327606978615916,-0.28888252080389143,1.0,0.0,0.0,0.0,1.0,0.0,1.0,0.0,0.0,0.0,0.0,1.0,0.0,0
0.667910447761194,-1.5,-0.14018234607982827,0.36300087530911734,0.0,0.0,0.0,1.0,0.0,0.0,0.0,1.0,0.0,0.0,0.0,1.0,0.0,0
-0.35074626865671643,-0.5,-0.25096123324352543,-0.10539737696087059,3.0,1.0,0.0,1.0,0.0,0.0,0.0,1.0,0.0,0.0,0.0,0.0,1.0,1
-0.6791044776119403,-0.5,-0.40316687743056384,0.2314816587141687,2.0,0.0,0.0,1.0,0.0,0.0,0.0,1.0,0.0,0.0,0.0,1.0,0.0,1
0.13432835820895522,1.5,2.226130204333089,-0.2627969390338472,0.0,0.0,0.0,1.0,0.0,1.0,0.0,0.0,0.0,0.0,0.0,1.0,0.0,1
0.3283582089552239,2.5,-0.37426378450643355,-0.5168129601559522,1.0,0.0,0.0,1.0,0.0,0.0,0.0,0.0,0.0,1.0,0.0,1.0,0.0,1
0.33955223880597013,-1.0,-0.17031162459837754,-0.5272344488227831,1.0,0.0,0.0,0.0,1.0,1.0,0.0,0.0,0.0,0.0,0.0,1.0,0.0,0
-0.4925373134328358,0.5,-0.4647670684507583,-0.40613766692600933,0.0,0.0,0.0,1.0,0.0,1.0,0.0,0.0,0.0,0.0,0.0,0.0,1.0,0
0.23134328358208955,1.5,0.5661945566340253,0.10796507222641775,0.0,0.0,0.0,1.0,0.0,0.0,0.0,0.0,0.0,1.0,1.0,0.0,0.0,1
-0.007462686567164179,0.0,-0.4474842781305804,-0.12235944889221655,0.0,0.0,0.0,1.0,0.0,1.0,0.0,0.0,0.0,0.0,0.0,1.0,0.0,0
-0.4664179104477612,0.0,-0.33371271665502483,0.1940503789354883,-1.0,0.0,0.0,1.0,0.0,0.0,0.0,1.0,0.0,0.0,1.0,0.0,0.0,0
-0.6455223880597015,-1.0,0.7457484656728981,0.5630916986510275,0.0,0.0,0.0,0.0,1.0,0.0,0.0,1.0,0.0,0.0,1.0,0.0,0.0,0
0.26119402985074625,0.5,-0.062212664551561325,-0.6665130529884193,0.0,1.0,0.0,0.0,1.0,1.0,0.0,0.0,0.0,0.0,1.0,0.0,0.0,0
-1.458955223880597,0.5,-0.3820881633714509,-0.1252563845931041,0.0,0.0,0.0,1.0,0.0,1.0,0.0,0.0,0.0,0.0,1.0,0.0,0.0,0
-0.34701492537313433,0.0,0.32332132661074237,-0.7985611008985292,0.0,0.0,0.0,1.0,0.0,0.0,0.0,1.0,0.0,0.0,0.0,0.0,1.0,0
-0.585820895522388,0.0,1.9233476709273014,0.6614822080283203,0.0,1.0,0.0,1.0,0.0,1.0,0.0,0.0,0.0,0.0,1.0,0.0,0.0,0
0.6082089552238806,0.0,2.083478434856084,-0.2512523738970704,1.0,0.0,0.0,0.0,1.0,0.0,1.0,0.0,0.0,0.0,1.0,0.0,0.0,0
0.0,-0.5,0.9001074352553419,-0.42858129502416586,1.0,0.0,0.0,0.0,1.0,0.0,0.0,0.0,0.0,1.0,1.0,0.0,0.0,0
-0.1828358208955224,-1.0,-0.2736957029818945,-0.04974402849458372,0.0,0.0,0.0,1.0,0.0,1.0,0.0,0.0,0.0,0.0,1.0,0.0,0.0,0
1.0820895522388059,0.5,1.1206181200119787,0.43282936657008425,0.0,0.0,0.0,1.0,0.0,1.0,0.0,0.0,0.0,0.0,1.0,0.0,0.0,0
0.40298507462686567,-0.5,-0.12988182082103897,0.3670041573404933,0.0,0.0,0.0,1.0,0.0,1.0,0.0,0.0,0.0,0.0,1.0,0.0,0.0,0
0.22014925373134328,1.0,-0.4076205520510532,0.3163335406303568,1.0,0.0,0.0,1.0,0.0,1.0,0.0,0.0,0.0,0.0,0.0,1.0,0.0,0
-0.40298507462686567,-0.5,0.24938051363946337,0.5168518556697209,0.0,0.0,0.0,1.0,0.0,1.0,0.0,0.0,0.0,0.0,0.0,0.0,1.0,0
-0.30597014925373134,0.5,-0.46608872939172025,0.9940406550215841,-1.0,0.0,0.0,1.0,0.0,0.0,1.0,0.0,0.0,0.0,1.0,0.0,0.0,0
0.2873134328358209,0.0,-0.31750643922823146,0.429768814826268,0.0,0.0,0.0,1.0,0.0,0.0,0.0,1.0,0.0,0.0,0.0,1.0,0.0,0
0.8395522388059702,-0.5,0.7971392015324373,0.20055666869721292,1.0,0.0,0.0,1.0,0.0,1.0,0.0,0.0,0.0,0.0,0.0,1.0,0.0,0
0.3619402985074627,0.5,0.04925668724587477,0.3035605347860305,1.0,0.0,0.0,1.0,0.0,1.0,0.0,0.0,0.0,0.0,1.0,0.0,0.0,0
-0.5746268656716418,2.5,0.7639341488088809,-1.0693196078992746,0.0,0.0,0.0,1.0,0.0,1.0,0.0,0.0,0.0,0.0,1.0,0.0,0.0,1
1.0597014925373134,-1.0,1.2792569911442222,1.387730988359021,1.0,0.0,0.0,1.0,0.0,0.0,0.0,0.0,1.0,0.0,0.0,1.0,0.0,1
0.2462686567164179,-0.5,-0.3332163871284317,0.05635064401456892,1.0,0.0,0.0,1.0,0.0,1.0,0.0,0.0,0.0,0.0,0.0,0.0,1.0,0
-0.8283582089552238,0.0,-0.14694768048174445,-0.2739498036880374,-1.0,0.0,0.0,1.0,0.0,0.0,0.0,1.0,0.0,0.0,1.0,0.0,0.0,1
0.1044776119402985,-1.5,-0.3742410900317805,-1.0096307444954424,0.0,0.0,0.0,1.0,0.0,1.0,0.0,0.0,0.0,0.0,0.0,0.0,1.0,0
-0.3582089552238806,0.0,-0.5413658336504673,-0.1469081989610278,3.0,1.0,0.0,1.0,0.0,0.0,0.0,1.0,0.0,0.0,1.0,0.0,0.0,1
-0.7052238805970149,-1.5,-0.1577877210314066,-1.0693196078992746,0.0,0.0,0.0,1.0,0.0,0.0,0.0,1.0,0.0,0.0,1.0,0.0,0.0,0
1.3208955223880596,2.0,-0.27741745354792613,0.1547337278279942,1.0,0.0,0.0,0.0,1.0,1.0,0.0,0.0,0.0,0.0,0.0,1.0,0.0,1
0.34701492537313433,0.5,-0.1640602390478338,0.2352407980083466,-1.0,0.0,0.0,0.0,1.0,1.0,0.0,0.0,0.0,0.0,1.0,0.0,0.0,1
-0.022388059701492536,2.0,-0.45628566587851493,0.10956750196025171,0.0,0.0,1.0,0.0,0.0,1.0,0.0,0.0,0.0,0.0,0.0,1.0,0.0,1
-1.0261194029850746,1.0,0.5378580782534715,0.1709053550776459,1.0,0.0,0.0,1.0,0.0,1.0,0.0,0.0,0.0,0.0,1.0,0.0,0.0,0
0.5111940298507462,-1.0,0.8671274129812815,-0.26540946976879143,2.0,0.0,0.0,1.0,0.0,1.0,0.0,0.0,0.0,0.0,0.0,1.0,0.0,1
-0.10074626865671642,0.0,-0.4528182650934135,0.26223840323650977,1.0,0.0,0.0,1.0,0.0,1.0,0.0,0.0,0.0,0.0,0.0,0.0,1.0,0
0.2462686567164179,0.0,0.4059928572720951,0.854471652083776,0.0,1.0,0.0,1.0,0.0,1.0,0.0,0.0,0.0,0.0,1.0,0.0,0.0,0
0.0708955223880597,-0.5,1.2730415311382952,0.9738751727308042,1.0,1.0,0.0,1.0,0.0,1.0,0.0,0.0,0.0,0.0,1.0,0.0,0.0,0
0.041044776119402986,0.0,-0.6217278394225659,0.33844497236948207,1.0,0.0,0.0,1.0,0.0,1.0,0.0,0.0,0.0,0.0,0.0,0.0,1.0,1
-1.3544776119402986,-0.5,-0.3833785863403816,-0.5949085475096302,0.0,0.0,0.0,1.0,0.0,0.0,0.0,0.0,1.0,0.0,0.0,1.0,0.0,0
-0.029850746268656716,-0.5,-0.3307664577125388,-1.0035761020817424,0.0,0.0,0.0,1.0,0.0,1.0,0.0,0.0,0.0,0.0,0.0,1.0,0.0,0
-0.40671641791044777,1.0,-0.31563882222518136,0.8343145014619578,0.0,0.0,0.0,1.0,0.0,1.0,0.0,0.0,0.0,0.0,1.0,0.0,0.0,0
0.5559701492537313,-1.0,0.045932810691254676,-0.2962922505114577,-1.0,0.0,0.0,1.0,0.0,0.0,0.0,1.0,0.0,0.0,0.0,1.0,0.0,0
0.35447761194029853,-1.0,0.11942387272565787,0.1632108952523082,0.0,0.0,0.0,0.0,1.0,0.0,1.0,0.0,0.0,0.0,0.0,1.0,0.0,0
0.22761194029850745,0.5,-0.07742619949487112,0.38312010355028475,2.0,1.0,0.0,1.0,0.0,0.0,0.0,0.0,0.0,1.0,1.0,0.0,0.0,1
0.014925373134328358,-0.5,0.030239441830882084,0.2411769189931162,1.0,0.0,0.0,1.0,0.0,0.0,0.0,1.0,0.0,0.0,1.0,0.0,0.0,0
1.3470149253731343,-0.5,-0.6011811783275437,-0.8382988348007532,-1.0,0.0,0.0,1.0,0.0,1.0,0.0,0.0,0.0,0.0,0.0,0.0,1.0,0
0.9440298507462687,0.5,0.3929973518060992,-0.3567922319296846,0.0,1.0,0.0,1.0,0.0,1.0,0.0,0.0,0.0,0.0,0.0,1.0,0.0,0
1.3694029850746268,0.5,0.003457174339818106,0.1293603563916841,1.0,0.0,0.0,1.0,0.0,0.0,1.0,0.0,0.0,0.0,1.0,0.0,0.0,0
-0.5708955223880597,-0.5,0.7099614625331983,0.2553489322754282,0.0,1.0,0.0,1.0,0.0,0.0,0.0,0.0,0.0,1.0,0.0,0.0,1.0,1
-1.0186567164179106,-1.0,-0.26494119525438586,-0.3622050335557193,-1.0,0.0,0.0,0.0,1.0,0.0,0.0,1.0,0.0,0.0,1.0,0.0,0.0,1
-0.0708955223880597,-0.5,-0.2568106424659439,-0.48900589605275274,1.0,1.0,0.0,1.0,0.0,1.0,0.0,0.0,0.0,0.0,0.0,1.0,0.0,0
-0.6791044776119403,0.0,-0.08019803173157475,0.4408991123295302,0.0,0.0,0.0,0.0,1.0,1.0,0.0,0.0,0.0,0.0,1.0,0.0,0.0,0
0.5746268656716418,0.5,1.7539872119676538,-0.48697721929700705,1.0,0.0,0.0,1.0,0.0,1.0,0.0,0.0,0.0,0.0,1.0,0.0,0.0,0
1.0932835820895523,-1.0,-0.5745110885669095,-0.0749832968572306,1.0,0.0,0.0,1.0,0.0,1.0,0.0,0.0,0.0,0.0,1.0,0.0,0.0,0
0.5597014925373134,0.5,-0.6217278394225659,0.12365964952918998,2.0,0.0,0.0,1.0,0.0,1.0,0.0,0.0,0.0,0.0,0.0,1.0,0.0,1
-0.2798507462686567,-0.5,1.0473025779894798,-0.36269559453999184,0.0,0.0,0.0,1.0,0.0,1.0,0.0,0.0,0.0,0.0,1.0,0.0,0.0,0
-1.3320895522388059,-0.5,-0.41440347987293036,-0.12446591601799455,1.0,0.0,0.0,1.0,0.0,0.0,0.0,1.0,0.0,0.0,1.0,0.0,0.0,0
-0.22388059701492538,0.5,3.3997314190454238,-0.852420597134291,1.0,0.0,0.0,1.0,0.0,1.0,0.0,0.0,0.0,0.0,0.0,0.0,1.0,0
-1.0634328358208955,0.0,-0.21025626274461362,0.23842703187322514,0.0,0.0,0.0,1.0,0.0,0.0,1.0,0.0,0.0,0.0,1.0,0.0,0.0,0
-0.10820895522388059,1.0,2.6488392481869605,0.02588322124474387,0.0,0.0,0.0,1.0,0.0,1.0,0.0,0.0,0.0,0.0,1.0,0.0,0.0,0
0.19402985074626866,0.0,-0.20159721323900529,0.6111903829226139,0.0,0.0,1.0,0.0,0.0,1.0,0.0,0.0,0.0,0.0,1.0,0.0,0.0,0
-0.16044776119402984,-0.5,-0.2563198257130086,0.1203110578273019,1.0,0.0,0.0,0.0,1.0,0.0,1.0,0.0,0.0,0.0,1.0,0.0,0.0,1
0.06343283582089553,1.5,-0.0351651934064017,-0.07508133237185091,0.0,0.0,0.0,1.0,0.0,1.0,0.0,0.0,0.0,0.0,1.0,0.0,0.0,1
-0.332089552238806,0.5,1.1085924751994267,0.3920742239988804,0.0,1.0,0.0,1.0,0.0,1.0,0.0,0.0,0.0,0.0,0.0,1.0,0.0,1
-0.47761194029850745,1.5,0.3635468182947032,-0.788123798497656,0.0,0.0,0.0,0.0,1.0,0.0,0.0,1.0,0.0,0.0,1.0,0.0,0.0,1
-0.6716417910447762,-1.0,1.3337581380563754,-0.5336172513534633,0.0,0.0,0.0,1.0,0.0,0.0,1.0,0.0,0.0,0.0,0.0,1.0,0.0,0
-0.9253731343283582,-1.5,1.4289452037282024,-0.7528892145081248,1.0,0.0,0.0,0.0,1.0,1.0,0.0,0.0,0.0,0.0,0.0,1.0,0.0,0
-0.2798507462686567,2.0,2.359606068359637,-0.022874946826020703,2.0,0.0,0.0,1.0,0.0,0.0,1.0,0.0,0.0,0.0,0.0,1.0,0.0,1
-0.0037313432835820895,0.5,2.489250839259479,1.0418074401723287,-1.0,0.0,0.0,1.0,0.0,0.0,0.0,1.0,0.0,0.0,0.0,1.0,0.0,1
0.8432835820895522,-1.5,0.5436434263315112,-0.9215198895761921,0.0,0.0,0.0,1.0,0.0,1.0,0.0,0.0,0.0,0.0,1.0,0.0,0.0,1
0.5,1.0,0.8363966951425347,1.462210422390338,0.0,0.0,0.0,1.0,0.0,1.0,0.0,0.0,0.0,0.0,0.0,1.0,0.0,1
-1.4664179104477613,1.5,0.3638085310183382,0.8587575405879395,1.0,1.0,0.0,1.0,0.0,1.0,0.0,0.0,0.0,0.0,0.0,1.0,0.0,1
0.5335820895522388,1.0,-0.11694763150054822,0.10318849019291794,-1.0,0.0,0.0,1.0,0.0,1.0,0.0,0.0,0.0,0.0,0.0,1.0,0.0,0
-0.5559701492537313,-1.5,-0.1545652936416444,-0.87500060404233,0.0,0.0,0.0,0.0,1.0,0.0,1.0,0.0,0.0,0.0,1.0,0.0,0.0,0
0.6455223880597015,-1.0,-0.6217278394225659,0.24485338762751102,1.0,0.0,1.0,0.0,0.0,1.0,0.0,0.0,0.0,0.0,0.0,1.0,0.0,0
-0.048507462686567165,0.5,1.397538439130286,0.4604268335384256,1.0,0.0,0.0,1.0,0.0,1.0,0.0,0.0,0.0,0.0,0.0,0.0,1.0,0
-0.4664179104477612,0.0,-0.5188184249702197,0.06484058718557872,1.0,0.0,0.0,0.0,1.0,1.0,0.0,0.0,0.0,0.0,1.0,0.0,0.0,0
-0.3805970149253731,-1.0,-0.5064711280939819,0.6200154690349711,0.0,0.0,0.0,1.0,0.0,1.0,0.0,0.0,0.0,0.0,1.0,0.0,0.0,0
0.011194029850746268,-0.5,0.1117135894301946,-0.9355944971824874,0.0,0.0,0.0,1.0,0.0,0.0,0.0,1.0,0.0,0.0,0.0,0.0,1.0,0
-0.39925373134328357,-0.5,-0.573021136570672,0.6804460250683462,0.0,0.0,0.0,0.0,1.0,0.0,1.0,0.0,0.0,0.0,1.0,0.0,0.0,0
-0.40298507462686567,-0.5,3.488464304680498,0.4037168437390738,0.0,0.0,0.0,0.0,1.0,0.0,0.0,0.0,1.0,0.0,1.0,0.0,0.0,1
0.9477611940298507,0.0,-0.6199735691926643,-0.45190284656482194,1.0,0.0,0.0,1.0,0.0,0.0,0.0,0.0,0.0,1.0,1.0,0.0,0.0,1
-1.0149253731343284,0.0,-0.4436096172151854,0.5333762333485621,1.0,0.0,0.0,1.0,0.0,1.0,0.0,0.0,0.0,0.0,0.0,0.0,1.0,0
-0.25,-0.5,0.09049812520242745,0.16924791716329526,3.0,0.0,0.0,1.0,0.0,0.0,0.0,0.0,1.0,0.0,1.0,0.0,0.0,1
1.1082089552238805,1.0,1.2162822517909755,-0.5105228744186087,1.0,0.0,0.0,1.0,0.0,1.0,0.0,0.0,0.0,0.0,1.0,0.0,0.0,1
0.35074626865671643,0.0,0.03575562957365034,0.7663925843316011,0.0,0.0,0.0,0.0,1.0,0.0,1.0,0.0,0.0,0.0,0.0,1.0,0.0,0
-0.832089552238806,-1.0,0.13585978267138435,-0.034751848977021625,-1.0,0.0,0.0,0.0,1.0,0.0,1.0,0.0,0.0,0.0,0.0,1.0,0.0,0
-0.03731343283582089,-1.5,-0.40008828870251,0.604667275828324,2.0,0.0,0.0,1.0,0.0,0.0,0.0,1.0,0.0,0.0,0.0,1.0,0.0,1
0.44776119402985076,0.0,3.488464304680498,1.020352264011199,2.0,0.0,0.0,1.0,0.0,1.0,0.0,0.0,0.0,0.0,1.0,0.0,0.0,1
-1.4067164179104477,0.0,1.9232063177827667,-0.17076908292105863,1.0,0.0,0.0,1.0,0.0,1.0,0.0,0.0,0.0,0.0,0.0,1.0,0.0,0
-0.22761194029850745,0.0,1.4786914443139523,-0.712887026890699,1.0,0.0,0.0,1.0,0.0,1.0,0.0,0.0,0.0,0.0,1.0,0.0,0.0,0
1.1455223880597014,-1.5,1.2938929793933844,-0.5674520954026802,3.0,1.0,0.0,1.0,0.0,1.0,0.0,0.0,0.0,0.0,1.0,0.0,0.0,1
0.7947761194029851,2.0,0.07956231214818234,0.47964999570936956,-1.0,0.0,0.0,0.0,1.0,0.0,1.0,0.0,0.0,0.0,1.0,0.0,0.0,1
-0.07835820895522388,-1.0,0.878205852451209,0.16090686867632173,-1.0,0.0,0.0,1.0,0.0,0.0,0.0,1.0,0.0,0.0,1.0,0.0,0.0,0
-0.7611940298507462,0.0,0.7284315361127651,0.12949531725709978,1.0,0.0,0.0,0.0,1.0,0.0,1.0,0.0,0.0,0.0,0.0,1.0,0.0,1
-1.6194029850746268,0.5,-0.23915562549722527,0.10611288574850938,0.0,0.0,0.0,1.0,0.0,0.0,1.0,0.0,0.0,0.0,1.0,0.0,0.0,0
1.2649253731343284,0.5,0.6888741419560769,-0.8969926078432436,3.0,0.0,0.0,1.0,0.0,1.0,0.0,0.0,0.0,0.0,1.0,0.0,0.0,1
-0.458955223880597,0.0,0.22883530045330586,0.003094437571018984,-1.0,0.0,0.0,1.0,0.0,0.0,1.0,0.0,0.0,0.0,1.0,0.0,0.0,0
-0.291044776119403,-1.5,-0.3104891053473454,-0.5834393364714126,1.0,0.0,0.0,0.0,1.0,1.0,0.0,0.0,0.0,0.0,1.0,0.0,0.0,0
0.3358208955223881,-1.5,-0.4258414302700541,-0.6615978664924317,0.0,0.0,1.0,0.0,0.0,0.0,0.0,1.0,0.0,0.0,0.0,1.0,0.0,0
-0.16791044776119404,0.0,-0.49121743918204924,0.7133072201529208,0.0,0.0,0.0,1.0,0.0,1.0,0.0,0.0,0.0,0.0,0.0,0.0,1.0,0
1.212686567164179,-1.5,-0.5826407032840873,1.1600676589548566,0.0,0.0,0.0,1.0,0.0,0.0,0.0,1.0,0.0,0.0,0.0,0.0,1.0,1
-1.3656716417910448,-1.0,0.8386162883173833,-0.12748654631491024,0.0,1.0,0.0,0.0,1.0,1.0,0.0,0.0,0.0,0.0,0.0,1.0,0.0,1
-0.26492537313432835,-1.0,-0.5081869148940498,-0.058175815668939625,3.0,0.0,0.0,1.0,0.0,0.0,1.0,0.0,0.0,0.0,0.0,1.0,0.0,1
0.19776119402985073,0.0,-0.504720288827299,-1.0693196078992746,1.0,0.0,0.0,1.0,0.0,1.0,0.0,0.0,0.0,0.0,1.0,0.0,0.0,0
-0.23880597014925373,-1.0,1.4946462805232246,-0.8414938377188169,1.0,0.0,0.0,1.0,0.0,0.0,1.0,0.0,0.0,0.0,0.0,0.0,1.0,0
0.3917910447761194,0.5,0.2255235653642402,1.507475027997454,0.0,0.0,0.0,0.0,1.0,1.0,0.0,0.0,0.0,0.0,1.0,0.0,0.0,1
0.29850746268656714,-1.5,0.3503705457288574,-0.755382112630212,1.0,0.0,0.0,0.0,1.0,1.0,0.0,0.0,0.0,0.0,1.0,0.0,0.0,0
-0.12686567164179105,-0.5,1.8824105133225508,-0.7881167929688961,1.0,0.0,0.0,1.0,0.0,1.0,0.0,0.0,0.0,0.0,1.0,0.0,0.0,0
-0.3805970149253731,-1.5,-0.42568982397510424,0.5818528801740638,-1.0,0.0,0.0,1.0,0.0,1.0,0.0,0.0,0.0,0.0,0.0,1.0,0.0,1
-1.3955223880597014,1.0,-0.16106656562929858,0.9138962858364329,0.0,0.0,1.0,0.0,0.0,0.0,1.0,0.0,0.0,0.0,1.0,0.0,0.0,0
-1.6007462686567164,1.5,1.5827457989869578,0.3583348829698116,2.0,0.0,0.0,1.0,0.0,1.0,0.0,0.0,0.0,0.0,1.0,0.0,0.0,1
-0.8022388059701493,-1.0,-0.2705208211486075,-0.6531685962307852,0.0,1.0,0.0,1.0,0.0,0.0,1.0,0.0,0.0,0.0,1.0,0.0,0.0,0
0.8171641791044776,1.0,0.27919932282704063,0.42393086656555434,2.0,0.0,0.0,1.0,0.0,0.0,1.0,0.0,0.0,0.0,1.0,0.0,0.0,1
0.7574626865671642,-1.0,-0.2186877860656196,-0.06614777700137112,-1.0,0.0,0.0,1.0,0.0,1.0,0.0,0.0,0.0,0.0,0.0,1.0,0.0,0
-1.0186567164179106,1.5,1.0206444942773525,0.14237442223455096,0.0,0.0,0.0,1.0,0.0,0.0,0.0,1.0,0.0,0.0,0.0,1.0,0.0,1
-0.35074626865671643,0.5,0.9774055531122626,-0.4603911528406415,1.0,0.0,0.0,1.0,0.0,1.0,0.0,0.0,0.0,0.0,0.0,0.0,1.0,0
0.5447761194029851,0.0,0.46737349934210165,-0.6933751146083336,-1.0,0.0,0.0,1.0,0.0,1.0,0.0,0.0,0.0,0.0,1.0,0.0,0.0,0
0.2126865671641791,0.0,-0.42337081775467944,0.7059902239146414,0.0,0.0,0.0,1.0,0.0,1.0,0.0,0.0,0.0,0.0,1.0,0.0,0.0,0
0.48880597014925375,-0.5,-0.6217278394225659,-0.7244471621694089,1.0,0.0,0.0,1.0,0.0,1.0,0.0,0.0,0.0,0.0,0.0,1.0,0.0,0
-1.6194029850746268,0.5,-0.1008956684893666,0.06571933304338366,0.0,0.0,0.0,1.0,0.0,1.0,0.0,0.0,0.0,0.0,1.0,0.0,0.0,0
1.5559701492537314,-0.5,0.5888610804620626,0.401579285842959,1.0,0.0,0.0,1.0,0.0,1.0,0.0,0.0,0.0,0.0,0.0,1.0,0.0,0
1.2313432835820894,-0.5,0.4206959675661916,0.0888927334425614,0.0,0.0,0.0,1.0,0.0,0.0,0.0,1.0,0.0,0.0,0.0,0.0,1.0,0
-0.5149253731343284,-1.0,0.3335066203026635,1.1608713513436593,2.0,0.0,0.0,1.0,0.0,0.0,0.0,1.0,0.0,0.0,1.0,0.0,0.0,1
0.19776119402985073,-1.5,0.8495331357614817,-0.8585631156381421,1.0,0.0,0.0,0.0,1.0,1.0,0.0,0.0,0.0,0.0,1.0,0.0,0.0,0
0.055970149253731345,-1.0,0.06298749020592555,0.4774031805267607,0.0,0.0,0.0,1.0,0.0,0.0,1.0,0.0,0.0,0.0,1.0,0.0,0.0,1
0.11567164179104478,-1.5,0.8186380974731485,1.2833890824997582,0.0,0.0,0.0,1.0,0.0,1.0,0.0,0.0,0.0,0.0,1.0,0.0,0.0,1
0.014925373134328358,0.5,0.1250809622345621,0.6670685862971304,1.0,1.0,0.0,1.0,0.0,0.0,0.0,1.0,0.0,0.0,1.0,0.0,0.0,0
1.123134328358209,1.5,-0.23566358675553767,0.43939918867072,-1.0,0.0,0.0,0.0,1.0,0.0,0.0,1.0,0.0,0.0,0.0,1.0,0.0,1
-0.6604477611940298,1.5,0.04490340330914906,0.602735316114735,0.0,0.0,0.0,1.0,0.0,1.0,0.0,0.0,0.0,0.0,0.0,0.0,1.0,1
0.17164179104477612,0.5,-0.512330358146059,-0.38631224869663267,1.0,0.0,0.0,0.0,1.0,0.0,0.0,0.0,0.0,1.0,1.0,0.0,0.0,1
0.5149253731343284,-1.0,-0.23066682878481629,-0.22517060606341205,-1.0,0.0,0.0,1.0,0.0,1.0,0.0,0.0,0.0,0.0,0.0,0.0,1.0,0
-0.9738805970149254,0.5,-0.12704090208691704,0.39571241309890903,2.0,0.0,0.0,1.0,0.0,1.0,0.0,0.0,0.0,0.0,0.0,0.0,1.0,1
0.1417910447761194,0.0,-0.3361147340218871,1.159591089468593,0.0,0.0,0.0,0.0,1.0,0.0,0.0,1.0,0.0,0.0,1.0,0.0,0.0,1
0.5559701492537313,0.5,0.9122519283596581,1.1098253268222051,2.0,0.0,0.0,1.0,0.0,0.0,0.0,1.0,0.0,0.0,0.0,1.0,0.0,1
0.373134328358209,-1.5,0.842485208535156,-0.7646939011467759,2.0,0.0,0.0,1.0,0.0,0.0,1.0,0.0,0.0,0.0,1.0,0.0,0.0,1
-0.9925373134328358,0.5,1.0791787961288335,-0.30223064662678273,0.0,1.0,0.0,1.0,0.0,0.0,0.0,1.0,0.0,0.0,1.0,0.0,0.0,1
-1.0,0.0,0.5569055037582612,0.6819709412096318,-1.0,0.0,0.0,1.0,0.0,0.0,1.0,0.0,0.0,0.0,0.0,0.0,1.0,0
-0.26492537313432835,-1.0,-0.41230725271369933,-0.843392784697118,3.0,0.0,0.0,0.0,1.0,1.0,0.0,0.0,0.0,0.0,1.0,0.0,0.0,1
0.5447761194029851,-1.5,-0.3451855067464514,-0.7204530045695212,1.0,0.0,0.0,1.0,0.0,0.0,1.0,0.0,0.0,0.0,0.0,1.0,0.0,0
0.4962686567164179,0.0,-0.37445474232841053,0.09805620664795409,1.0,0.0,0.0,1.0,0.0,0.0,0.0,1.0,0.0,0.0,0.0,1.0,0.0,0
0.208955223880597,0.0,-0.24445320894730405,0.3528323547686773,1.0,0.0,0.0,1.0,0.0,0.0,0.0,1.0,0.0,0.0,0.0,1.0,0.0,0
0.2574626865671642,0.0,-0.07118569290024519,-0.9361392510755636,0.0,0.0,0.0,1.0,0.0,0.0,0.0,0.0,1.0,0.0,1.0,0.0,0.0,0
-0.5671641791044776,0.0,1.9640459260776297,-0.6618508446274457,1.0,0.0,0.0,0.0,1.0,1.0,0.0,0.0,0.0,0.0,1.0,0.0,0.0,0
0.23880597014925373,-1.5,-0.5301585908208515,-0.6729092035226029,1.0,0.0,0.0,0.0,1.0,0.0,0.0,1.0,0.0,0.0,0.0,0.0,1.0,0
-1.0,0.5,0.5759788575497217,-0.3274675953379091,1.0,1.0,0.0,1.0,0.0,0.0,1.0,0.0,0.0,0.0,0.0,1.0,0.0,1
0.2537313432835821,1.0,-0.23361014673379804,-0.33861907244809303,0.0,0.0,0.0,1.0,0.0,1.0,0.0,0.0,0.0,0.0,1.0,0.0,0.0,0
0.9291044776119403,-0.5,-0.48292021170006033,0.2565662550715333,-1.0,1.0,0.0,1.0,0.0,1.0,0.0,0.0,0.0,0.0,1.0,0.0,0.0,0
0.2873134328358209,1.0,1.6364281911229324,-0.7508308021850424,-1.0,0.0,0.0,1.0,0.0,1.0,0.0,0.0,0.0,0.0,1.0,0.0,0.0,0
-1.1156716417910448,0.0,0.7354068062497845,0.19259400912135038,1.0,0.0,0.0,1.0,0.0,0.0,0.0,1.0,0.0,0.0,0.0,0.0,1.0,0
1.0,-1.0,-0.47284020961786744,0.5362357004600874,0.0,0.0,0.0,1.0,0.0,0.0,0.0,1.0,0.0,0.0,0.0,1.0,0.0,0
-1.6194029850746268,0.5,-0.11372795222881767,0.2904450648412613,1.0,0.0,0.0,0.0,1.0,1.0,0.0,0.0,0.0,0.0,1.0,0.0,0.0,0
-0.9813432835820896,-0.5,0.06005525049725323,-0.8067596984776397,-1.0,0.0,0.0,1.0,0.0,1.0,0.0,0.0,0.0,0.0,0.0,1.0,0.0,0
-0.26865671641791045,1.0,0.2890128729455743,1.2275799543009203,0.0,0.0,0.0,1.0,0.0,0.0,0.0,0.0,0.0,1.0,1.0,0.0,0.0,1
0.5895522388059702,-1.5,0.15049858827097976,0.6907126921103701,0.0,0.0,0.0,0.0,1.0,0.0,0.0,1.0,0.0,0.0,0.0,1.0,0.0,0
0.27238805970149255,0.0,1.4243148522415132,-0.1263380240748617,1.0,0.0,0.0,1.0,0.0,0.0,1.0,0.0,0.0,0.0,0.0,0.0,1.0,0
1.294776119402985,0.5,1.8624879753759558,0.34068042215257743,-1.0,0.0,0.0,1.0,0.0,1.0,0.0,0.0,0.0,0.0,1.0,0.0,0.0,0
-1.3955223880597014,-1.0,0.1978403040632272,0.633092807490989,-1.0,0.0,0.0,0.0,1.0,0.0,1.0,0.0,0.0,0.0,1.0,0.0,0.0,0
1.3171641791044777,0.0,-0.24112744295463026,-1.0166953251770878,-1.0,0.0,0.0,1.0,0.0,0.0,0.0,1.0,0.0,0.0,1.0,0.0,0.0,0
0.1828358208955224,-1.5,-0.09158647641185433,0.06696786456121823,1.0,0.0,0.0,1.0,0.0,1.0,0.0,0.0,0.0,0.0,0.0,1.0,0.0,0
-1.5149253731343284,-1.5,-0.3390482276162845,-0.08801419731297759,3.0,0.0,0.0,1.0,0.0,1.0,0.0,0.0,0.0,0.0,1.0,0.0,0.0,1
-0.07462686567164178,0.5,0.9477716183520806,0.8854461487324897,1.0,0.0,0.0,0.0,1.0,0.0,0.0,1.0,0.0,0.0,0.0,1.0,0.0,0
0.8059701492537313,-1.0,-0.051403206372654844,-0.3612347124731004,1.0,0.0,0.0,1.0,0.0,1.0,0.0,0.0,0.0,0.0,0.0,1.0,0.0,0
0.832089552238806,-0.5,0.4933904397642363,-0.6218157922483329,-1.0,0.0,0.0,0.0,1.0,0.0,1.0,0.0,0.0,0.0,0.0,1.0,0.0,0
-0.7201492537313433,2.5,0.691128038159348,-0.03722931596705629,0.0,1.0,0.0,1.0,0.0,1.0,0.0,0.0,0.0,0.0,1.0,0.0,0.0,1
0.6567164179104478,-1.5,-0.33030589054289966,0.004706087081403047,-1.0,0.0,0.0,1.0,0.0,1.0,0.0,0.0,0.0,0.0,1.0,0.0,0.0,0
0.503731343283582,2.0,0.34037108485174333,-1.0693196078992746,1.0,0.0,0.0,0.0,1.0,1.0,0.0,0.0,0.0,0.0,0.0,1.0,0.0,1
0.2462686567164179,0.5,0.07828743097775338,1.4612658719276552,2.0,0.0,0.0,1.0,0.0,1.0,0.0,0.0,0.0,0.0,1.0,0.0,0.0,1
-0.20149253731343283,0.0,-0.5595650215736243,-0.23162596359217374,0.0,1.0,0.0,1.0,0.0,1.0,0.0,0.0,0.0,0.0,1.0,0.0,0.0,1
0.2537313432835821,0.0,0.346953614430303,0.2297232285298541,-1.0,0.0,0.0,0.0,1.0,1.0,0.0,0.0,0.0,0.0,0.0,1.0,0.0,0
-1.5671641791044777,-1.0,-0.408586967472282,-0.931212842424617,0.0,0.0,0.0,1.0,0.0,0.0,0.0,1.0,0.0,0.0,0.0,1.0,0.0,0
-0.3358208955223881,0.5,-0.4271581529781078,0.7252827712763291,0.0,0.0,0.0,1.0,0.0,1.0,0.0,0.0,0.0,0.0,1.0,0.0,0.0,0
-1.4850746268656716,0.5,-0.25286815902325915,0.9453273796890332,0.0,0.0,0.0,0.0,1.0,1.0,0.0,0.0,0.0,0.0,0.0,1.0,0.0,1
-1.3582089552238805,1.0,-0.1266392935328772,0.18651262283457026,0.0,0.0,0.0,0.0,1.0,1.0,0.0,0.0,0.0,0.0,1.0,0.0,0.0,1
-0.5298507462686567,-1.5,-0.19585862533474047,1.0961021303768892,2.0,0.0,0.0,0.0,1.0,0.0,0.0,1.0,0.0,0.0,0.0,1.0,0.0,1
-0.15298507462686567,0.0,-0.2753042453369748,-0.19336590700850717,0.0,0.0,0.0,0.0,1.0,1.0,0.0,0.0,0.0,0.0,0.0,0.0,1.0,0
0.43283582089552236,1.0,-0.28163368868734306,0.40901784111615674,1.0,0.0,0.0,0.0,1.0,1.0,0.0,0.0,0.0,0.0,1.0,0.0,0.0,1
0.06716417910447761,-0.5,0.01819265835827981,0.6477676160672055,0.0,0.0,0.0,0.0,1.0,1.0,0.0,0.0,0.0,0.0,1.0,0.0,0.0,0
0.3880597014925373,0.0,1.3564037061523293,0.1211040701855666,1.0,0.0,0.0,1.0,0.0,1.0,0.0,0.0,0.0,0.0,1.0,0.0,0.0,0
-0.13805970149253732,0.5,-0.5118557657640473,0.12513641684407648,0.0,0.0,0.0,1.0,0.0,1.0,0.0,0.0,0.0,0.0,0.0,0.0,1.0,1
-0.40671641791044777,0.0,-0.21045494805518283,-0.36656681508857253,2.0,0.0,0.0,1.0,0.0,1.0,0.0,0.0,0.0,0.0,0.0,1.0,0.0,1
-0.9738805970149254,0.0,-0.36769001111830385,0.5180106089313589,1.0,0.0,0.0,1.0,0.0,1.0,0.0,0.0,0.0,0.0,1.0,0.0,0.0,0
-0.7947761194029851,1.5,-0.3897264042461781,-0.8871158085169559,2.0,0.0,0.0,1.0,0.0,1.0,0.0,0.0,0.0,0.0,1.0,0.0,0.0,1
-0.664179104477612,-0.5,0.48680416347508443,-0.8761301582438624,-1.0,0.0,0.0,1.0,0.0,1.0,0.0,0.0,0.0,0.0,0.0,1.0,0.0,0
0.09701492537313433,-1.0,0.8046389947041149,0.14436241271494366,0.0,1.0,0.0,1.0,0.0,1.0,0.0,0.0,0.0,0.0,1.0,0.0,0.0,0
-0.26119402985074625,0.5,0.05361883241788977,-0.5302418177086247,-1.0,0.0,0.0,0.0,1.0,0.0,0.0,0.0,1.0,0.0,1.0,0.0,0.0,0
-0.6865671641791045,0.5,-0.10787204617544593,0.04257468880397522,1.0,0.0,0.0,1.0,0.0,0.0,0.0,1.0,0.0,0.0,1.0,0.0,0.0,0
0.34701492537313433,0.0,-0.6094508932784584,-0.9196124310071663,1.0,0.0,0.0,1.0,0.0,0.0,1.0,0.0,0.0,0.0,0.0,1.0,0.0,0
-0.27238805970149255,-1.5,-0.263420685286038,0.4110865001831391,1.0,0.0,0.0,1.0,0.0,0.0,1.0,0.0,0.0,0.0,1.0,0.0,0.0,0
-0.35074626865671643,2.5,1.2262037181663799,-0.29857384367520534,1.0,0.0,0.0,1.0,0.0,1.0,0.0,0.0,0.0,0.0,0.0,1.0,0.0,1
0.996268656716418,-1.0,-0.33143679926549435,0.809234469004971,0.0,0.0,0.0,1.0,0.0,1.0,0.0,0.0,0.0,0.0,0.0,1.0,0.0,0
-1.1679104477611941,-0.5,1.3763135822799781,0.12569736122390668,1.0,0.0,0.0,1.0,0.0,0.0,0.0,1.0,0.0,0.0,0.0,1.0,0.0,0
0.31716417910447764,0.0,0.2567358113786044,-0.6222747045751517,0.0,0.0,0.0,1.0,0.0,1.0,0.0,0.0,0.0,0.0,1.0,0.0,0.0,0
-1.3320895522388059,1.0,1.924115023016468,-0.09532585178136938,1.0,0.0,0.0,1.0,0.0,0.0,1.0,0.0,0.0,0.0,1.0,0.0,0.0,0
0.19776119402985073,-1.0,0.9591921436294802,-0.20568701438732853,-1.0,0.0,0.0,1.0,0.0,1.0,0.0,0.0,0.0,0.0,1.0,0.0,0.0,1
0.8171641791044776,0.0,0.45244610398630697,-0.4834637847575824,0.0,0.0,0.0,1.0,0.0,1.0,0.0,0.0,0.0,0.0,0.0,1.0,0.0,0
-0.20522388059701493,0.0,-0.5246976466759172,-0.16875647337029812,0.0,0.0,0.0,1.0,0.0,0.0,1.0,0.0,0.0,0.0,0.0,0.0,1.0,0
-0.10820895522388059,-1.5,2.2149084771399172,0.6906533697043062,-1.0,0.0,0.0,1.0,0.0,1.0,0.0,0.0,0.0,0.0,0.0,0.0,1.0,0
0.0,1.0,3.1215550091060678,0.885908028446787,3.0,0.0,0.0,1.0,0.0,0.0,0.0,0.0,1.0,0.0,1.0,0.0,0.0,1
0.3619402985074627,1.5,-0.04372474066343511,-0.43298770917470425,1.0,0.0,0.0,1.0,0.0,1.0,0.0,0.0,0.0,0.0,0.0,0.0,1.0,1
-1.6194029850746268,-1.0,0.35949024990258377,0.4690754040785977,0.0,0.0,0.0,1.0,0.0,0.0,1.0,0.0,0.0,0.0,1.0,0.0,0.0,0
0.5671641791044776,-1.5,0.3152737095785513,0.46754988448675244,-1.0,0.0,0.0,1.0,0.0,1.0,0.0,0.0,0.0,0.0,1.0,0.0,0.0,0
-0.33955223880597013,-0.5,0.37480013888305913,0.11226115566601431,-1.0,0.0,0.0,0.0,1.0,1.0,0.0,0.0,0.0,0.0,0.0,0.0,1.0,0
0.585820895522388,-0.5,-0.31613731670352135,0.8090526454989451,2.0,0.0,0.0,1.0,0.0,1.0,0.0,0.0,0.0,0.0,1.0,0.0,0.0,1
-0.11567164179104478,-1.5,2.235629177298323,-0.395753023893567,1.0,0.0,1.0,0.0,0.0,1.0,0.0,0.0,0.0,0.0,1.0,0.0,0.0,0
-0.26865671641791045,-1.0,1.7379173778079533,-0.30595275069798245,1.0,0.0,0.0,1.0,0.0,1.0,0.0,0.0,0.0,0.0,0.0,0.0,1.0,0
-0.8507462686567164,-1.5,-0.4072478777231847,0.5929593279610985,0.0,0.0,0.0,0.0,1.0,0.0,0.0,0.0,1.0,0.0,0.0,1.0,0.0,1
0.3805970149253731,1.0,0.6021373000094241,0.05372197308580785,0.0,1.0,0.0,1.0,0.0,1.0,0.0,0.0,0.0,0.0,0.0,0.0,1.0,0
-1.0149253731343284,0.0,-0.25540267161408553,0.34174057883435527,-1.0,0.0,0.0,1.0,0.0,1.0,0.0,0.0,0.0,0.0,1.0,0.0,0.0,0
-0.022388059701492536,0.0,0.36442037285316403,-0.13209374993192577,-1.0,0.0,0.0,0.0,1.0,1.0,0.0,0.0,0.0,0.0,1.0,0.0,0.0,0
-0.22388059701492538,0.0,0.10591939965129979,-1.0352005665528283,0.0,0.0,0.0,1.0,0.0,0.0,1.0,0.0,0.0,0.0,0.0,0.0,1.0,1
-1.578358208955224,-1.5,-0.11592745821684619,-0.8445738337056022,0.0,0.0,0.0,1.0,0.0,1.0,0.0,0.0,0.0,0.0,0.0,1.0,0.0,0
-1.335820895522388,-0.5,0.4222791805054073,-0.0562288734443529,0.0,0.0,0.0,1.0,0.0,0.0,0.0,1.0,0.0,0.0,0.0,0.0,1.0,0
-0.8171641791044776,0.0,-0.39098963262820735,-0.818889341622733,0.0,0.0,0.0,1.0,0.0,1.0,0.0,0.0,0.0,0.0,0.0,1.0,0.0,0
-1.242537313432836,-1.5,1.3948250064366663,1.0014191625223747,0.0,0.0,0.0,0.0,1.0,0.0,0.0,0.0,1.0,0.0,1.0,0.0,0.0,0
-0.9440298507462687,-1.5,1.38922586270171,-0.7319408361220313,1.0,0.0,0.0,1.0,0.0,1.0,0.0,0.0,0.0,0.0,0.0,1.0,0.0,0
1.1902985074626866,0.0,-0.44592508331979736,-0.2019918024292829,0.0,0.0,0.0,0.0,1.0,0.0,0.0,1.0,0.0,0.0,0.0,0.0,1.0,0
-0.6082089552238806,0.5,-0.6182977727731331,0.05544344299254888,1.0,1.0,0.0,0.0,1.0,1.0,0.0,0.0,0.0,0.0,1.0,0.0,0.0,0
-0.03731343283582089,-0.5,-0.09197525816827387,0.024271453727599143,0.0,0.0,0.0,1.0,0.0,1.0,0.0,0.0,0.0,0.0,0.0,1.0,0.0,0
-0.2835820895522388,2.0,1.3594271467011898,0.018349965565634636,0.0,0.0,0.0,0.0,1.0,0.0,0.0,0.0,0.0,1.0,0.0,1.0,0.0,1
0.34328358208955223,-1.5,-0.4314028189536705,0.7494098831410281,0.0,0.0,0.0,1.0,0.0,1.0,0.0,0.0,0.0,0.0,0.0,0.0,1.0,1
0.055970149253731345,-1.0,0.2595785952006962,0.9413021610545902,2.0,1.0,0.0,1.0,0.0,1.0,0.0,0.0,0.0,0.0,1.0,0.0,0.0,1
0.19402985074626866,0.0,0.6460595995926377,1.0339976715175327,-1.0,0.0,0.0,1.0,0.0,0.0,0.0,1.0,0.0,0.0,1.0,0.0,0.0,0
0.2462686567164179,1.0,-0.23961118864430545,0.3557190100066954,2.0,0.0,0.0,0.0,1.0,1.0,0.0,0.0,0.0,0.0,1.0,0.0,0.0,1
-0.7313432835820896,-1.0,-0.10004399278188257,-0.32824190439235,1.0,0.0,1.0,0.0,0.0,0.0,1.0,0.0,0.0,0.0,0.0,1.0,0.0,0
-0.48134328358208955,1.5,0.8890534117372506,-0.2507964982549115,0.0,0.0,0.0,0.0,1.0,1.0,0.0,0.0,0.0,0.0,1.0,0.0,0.0,1
-0.746268656716418,1.5,0.35222202531248786,-0.31269114083537697,0.0,0.0,0.0,1.0,0.0,1.0,0.0,0.0,0.0,0.0,0.0,0.0,1.0,1
0.9589552238805971,2.0,-0.36828928802630745,-0.2914184879720634,0.0,1.0,0.0,1.0,0.0,1.0,0.0,0.0,0.0,0.0,1.0,0.0,0.0,1
0.6828358208955224,0.0,0.2246449903404638,-0.179436973131274,-1.0,0.0,0.0,1.0,0.0,0.0,1.0,0.0,0.0,0.0,1.0,0.0,0.0,0
1.1529850746268657,0.5,3.4836532321691744,-0.6051292372464682,-1.0,0.0,0.0,1.0,0.0,0.0,0.0,1.0,0.0,0.0,0.0,1.0,0.0,0
1.1156716417910448,-0.5,0.6959837000155998,0.531454423481274,0.0,0.0,0.0,0.0,1.0,0.0,0.0,1.0,0.0,0.0,0.0,0.0,1.0,0
-0.208955223880597,2.0,2.16737401223083,0.712526909354032,0.0,0.0,1.0,0.0,0.0,0.0,1.0,0.0,0.0,0.0,0.0,1.0,0.0,1
0.15298507462686567,0.0,1.3411555936283486,-0.33976657383872066,-1.0,0.0,0.0,1.0,0.0,0.0,0.0,0.0,1.0,0.0,0.0,0.0,1.0,0
0.7910447761194029,0.5,-0.3436270276111074,0.5509950992635767,-1.0,1.0,0.0,1.0,0.0,0.0,0.0,0.0,1.0,0.0,0.0,0.0,1.0,0
0.22014925373134328,1.5,0.1882691055629754,-0.609210235712517,-1.0,0.0,0.0,1.0,0.0,0.0,1.0,0.0,0.0,0.0,1.0,0.0,0.0,1
-0.4701492537313433,0.5,-0.4552925779274161,0.6455853862358456,1.0,0.0,0.0,0.0,1.0,0.0,1.0,0.0,0.0,0.0,0.0,1.0,0.0,1
0.9216417910447762,1.0,1.8579514339910435,-0.6590379413168015,0.0,1.0,0.0,0.0,1.0,0.0,0.0,1.0,0.0,0.0,0.0,0.0,1.0,1
-0.09328358208955224,-0.5,3.488464304680498,-0.2671805473344386,0.0,0.0,0.0,1.0,0.0,1.0,0.0,0.0,0.0,0.0,0.0,1.0,0.0,0
-0.373134328358209,-1.0,1.4528261628124546,-1.0693196078992746,1.0,1.0,0.0,1.0,0.0,0.0,0.0,1.0,0.0,0.0,0.0,1.0,0.0,0
-0.16044776119402984,1.0,-0.2391419737706746,1.127994027111249,3.0,1.0,0.0,0.0,1.0,1.0,0.0,0.0,0.0,0.0,1.0,0.0,0.0,1
0.17164179104477612,-0.5,-0.6206832639948929,0.24852742551897455,1.0,0.0,0.0,0.0,1.0,0.0,0.0,1.0,0.0,0.0,0.0,1.0,0.0,1
-0.5671641791044776,-1.0,-0.5081115268186931,-0.10082765651932425,1.0,0.0,0.0,1.0,0.0,0.0,0.0,1.0,0.0,0.0,0.0,0.0,1.0,0
0.6082089552238806,-1.5,1.4110568779746562,0.3249864890532512,-1.0,1.0,0.0,0.0,1.0,1.0,0.0,0.0,0.0,0.0,0.0,0.0,1.0,0
0.5932835820895522,1.0,-0.4778549702827603,-0.45385835584614487,2.0,0.0,0.0,1.0,0.0,0.0,1.0,0.0,0.0,0.0,1.0,0.0,0.0,1
0.041044776119402986,0.0,-0.5219043684671688,-0.09444527220382685,0.0,0.0,1.0,0.0,0.0,1.0,0.0,0.0,0.0,0.0,1.0,0.0,0.0,0
-0.30597014925373134,0.0,1.9113586458245249,-0.2758289083306872,0.0,0.0,0.0,1.0,0.0,1.0,0.0,0.0,0.0,0.0,1.0,0.0,0.0,0
-0.4962686567164179,-0.5,0.25692396096970826,-0.26157679804466755,0.0,0.0,0.0,1.0,0.0,1.0,0.0,0.0,0.0,0.0,1.0,0.0,0.0,0
0.19776119402985073,0.5,0.9077308374876975,-0.37552410225535615,-1.0,0.0,0.0,1.0,0.0,0.0,0.0,1.0,0.0,0.0,0.0,1.0,0.0,0
-0.4962686567164179,0.0,-0.24132968046860795,-0.20707629836579824,0.0,1.0,0.0,1.0,0.0,1.0,0.0,0.0,0.0,0.0,0.0,1.0,0.0,0
0.14925373134328357,-0.5,-0.26982767880204567,0.679615085574552,-1.0,0.0,0.0,0.0,1.0,0.0,1.0,0.0,0.0,0.0,1.0,0.0,0.0,0
1.1119402985074627,-0.5,0.11512867825120887,1.2806472170043908,0.0,0.0,0.0,0.0,1.0,1.0,0.0,0.0,0.0,0.0,1.0,0.0,0.0,1
0.23507462686567165,-1.5,0.5973133973753555,-0.9664242816099844,1.0,0.0,0.0,1.0,0.0,0.0,0.0,0.0,1.0,0.0,0.0,0.0,1.0,0
1.037313432835821,-0.5,0.8772188200722201,-0.967262409499927,-1.0,0.0,0.0,1.0,0.0,1.0,0.0,0.0,0.0,0.0,1.0,0.0,0.0,0
0.029850746268656716,-1.0,1.1960633378217755,1.7206757969526445,0.0,0.0,0.0,0.0,1.0,0.0,1.0,0.0,0.0,0.0,1.0,0.0,0.0,1
0.1791044776119403,-1.0,-0.10848246605176863,0.31473281387026797,1.0,0.0,0.0,1.0,0.0,0.0,0.0,1.0,0.0,0.0,1.0,0.0,0.0,0
0.6343283582089553,0.0,-0.10387763268061108,-0.42207019663911405,0.0,0.0,0.0,1.0,0.0,1.0,0.0,0.0,0.0,0.0,1.0,0.0,0.0,1
0.373134328358209,-1.0,0.3512622729172367,-0.19650975067187412,0.0,0.0,0.0,1.0,0.0,0.0,1.0,0.0,0.0,0.0,0.0,1.0,0.0,0
1.126865671641791,1.0,-0.08441395589248973,0.8245350905385984,1.0,0.0,0.0,0.0,1.0,1.0,0.0,0.0,0.0,0.0,0.0,1.0,0.0,0
1.5149253731343284,0.0,-0.3459311774021581,0.0040069937960747004,0.0,0.0,1.0,0.0,0.0,1.0,0.0,0.0,0.0,0.0,1.0,0.0,0.0,0
-0.13432835820895522,-1.5,-0.5883230186420884,-0.6411827471509799,0.0,1.0,0.0,1.0,0.0,0.0,0.0,1.0,0.0,0.0,0.0,0.0,1.0,0
-0.45149253731343286,1.0,1.6405272891346188,-0.028549992670648817,2.0,0.0,0.0,0.0,1.0,0.0,0.0,1.0,0.0,0.0,1.0,0.0,0.0,1
0.19402985074626866,0.0,-0.495196059233525,-0.9325001021493444,0.0,0.0,0.0,1.0,0.0,1.0,0.0,0.0,0.0,0.0,1.0,0.0,0.0,0
-1.6194029850746268,0.5,0.03867714873692542,-0.4408254460044113,-1.0,0.0,0.0,1.0,0.0,0.0,1.0,0.0,0.0,0.0,1.0,0.0,0.0,0
1.3097014925373134,-1.5,-0.05224922352447713,-0.34769964742883713,-1.0,0.0,0.0,1.0,0.0,0.0,1.0,0.0,0.0,0.0,0.0,0.0,1.0,0
0.3805970149253731,-1.0,-0.5494586384069285,0.9520278726070814,2.0,0.0,0.0,1.0,0.0,1.0,0.0,0.0,0.0,0.0,1.0,0.0,0.0,1
-1.6007462686567164,-1.0,-0.5432608003338344,0.2622646850856531,1.0,0.0,0.0,1.0,0.0,0.0,1.0,0.0,0.0,0.0,0.0,0.0,1.0,1
-1.2313432835820894,0.0,0.9443845829829226,0.007812602282508782,1.0,0.0,0.0,1.0,0.0,1.0,0.0,0.0,0.0,0.0,0.0,0.0,1.0,0
0.17164179104477612,0.0,0.7760703749451022,-0.045611450619065366,-1.0,0.0,0.0,0.0,1.0,0.0,0.0,0.0,0.0,1.0,0.0,0.0,1.0,1
1.1007462686567164,-1.0,-0.2792104982349519,-0.32493308427947465,1.0,0.0,0.0,1.0,0.0,0.0,0.0,1.0,0.0,0.0,1.0,0.0,0.0,0
-0.5970149253731343,-0.5,-0.4603578605321771,1.1071824567807755,0.0,0.0,0.0,1.0,0.0,0.0,1.0,0.0,0.0,0.0,1.0,0.0,0.0,1
0.23507462686567165,1.0,-0.5720661205529477,-0.86663406083039,2.0,0.0,0.0,1.0,0.0,0.0,1.0,0.0,0.0,0.0,1.0,0.0,0.0,1
1.294776119402985,-1.5,-0.4817561487232174,0.163517038107293,0.0,0.0,0.0,1.0,0.0,1.0,0.0,0.0,0.0,0.0,0.0,1.0,0.0,1
0.8470149253731343,0.0,0.9940928034750268,-0.7572559874717779,0.0,0.0,1.0,0.0,0.0,0.0,1.0,0.0,0.0,0.0,0.0,1.0,0.0,0
-0.582089552238806,-0.5,-0.07195410321594577,-0.23366504072765568,-1.0,0.0,0.0,1.0,0.0,0.0,1.0,0.0,0.0,0.0,1.0,0.0,0.0,0
-1.3320895522388059,-0.5,-0.5801688846077155,-0.8174325790545752,3.0,0.0,1.0,0.0,0.0,1.0,0.0,0.0,0.0,0.0,0.0,1.0,0.0,1
-0.7686567164179104,1.0,0.44833220488889214,-0.10459709155623582,0.0,0.0,0.0,0.0,1.0,0.0,0.0,0.0,1.0,0.0,1.0,0.0,0.0,1
-0.4701492537313433,-1.5,1.2714006171888959,-0.34943851519975827,2.0,0.0,0.0,0.0,1.0,0.0,0.0,0.0,1.0,0.0,0.0,1.0,0.0,1
0.5597014925373134,0.0,0.019648603472754045,-0.8845628020124181,0.0,1.0,0.0,1.0,0.0,0.0,0.0,1.0,0.0,0.0,1.0,0.0,0.0,0
0.40671641791044777,0.5,-0.11655376702652216,0.5975997720813507,-1.0,0.0,0.0,1.0,0.0,0.0,0.0,1.0,0.0,0.0,1.0,0.0,0.0,0
0.11194029850746269,0.5,0.6612405175720292,0.7634754606159727,1.0,0.0,0.0,1.0,0.0,1.0,0.0,0.0,0.0,0.0,0.0,1.0,0.0,0
-0.5559701492537313,1.5,1.6556883927001866,0.05226839644658382,-1.0,0.0,0.0,0.0,1.0,1.0,0.0,0.0,0.0,0.0,1.0,0.0,0.0,1
0.9925373134328358,-0.5,-0.43594574153333476,1.4728021485823488,1.0,0.0,0.0,1.0,0.0,0.0,0.0,1.0,0.0,0.0,1.0,0.0,0.0,1
-0.08582089552238806,0.5,0.2540282151424702,-0.43502176172656265,1.0,0.0,0.0,0.0,1.0,1.0,0.0,0.0,0.0,0.0,1.0,0.0,0.0,0
1.4365671641791045,0.0,3.1127504854925743,1.7206757969526445,-1.0,0.0,0.0,1.0,0.0,0.0,1.0,0.0,0.0,0.0,0.0,1.0,0.0,1
-1.578358208955224,-0.5,-0.3377305533472342,1.2209838730599265,-1.0,1.0,0.0,1.0,0.0,1.0,0.0,0.0,0.0,0.0,0.0,1.0,0.0,1
0.22761194029850745,2.0,1.899753205868492,-0.5186798275837796,0.0,0.0,0.0,1.0,0.0,0.0,1.0,0.0,0.0,0.0,1.0,0.0,0.0,1
0.5335820895522388,0.0,1.8023286861660253,-0.7462435629044337,1.0,1.0,0.0,1.0,0.0,1.0,0.0,0.0,0.0,0.0,0.0,1.0,0.0,0
1.5559701492537314,2.0,2.9851153040361003,-0.30666017454460603,-1.0,0.0,0.0,0.0,1.0,0.0,0.0,0.0,1.0,0.0,1.0,0.0,0.0,1
-0.39925373134328357,0.5,-0.5238318747976124,0.8385457381170223,1.0,0.0,0.0,1.0,0.0,0.0,0.0,1.0,0.0,0.0,1.0,0.0,0.0,0
0.5970149253731343,2.0,-0.07867345558262535,0.26860922249096375,3.0,0.0,0.0,0.0,1.0,0.0,0.0,1.0,0.0,0.0,1.0,0.0,0.0,1
-0.44402985074626866,1.0,-0.5408744638186936,-0.005603345637536324,1.0,0.0,0.0,1.0,0.0,1.0,0.0,0.0,0.0,0.0,0.0,0.0,1.0,0
1.7014925373134329,0.5,2.01300497246558,-0.128558801106874,2.0,0.0,0.0,0.0,1.0,1.0,0.0,0.0,0.0,0.0,0.0,1.0,0.0,1
0.4253731343283582,2.0,1.1353934247740305,-0.719178872986012,0.0,0.0,0.0,1.0,0.0,0.0,0.0,1.0,0.0,0.0,0.0,1.0,0.0,1
0.23507462686567165,0.0,-0.5564493537882806,-0.4363503190359815,0.0,0.0,0.0,0.0,1.0,0.0,1.0,0.0,0.0,0.0,1.0,0.0,0.0,0
-0.1865671641791045,-0.5,0.30355232602118165,-0.34002092892325353,1.0,0.0,0.0,1.0,0.0,0.0,0.0,0.0,0.0,1.0,1.0,0.0,0.0,1
0.11194029850746269,0.5,0.6456488181914839,0.2874851280813157,0.0,0.0,0.0,1.0,0.0,1.0,0.0,0.0,0.0,0.0,1.0,0.0,0.0,1
1.294776119402985,0.5,-0.2539814359734794,1.0713999978129787,1.0,1.0,0.0,1.0,0.0,0.0,1.0,0.0,0.0,0.0,0.0,0.0,1.0,0
-1.078358208955224,0.0,0.5040924219816966,-0.9240947920426493,0.0,0.0,0.0,0.0,1.0,1.0,0.0,0.0,0.0,0.0,1.0,0.0,0.0,0
-0.5597014925373134,-0.5,0.22997278134867016,-0.34260082505277806,2.0,0.0,0.0,1.0,0.0,1.0,0.0,0.0,0.0,0.0,0.0,0.0,1.0,1
0.12686567164179105,0.5,0.5119116267660292,-0.12457931433409174,1.0,0.0,0.0,1.0,0.0,1.0,0.0,0.0,0.0,0.0,0.0,0.0,1.0,0
-0.6492537313432836,-1.0,0.5045775773879873,0.34464241784308536,1.0,1.0,0.0,1.0,0.0,1.0,0.0,0.0,0.0,0.0,1.0,0.0,0.0,0
-0.15671641791044777,-0.5,-0.4846053406160913,1.0121676205010666,0.0,0.0,0.0,1.0,0.0,0.0,1.0,0.0,0.0,0.0,0.0,1.0,0.0,0
-1.0746268656716418,-1.5,-0.42928295560910223,-0.04694051616321259,-1.0,0.0,0.0,0.0,1.0,1.0,0.0,0.0,0.0,0.0,1.0,0.0,0.0,0
1.0895522388059702,0.0,-0.6217278394225659,-0.44499530304449336,1.0,0.0,0.0,0.0,1.0,0.0,0.0,1.0,0.0,0.0,0.0,1.0,0.0,1
0.2947761194029851,0.5,1.0631453613807786,1.4670467359340864,1.0,0.0,0.0,1.0,0.0,1.0,0.0,0.0,0.0,0.0,0.0,1.0,0.0,1
0.6492537313432836,-1.0,0.45745246549940927,0.34202864563908697,2.0,0.0,0.0,1.0,0.0,1.0,0.0,0.0,0.0,0.0,1.0,0.0,0.0,1
-0.6231343283582089,0.5,0.12103572386382719,-0.690124606365596,-1.0,0.0,0.0,1.0,0.0,0.0,0.0,1.0,0.0,0.0,1.0,0.0,0.0,0
0.13805970149253732,0.5,-0.15200311838766672,1.1892476567837247,0.0,0.0,0.0,1.0,0.0,0.0,1.0,0.0,0.0,0.0,1.0,0.0,0.0,1
0.6119402985074627,-1.0,0.7617392321517458,-0.7373586996961632,-1.0,1.0,0.0,0.0,1.0,1.0,0.0,0.0,0.0,0.0,0.0,0.0,1.0,0
0.19776119402985073,-0.5,0.7867231489050301,0.19589141035411642,0.0,0.0,0.0,0.0,1.0,1.0,0.0,0.0,0.0,0.0,0.0,0.0,1.0,0
0.7350746268656716,-1.0,0.6823254916558257,0.909979333244823,0.0,0.0,0.0,1.0,0.0,0.0,0.0,0.0,1.0,0.0,1.0,0.0,0.0,0
-0.22388059701492538,1.5,-0.2712050534912446,0.3725403067029864,0.0,0.0,0.0,1.0,0.0,1.0,0.0,0.0,0.0,0.0,1.0,0.0,0.0,1
-0.16044776119402984,0.5,0.28421746719666274,-0.6792371346616336,1.0,0.0,0.0,1.0,0.0,1.0,0.0,0.0,0.0,0.0,0.0,1.0,0.0,1
-1.4776119402985075,-0.5,1.6788209076269278,-0.4029801016669317,1.0,0.0,0.0,1.0,0.0,0.0,1.0,0.0,0.0,0.0,0.0,0.0,1.0,0
1.6082089552238805,-1.0,-0.4424443215618739,-0.4519454239337447,2.0,0.0,0.0,1.0,0.0,0.0,1.0,0.0,0.0,0.0,0.0,1.0,0.0,1
0.8619402985074627,1.0,1.3974693155031814,-0.4185046825743479,1.0,0.0,1.0,0.0,0.0,0.0,0.0,0.0,0.0,1.0,1.0,0.0,0.0,1
-0.4626865671641791,0.0,-0.3436861022760785,0.8885521726597746,0.0,0.0,0.0,1.0,0.0,1.0,0.0,0.0,0.0,0.0,0.0,1.0,0.0,0
-0.1417910447761194,2.0,-0.4201798467318992,-0.8349475108493989,3.0,0.0,0.0,0.0,1.0,0.0,0.0,0.0,0.0,1.0,0.0,1.0,0.0,1
-1.2798507462686568,-0.5,-0.5413600035506078,0.14330576568764292,2.0,0.0,0.0,1.0,0.0,1.0,0.0,0.0,0.0,0.0,0.0,0.0,1.0,1
-0.3805970149253731,0.0,-0.14453757851848104,0.2824170453874929,0.0,1.0,0.0,0.0,1.0,0.0,1.0,0.0,0.0,0.0,0.0,0.0,1.0,0
0.40298507462686567,0.0,-0.4343886088129238,0.5433189152654099,0.0,0.0,0.0,0.0,1.0,1.0,0.0,0.0,0.0,0.0,1.0,0.0,0.0,0
-0.12686567164179105,1.0,0.6582635298082032,0.9927432778632692,0.0,0.0,1.0,0.0,0.0,0.0,0.0,1.0,0.0,0.0,0.0,0.0,1.0,0
1.3134328358208955,1.0,0.332258506327546,-0.07827407218364354,1.0,0.0,1.0,0.0,0.0,1.0,0.0,0.0,0.0,0.0,0.0,0.0,1.0,0
-0.4253731343283582,1.0,0.6575515853214016,0.036402955528066286,-1.0,0.0,0.0,1.0,0.0,0.0,0.0,1.0,0.0,0.0,0.0,1.0,0.0,0
1.462686567164179,0.0,-0.585406882816659,0.14918018020259582,0.0,0.0,0.0,1.0,0.0,1.0,0.0,0.0,0.0,0.0,0.0,1.0,0.0,0
-0.75,2.0,-0.3639454937314185,-0.1371020956780211,-1.0,0.0,0.0,1.0,0.0,1.0,0.0,0.0,0.0,0.0,0.0,1.0,0.0,1
0.2126865671641791,-0.5,-0.45147329347447096,-0.20139593351896964,0.0,1.0,0.0,1.0,0.0,1.0,0.0,0.0,0.0,0.0,1.0,0.0,0.0,0
0.5932835820895522,0.0,-0.08116797691175022,-0.9561954608338148,-1.0,1.0,0.0,1.0,0.0,1.0,0.0,0.0,0.0,0.0,0.0,1.0,0.0,0
-0.4552238805970149,-0.5,-0.269079700758327,-0.5732923075863038,2.0,0.0,0.0,1.0,0.0,1.0,0.0,0.0,0.0,0.0,0.0,0.0,1.0,1
-0.6492537313432836,1.0,-0.5853640895515049,0.3468617897799326,0.0,0.0,1.0,0.0,0.0,1.0,0.0,0.0,0.0,0.0,0.0,0.0,1.0,0
-0.5111940298507462,0.5,-0.09609960701094006,0.34634135144878914,2.0,1.0,0.0,1.0,0.0,1.0,0.0,0.0,0.0,0.0,0.0,1.0,0.0,1
0.3917910447761194,1.0,-0.23306570226838452,-0.1353958808282464,0.0,0.0,0.0,0.0,1.0,1.0,0.0,0.0,0.0,0.0,1.0,0.0,0.0,1
0.20149253731343283,-1.0,0.7386314717541597,-0.1855572883665913,-1.0,0.0,0.0,0.0,1.0,0.0,0.0,1.0,0.0,0.0,1.0,0.0,0.0,0
0.35074626865671643,1.5,-0.06278491520932432,0.23824487170256586,1.0,0.0,0.0,1.0,0.0,0.0,1.0,0.0,0.0,0.0,0.0,0.0,1.0,1
-0.7686567164179104,0.5,0.0427992552315009,-0.045378620706859094,0.0,1.0,0.0,1.0,0.0,1.0,0.0,0.0,0.0,0.0,0.0,0.0,1.0,1
-0.5074626865671642,-1.0,0.9877315706378432,1.179298362739851,0.0,0.0,0.0,1.0,0.0,1.0,0.0,0.0,0.0,0.0,0.0,0.0,1.0,1
1.7682089552238844,-0.5,0.9037171100052729,-0.8902049999035424,2.0,0.0,0.0,1.0,0.0,0.0,0.0,1.0,0.0,0.0,1.0,0.0,0.0,1
-0.5559701492537313,1.0,2.1294008217523728,-0.739904905625023,1.0,0.0,0.0,0.0,1.0,0.0,1.0,0.0,0.0,0.0,1.0,0.0,0.0,0
-0.25,-1.0,0.04820511938436761,0.1804694668295646,0.0,0.0,0.0,1.0,0.0,0.0,1.0,0.0,0.0,0.0,0.0,0.0,1.0,1
-0.033582089552238806,1.0,0.05691452263125102,-0.22692652537385455,1.0,0.0,0.0,1.0,0.0,1.0,0.0,0.0,0.0,0.0,0.0,0.0,1.0,0
0.9029850746268657,-1.0,-0.4139412449371841,-0.06593325184733546,1.0,1.0,0.0,1.0,0.0,1.0,0.0,0.0,0.0,0.0,1.0,0.0,0.0,1
-0.007462686567164179,0.0,-0.15846287917553784,0.10279097685588964,1.0,0.0,1.0,0.0,0.0,1.0,0.0,0.0,0.0,0.0,0.0,0.0,1.0,0
-1.3395522388059702,-0.5,-0.08929542260358536,1.3801607250178032,0.0,0.0,0.0,1.0,0.0,1.0,0.0,0.0,0.0,0.0,0.0,1.0,0.0,1
-1.6194029850746268,2.0,-0.2978359538693653,-0.46617400483753524,-1.0,0.0,1.0,0.0,0.0,0.0,1.0,0.0,0.0,0.0,1.0,0.0,0.0,1
-0.33955223880597013,-1.0,-0.3788533564213696,-0.31344696324028753,1.0,0.0,1.0,0.0,0.0,1.0,0.0,0.0,0.0,0.0,1.0,0.0,0.0,0
-0.09701492537313433,1.0,-0.5254061803585653,1.0400316581269227,-1.0,0.0,0.0,0.0,1.0,1.0,0.0,0.0,0.0,0.0,0.0,1.0,0.0,0
-0.2798507462686567,0.0,1.7279303904781802,1.589452349897942,-1.0,0.0,0.0,1.0,0.0,0.0,1.0,0.0,0.0,0.0,1.0,0.0,0.0,1
0.40671641791044777,0.0,0.7254320671397787,0.3585135515727124,1.0,0.0,0.0,0.0,1.0,1.0,0.0,0.0,0.0,0.0,0.0,0.0,1.0,0
0.7126865671641791,1.5,0.7545695069437418,0.3729081763707856,0.0,0.0,0.0,1.0,0.0,1.0,0.0,0.0,0.0,0.0,0.0,1.0,0.0,1
-0.06716417910447761,0.5,-0.5675878075118374,0.4446776255346719,0.0,0.0,0.0,1.0,0.0,1.0,0.0,0.0,0.0,0.0,1.0,0.0,0.0,0
-0.27611940298507465,-1.0,-0.5054911004009051,-0.37523902252321817,0.0,0.0,0.0,1.0,0.0,0.0,0.0,0.0,1.0,0.0,0.0,0.0,1.0,0
0.1828358208955224,1.0,0.17190075438089214,0.5528329751408544,0.0,1.0,0.0,0.0,1.0,1.0,0.0,0.0,0.0,0.0,1.0,0.0,0.0,0
1.537313432835821,0.5,1.888536066920984,0.20480270382858504,2.0,0.0,0.0,1.0,0.0,1.0,0.0,0.0,0.0,0.0,0.0,1.0,0.0,1
-1.6194029850746268,-0.5,-0.2241281229340309,-0.1306170321433748,0.0,0.0,0.0,0.0,1.0,1.0,0.0,0.0,0.0,0.0,1.0,0.0,0.0,0
-0.07835820895522388,2.5,0.4313513471585425,1.337989215735249,1.0,1.0,0.0,0.0,1.0,1.0,0.0,0.0,0.0,0.0,1.0,0.0,0.0,1
0.7126865671641791,0.0,-0.6217278394225659,0.4378814603875902,-1.0,0.0,0.0,1.0,0.0,0.0,0.0,1.0,0.0,0.0,0.0,1.0,0.0,0
-0.6007462686567164,-0.5,0.9613862576370029,0.2609618531306682,1.0,0.0,0.0,1.0,0.0,1.0,0.0,0.0,0.0,0.0,0.0,1.0,0.0,0
0.08955223880597014,0.0,-0.38834853816547327,-0.7819816849004106,2.0,0.0,0.0,1.0,0.0,0.0,0.0,1.0,0.0,0.0,1.0,0.0,0.0,1
0.208955223880597,-0.5,-0.6217278394225659,1.3098383763163748,1.0,1.0,0.0,1.0,0.0,0.0,0.0,0.0,1.0,0.0,0.0,1.0,0.0,1
-0.23507462686567165,1.0,0.6305496561503419,-0.491147088431857,-1.0,0.0,0.0,0.0,1.0,1.0,0.0,0.0,0.0,0.0,0.0,1.0,0.0,1
1.0186567164179106,1.0,0.07341568275454075,0.05420689419855764,-1.0,0.0,0.0,1.0,0.0,0.0,0.0,1.0,0.0,0.0,0.0,1.0,0.0,0
0.7052238805970149,-1.0,0.3978952050411841,-0.6686040280061193,-1.0,0.0,0.0,1.0,0.0,0.0,0.0,0.0,0.0,1.0,0.0,0.0,1.0,0
0.7425373134328358,-1.0,-0.11717285136289343,-0.8086704484447205,0.0,0.0,0.0,1.0,0.0,0.0,0.0,0.0,0.0,1.0,0.0,1.0,0.0,0
0.47388059701492535,1.5,-0.29519885507253935,-0.22708793169140495,2.0,0.0,0.0,1.0,0.0,1.0,0.0,0.0,0.0,0.0,1.0,0.0,0.0,1
-0.5559701492537313,-0.5,-0.268261693302464,0.18390669354853031,0.0,1.0,0.0,0.0,1.0,1.0,0.0,0.0,0.0,0.0,0.0,0.0,1.0,0
0.048507462686567165,-1.0,-0.547320417500778,-0.6376122523267809,3.0,0.0,0.0,1.0,0.0,1.0,0.0,0.0,0.0,0.0,1.0,0.0,0.0,1
0.23507462686567165,1.0,0.6793058202588967,0.27530243380015174,2.0,0.0,0.0,1.0,0.0,0.0,1.0,0.0,0.0,0.0,1.0,0.0,0.0,1
0.5261194029850746,0.0,-0.26985426341739877,-0.5116291418298479,0.0,0.0,0.0,0.0,1.0,0.0,1.0,0.0,0.0,0.0,0.0,1.0,0.0,1
1.5820895522388059,-1.0,-0.16489342111689823,0.7734229248344743,2.0,0.0,0.0,0.0,1.0,1.0,0.0,0.0,0.0,0.0,0.0,0.0,1.0,1
-1.1529850746268657,-0.5,0.7233224655826818,0.5002580267460688,1.0,0.0,0.0,0.0,1.0,0.0,1.0,0.0,0.0,0.0,0.0,0.0,1.0,1
-0.5783582089552238,0.0,-0.3085887367214889,-0.8708970451147814,0.0,0.0,0.0,0.0,1.0,1.0,0.0,0.0,0.0,0.0,0.0,0.0,1.0,0
-0.291044776119403,0.5,0.5721391170463098,0.32676895688110724,2.0,0.0,0.0,0.0,1.0,0.0,0.0,1.0,0.0,0.0,0.0,0.0,1.0,1
-0.417910447761194,1.5,0.1596969808783055,-0.6157763934332883,0.0,1.0,0.0,1.0,0.0,1.0,0.0,0.0,0.0,0.0,1.0,0.0,0.0,1
-0.9402985074626866,0.5,1.1415967998996923,-0.29585498116191905,0.0,0.0,0.0,1.0,0.0,0.0,0.0,1.0,0.0,0.0,0.0,0.0,1.0,0
0.7985074626865671,-0.5,0.46143807727485225,-0.2826995355319581,1.0,0.0,0.0,1.0,0.0,1.0,0.0,0.0,0.0,0.0,1.0,0.0,0.0,0
0.16417910447761194,-1.0,0.5214857241903862,0.003199968033982633,2.0,0.0,0.0,1.0,0.0,1.0,0.0,0.0,0.0,0.0,0.0,1.0,0.0,1
-0.41044776119402987,1.5,-0.45586777384099675,-0.6814502717945035,2.0,0.0,0.0,1.0,0.0,0.0,0.0,0.0,0.0,1.0,0.0,1.0,0.0,1
0.5261194029850746,-1.5,0.13391343485769375,0.8865513718265112,0.0,0.0,0.0,1.0,0.0,0.0,1.0,0.0,0.0,0.0,0.0,0.0,1.0,1
-0.373134328358209,0.5,0.24907439913352253,-0.3127691952335167,0.0,1.0,0.0,1.0,0.0,0.0,0.0,1.0,0.0,0.0,1.0,0.0,0.0,0
-1.0970149253731343,-1.0,-0.21936102279442127,-0.7593618519354871,0.0,0.0,0.0,1.0,0.0,0.0,0.0,0.0,0.0,1.0,1.0,0.0,0.0,0
-0.40298507462686567,0.5,1.4502252342004154,-0.6156189363586754,-1.0,0.0,0.0,1.0,0.0,0.0,0.0,0.0,1.0,0.0,0.0,0.0,1.0,0
1.0,-1.0,-0.28183819471067884,0.009594250772362279,2.0,0.0,0.0,1.0,0.0,0.0,1.0,0.0,0.0,0.0,1.0,0.0,0.0,1
-1.3208955223880596,0.5,0.15471819540138276,0.6856143065844041,2.0,1.0,0.0,1.0,0.0,0.0,1.0,0.0,0.0,0.0,0.0,1.0,0.0,1
-0.7201492537313433,-0.5,-0.5424567271953177,0.20719555056004293,0.0,0.0,0.0,0.0,1.0,0.0,0.0,1.0,0.0,0.0,0.0,1.0,0.0,0
-0.2574626865671642,-1.0,2.438313890420108,-0.1823685988399725,1.0,0.0,0.0,0.0,1.0,0.0,0.0,1.0,0.0,0.0,1.0,0.0,0.0,0
1.5559701492537314,-1.0,0.18921711965111088,-0.5538636290313014,1.0,0.0,0.0,1.0,0.0,1.0,0.0,0.0,0.0,0.0,0.0,1.0,0.0,0
1.0597014925373134,0.0,1.937824526808463,0.7019375585766447,0.0,0.0,0.0,0.0,1.0,0.0,1.0,0.0,0.0,0.0,1.0,0.0,0.0,0
-0.08955223880597014,-0.5,0.44510906004136697,0.19896777462507492,-1.0,0.0,0.0,1.0,0.0,0.0,0.0,1.0,0.0,0.0,0.0,0.0,1.0,0
-0.3805970149253731,-0.5,0.8067908943474785,-0.09348129746170217,1.0,0.0,0.0,1.0,0.0,0.0,0.0,0.0,1.0,0.0,1.0,0.0,0.0,0
-0.8097014925373134,0.0,-0.37113946211610593,0.9401918098703819,0.0,0.0,0.0,1.0,0.0,0.0,1.0,0.0,0.0,0.0,1.0,0.0,0.0,1
1.2723880597014925,0.0,-0.4493793356724304,-0.4196147828669505,-1.0,0.0,0.0,0.0,1.0,1.0,0.0,0.0,0.0,0.0,1.0,0.0,0.0,0
-0.3619402985074627,1.5,1.43273597882796,-0.7298229156283735,1.0,0.0,0.0,0.0,1.0,0.0,1.0,0.0,0.0,0.0,0.0,0.0,1.0,1
-0.5373134328358209,0.0,-0.17978715249465602,-0.11824966377641481,0.0,0.0,0.0,1.0,0.0,1.0,0.0,0.0,0.0,0.0,0.0,0.0,1.0,1
0.30223880597014924,2.0,-0.5995611042776818,0.2346440506267476,1.0,1.0,0.0,0.0,1.0,1.0,0.0,0.0,0.0,0.0,0.0,1.0,0.0,1
0.9552238805970149,1.5,0.01741919095450997,0.8233428176914295,0.0,0.0,0.0,0.0,1.0,1.0,0.0,0.0,0.0,0.0,0.0,1.0,0.0,1
0.23880597014925373,-1.0,-0.5450791793340624,0.14075584534756883,0.0,0.0,0.0,0.0,1.0,0.0,0.0,0.0,1.0,0.0,0.0,1.0,0.0,0
-0.75,-1.0,1.3381339014986475,-0.7318195076878258,0.0,0.0,0.0,0.0,1.0,0.0,0.0,1.0,0.0,0.0,1.0,0.0,0.0,0
-0.458955223880597,-0.5,-0.613388559937861,1.1011812052265693,1.0,0.0,0.0,1.0,0.0,1.0,0.0,0.0,0.0,0.0,1.0,0.0,0.0,1
-0.03731343283582089,0.0,-0.6103588021725468,0.4311444946513674,0.0,0.0,0.0,1.0,0.0,1.0,0.0,0.0,0.0,0.0,0.0,0.0,1.0,0
0.13432835820895522,-0.5,-0.5241580288226041,0.3433440131564351,-1.0,0.0,0.0,0.0,1.0,0.0,0.0,1.0,0.0,0.0,1.0,0.0,0.0,0
-1.3880597014925373,0.0,-0.4673161698695231,0.18881592016201837,0.0,0.0,0.0,1.0,0.0,1.0,0.0,0.0,0.0,0.0,1.0,0.0,0.0,0
-0.2835820895522388,-0.5,1.1045778148999035,-0.1840457758990567,0.0,0.0,0.0,1.0,0.0,1.0,0.0,0.0,0.0,0.0,0.0,1.0,0.0,0
0.7164179104477612,0.0,1.0015371138009006,-0.570954670986983,1.0,1.0,0.0,1.0,0.0,0.0,0.0,1.0,0.0,0.0,0.0,1.0,0.0,0
-1.3320895522388059,-1.0,0.5769415856455639,-0.6786327850140063,0.0,0.0,0.0,1.0,0.0,1.0,0.0,0.0,0.0,0.0,1.0,0.0,0.0,0
-0.10820895522388059,-1.5,0.7195794768087552,-0.7273925233342973,0.0,0.0,0.0,1.0,0.0,1.0,0.0,0.0,0.0,0.0,0.0,1.0,0.0,0
0.4216417910447761,0.0,-0.4971202817289432,-0.14648647620328498,1.0,0.0,1.0,0.0,0.0,0.0,1.0,0.0,0.0,0.0,0.0,1.0,0.0,0
0.8432835820895522,1.5,0.12311189294395178,-0.9632401565556925,1.0,1.0,0.0,1.0,0.0,0.0,0.0,1.0,0.0,0.0,1.0,0.0,0.0,1
-0.996268656716418,-0.5,-0.4805671214082965,0.5532270099318446,3.0,0.0,0.0,1.0,0.0,0.0,0.0,1.0,0.0,0.0,1.0,0.0,0.0,1
-0.05223880597014925,0.0,-0.49710434760177086,-0.0743887309514375,1.0,0.0,0.0,1.0,0.0,1.0,0.0,0.0,0.0,0.0,1.0,0.0,0.0,0
-0.48507462686567165,0.0,0.08194999767717577,-1.0693196078992746,0.0,0.0,0.0,1.0,0.0,0.0,0.0,1.0,0.0,0.0,1.0,0.0,0.0,0
1.0634328358208955,0.0,-0.08203276093022255,0.32298035555157667,1.0,1.0,0.0,1.0,0.0,0.0,0.0,1.0,0.0,0.0,1.0,0.0,0.0,0
-0.5223880597014925,-0.5,1.2867804856303608,-0.3685407443429655,1.0,1.0,0.0,1.0,0.0,1.0,0.0,0.0,0.0,0.0,1.0,0.0,0.0,1
0.44776119402985076,-0.5,-0.43570083949990673,-0.41882557170455764,3.0,0.0,0.0,0.0,1.0,1.0,0.0,0.0,0.0,0.0,0.0,1.0,0.0,1
1.2313432835820894,0.0,-0.5977119466517636,-0.3837131159181184,0.0,0.0,0.0,0.0,1.0,1.0,0.0,0.0,0.0,0.0,0.0,0.0,1.0,0
0.9776119402985075,0.0,0.19874223978880465,0.1149509940300907,0.0,0.0,0.0,0.0,1.0,0.0,1.0,0.0,0.0,0.0,0.0,1.0,0.0,0
-0.5559701492537313,1.0,-0.5194732282004625,-0.5583206684998493,1.0,0.0,0.0,1.0,0.0,0.0,0.0,1.0,0.0,0.0,1.0,0.0,0.0,0
0.40298507462686567,-1.0,0.05938351656499436,0.2541391454488836,0.0,1.0,0.0,0.0,1.0,1.0,0.0,0.0,0.0,0.0,1.0,0.0,0.0,0
0.3358208955223881,-0.5,-0.2184581034194463,1.0547408288877536,1.0,0.0,0.0,1.0,0.0,1.0,0.0,0.0,0.0,0.0,1.0,0.0,0.0,0
-0.20149253731343283,-1.5,-0.05868652513854703,-0.5891318009297977,0.0,0.0,0.0,1.0,0.0,1.0,0.0,0.0,0.0,0.0,0.0,1.0,0.0,0
0.8992537313432836,2.0,0.3589557609807902,-0.9058299018914584,1.0,0.0,0.0,0.0,1.0,1.0,0.0,0.0,0.0,0.0,0.0,1.0,0.0,1
0.332089552238806,-0.5,-0.009111256666187471,-0.22430550543556535,0.0,1.0,0.0,1.0,0.0,1.0,0.0,0.0,0.0,0.0,0.0,1.0,0.0,1
0.8731343283582089,0.5,1.0124360914667796,-0.9013070055068018,1.0,0.0,0.0,0.0,1.0,0.0,0.0,0.0,0.0,1.0,1.0,0.0,0.0,1
0.585820895522388,0.5,1.6145829096133075,-0.78014849671661,0.0,0.0,0.0,1.0,0.0,1.0,0.0,0.0,0.0,0.0,0.0,1.0,0.0,0
-0.31716417910447764,-1.5,1.7139646529163732,0.23669607561468528,1.0,0.0,0.0,1.0,0.0,1.0,0.0,0.0,0.0,0.0,1.0,0.0,0.0,0
-1.3694029850746268,1.0,0.06488292058872891,-0.5347475645431331,-1.0,0.0,0.0,0.0,1.0,0.0,1.0,0.0,0.0,0.0,1.0,0.0,0.0,0
-0.17164179104477612,-1.0,-0.6129591148745579,-0.38259329650473495,0.0,0.0,0.0,1.0,0.0,1.0,0.0,0.0,0.0,0.0,0.0,1.0,0.0,0
-0.9514925373134329,-0.5,-0.2093566564209447,-0.3328706002248513,0.0,0.0,0.0,1.0,0.0,0.0,0.0,0.0,0.0,1.0,1.0,0.0,0.0,0
-1.1007462686567164,0.0,-0.6070399306062289,-0.584752050215456,0.0,0.0,0.0,1.0,0.0,0.0,0.0,1.0,0.0,0.0,1.0,0.0,0.0,0
0.4291044776119403,0.5,-0.6217278394225659,-0.3974603976020916,0.0,0.0,0.0,1.0,0.0,1.0,0.0,0.0,0.0,0.0,0.0,0.0,1.0,0
1.328358208955224,0.0,0.0072908827513913045,0.08961778428433768,0.0,1.0,0.0,1.0,0.0,0.0,1.0,0.0,0.0,0.0,0.0,0.0,1.0,0
0.5597014925373134,-1.0,0.5343932847987298,0.667974485924824,-1.0,0.0,0.0,1.0,0.0,1.0,0.0,0.0,0.0,0.0,0.0,1.0,0.0,0
1.492537313432836,-1.5,2.054862433743666,-0.5501009980797806,0.0,0.0,0.0,1.0,0.0,1.0,0.0,0.0,0.0,0.0,0.0,1.0,0.0,0
-0.8843283582089553,2.5,-0.19938124561536028,-0.2795679192232813,0.0,0.0,0.0,1.0,0.0,0.0,0.0,0.0,1.0,0.0,0.0,0.0,1.0,1
0.06343283582089553,1.5,-0.24524466671693393,-0.2292439630689874,1.0,1.0,0.0,1.0,0.0,1.0,0.0,0.0,0.0,0.0,1.0,0.0,0.0,1
-1.294776119402985,0.5,-0.3330646160146527,-0.411371982122348,0.0,0.0,0.0,0.0,1.0,0.0,0.0,0.0,1.0,0.0,1.0,0.0,0.0,0
0.3880597014925373,0.5,0.7844448199809253,-1.0693196078992746,0.0,0.0,0.0,1.0,0.0,1.0,0.0,0.0,0.0,0.0,0.0,1.0,0.0,0
0.376865671641791,0.5,0.7790139073228713,1.5805144333207752,0.0,0.0,0.0,1.0,0.0,1.0,0.0,0.0,0.0,0.0,0.0,1.0,0.0,1
-0.4626865671641791,-0.5,-0.515310843923226,-0.3349358662217186,1.0,0.0,0.0,1.0,0.0,1.0,0.0,0.0,0.0,0.0,0.0,0.0,1.0,1
-0.832089552238806,0.0,-0.4418444597206596,-0.47386269668670705,2.0,0.0,0.0,1.0,0.0,0.0,0.0,1.0,0.0,0.0,0.0,0.0,1.0,1
0.018656716417910446,0.5,0.9092005569111299,0.46766097899108205,-1.0,0.0,0.0,0.0,1.0,1.0,0.0,0.0,0.0,0.0,1.0,0.0,0.0,0
-0.23880597014925373,0.5,-0.3610374086433075,-0.6950683017758535,0.0,0.0,0.0,1.0,0.0,1.0,0.0,0.0,0.0,0.0,1.0,0.0,0.0,0
1.287313432835821,1.5,0.6394293603812955,-0.5102023679277607,3.0,0.0,0.0,1.0,0.0,1.0,0.0,0.0,0.0,0.0,1.0,0.0,0.0,1
-0.23134328358208955,-0.5,0.49072709540363973,-0.9141982253086448,-1.0,0.0,0.0,1.0,0.0,0.0,0.0,0.0,0.0,1.0,0.0,0.0,1.0,0
0.2947761194029851,-1.0,0.9544026371805878,-0.637036995035515,0.0,0.0,0.0,0.0,1.0,1.0,0.0,0.0,0.0,0.0,0.0,1.0,0.0,0
-0.1044776119402985,0.0,0.7772354454659295,-0.7833273365389067,0.0,0.0,0.0,0.0,1.0,1.0,0.0,0.0,0.0,0.0,1.0,0.0,0.0,0
-0.15298507462686567,1.5,-0.14229240107182123,0.34734040626042795,0.0,1.0,0.0,1.0,0.0,0.0,0.0,0.0,0.0,1.0,0.0,1.0,0.0,1
-0.3656716417910448,0.0,-0.614857200268364,1.1802766383496741,-1.0,0.0,0.0,1.0,0.0,1.0,0.0,0.0,0.0,0.0,0.0,0.0,1.0,1
0.8134328358208955,-0.5,0.021141377026035246,0.19210839809607566,1.0,0.0,0.0,0.0,1.0,1.0,0.0,0.0,0.0,0.0,0.0,0.0,1.0,1
0.9589552238805971,-1.5,0.45457028452885123,1.6807156770023186,1.0,0.0,0.0,1.0,0.0,0.0,0.0,1.0,0.0,0.0,1.0,0.0,0.0,1
-1.541044776119403,1.0,-0.5768118328742836,0.31320495432466017,3.0,0.0,0.0,0.0,1.0,1.0,0.0,0.0,0.0,0.0,1.0,0.0,0.0,1
-0.3805970149253731,1.5,-0.3046318420176761,1.7206757969526445,0.0,0.0,0.0,1.0,0.0,0.0,0.0,0.0,1.0,0.0,1.0,0.0,0.0,1
0.14925373134328357,-1.0,-0.47928202376807055,-0.34302160466050924,1.0,0.0,0.0,1.0,0.0,1.0,0.0,0.0,0.0,0.0,0.0,0.0,1.0,0
0.4925373134328358,-0.5,-0.12489132842843052,0.08831596186528264,1.0,0.0,1.0,0.0,0.0,0.0,1.0,0.0,0.0,0.0,1.0,0.0,0.0,0
0.1044776119402985,1.0,-0.5565228290938555,0.604819181151476,-1.0,0.0,0.0,1.0,0.0,1.0,0.0,0.0,0.0,0.0,1.0,0.0,0.0,0
-0.8880597014925373,0.0,0.9275741206120935,0.7641428074512161,0.0,0.0,0.0,1.0,0.0,1.0,0.0,0.0,0.0,0.0,1.0,0.0,0.0,0
-0.3208955223880597,1.5,1.0077551896907917,0.31366940479882915,3.0,1.0,1.0,0.0,0.0,0.0,0.0,0.0,0.0,1.0,1.0,0.0,0.0,1
-0.1865671641791045,-1.0,-0.1755883241728497,-0.22232030553551324,2.0,0.0,0.0,1.0,0.0,1.0,0.0,0.0,0.0,0.0,0.0,1.0,0.0,1
-1.126865671641791,-1.5,-0.33982459829488737,0.20785804646853806,1.0,0.0,0.0,1.0,0.0,1.0,0.0,0.0,0.0,0.0,0.0,1.0,0.0,0
1.171641791044776,0.0,-0.1906662251602453,0.017186154578476692,-1.0,1.0,0.0,1.0,0.0,0.0,0.0,0.0,0.0,1.0,1.0,0.0,0.0,1
0.5746268656716418,0.5,0.2958126521728127,0.9198907067424488,0.0,0.0,0.0,0.0,1.0,0.0,1.0,0.0,0.0,0.0,1.0,0.0,0.0,0
-0.3283582089552239,0.5,-0.5026832241529573,0.28906845228407163,0.0,0.0,0.0,1.0,0.0,0.0,1.0,0.0,0.0,0.0,1.0,0.0,0.0,0
0.291044776119403,2.0,2.42174526349367,0.9278886361531521,1.0,0.0,0.0,0.0,1.0,0.0,0.0,0.0,0.0,1.0,0.0,1.0,0.0,1
0.47388059701492535,-1.0,-0.29621028489875384,0.5609409500681768,0.0,0.0,0.0,0.0,1.0,1.0,0.0,0.0,0.0,0.0,1.0,0.0,0.0,0
-0.10820895522388059,0.0,1.1843458146118433,0.7072379166772149,-1.0,0.0,0.0,1.0,0.0,1.0,0.0,0.0,0.0,0.0,0.0,1.0,0.0,0
-1.0,-0.5,-0.29606832294473856,-0.6647415165855339,-1.0,0.0,0.0,1.0,0.0,0.0,0.0,1.0,0.0,0.0,1.0,0.0,0.0,0
0.03731343283582089,1.0,-0.0851080194029909,-0.7249962727107222,0.0,0.0,0.0,1.0,0.0,1.0,0.0,0.0,0.0,0.0,1.0,0.0,0.0,0
-0.8694029850746269,0.5,-0.4456818644119538,1.1774696513240759,1.0,0.0,0.0,1.0,0.0,1.0,0.0,0.0,0.0,0.0,0.0,1.0,0.0,1
-0.8134328358208955,-0.5,0.25584623574506205,-0.47312260684746743,0.0,1.0,0.0,1.0,0.0,1.0,0.0,0.0,0.0,0.0,0.0,1.0,0.0,1
-0.914179104477612,0.0,1.0496688596134052,-0.9362080523021405,0.0,0.0,0.0,1.0,0.0,0.0,1.0,0.0,0.0,0.0,0.0,1.0,0.0,0
0.21641791044776118,0.0,0.036483363319918104,-0.7235331167959156,0.0,0.0,0.0,0.0,1.0,1.0,0.0,0.0,0.0,0.0,1.0,0.0,0.0,0
0.13059701492537312,1.0,-0.15753559019413232,1.3765876896943852,1.0,0.0,0.0,0.0,1.0,1.0,0.0,0.0,0.0,0.0,0.0,1.0,0.0,1
0.373134328358209,-0.5,-0.3062172393699879,-1.0693196078992746,0.0,1.0,0.0,1.0,0.0,1.0,0.0,0.0,0.0,0.0,0.0,1.0,0.0,1
-0.6156716417910447,-1.5,-0.3624902114117478,-0.9573210166734477,-1.0,0.0,0.0,1.0,0.0,0.0,0.0,1.0,0.0,0.0,1.0,0.0,0.0,0
-0.3283582089552239,0.0,0.06160704182847185,-0.2824489222171537,2.0,0.0,0.0,1.0,0.0,0.0,0.0,1.0,0.0,0.0,1.0,0.0,0.0,1
-0.3656716417910448,0.0,-0.21139775765799243,-0.867779956416731,0.0,1.0,0.0,1.0,0.0,0.0,0.0,1.0,0.0,0.0,1.0,0.0,0.0,0
0.029850746268656716,-0.5,1.397200062099103,0.4459181211126967,1.0,0.0,0.0,0.0,1.0,1.0,0.0,0.0,0.0,0.0,0.0,1.0,0.0,0
1.4813432835820894,0.0,-0.48601154700848204,-0.6107544291776953,0.0,0.0,0.0,1.0,0.0,1.0,0.0,0.0,0.0,0.0,0.0,1.0,0.0,0
-0.29850746268656714,-1.5,0.724184788010773,-0.41055430663855913,1.0,0.0,0.0,1.0,0.0,1.0,0.0,0.0,0.0,0.0,1.0,0.0,0.0,1
-0.1791044776119403,0.0,0.3479568574549379,-0.6586446911889973,0.0,0.0,0.0,1.0,0.0,1.0,0.0,0.0,0.0,0.0,1.0,0.0,0.0,0
0.30597014925373134,-0.5,0.2088222964769588,-0.2737192573509534,1.0,0.0,1.0,0.0,0.0,1.0,0.0,0.0,0.0,0.0,0.0,1.0,0.0,0
0.5895522388059702,-1.5,0.1632091079580934,-0.1935354207011516,1.0,0.0,0.0,0.0,1.0,0.0,0.0,0.0,0.0,1.0,1.0,0.0,0.0,0
0.5223880597014925,-1.5,0.6415179063676727,-0.9688622608280815,1.0,1.0,0.0,0.0,1.0,1.0,0.0,0.0,0.0,0.0,1.0,0.0,0.0,0
-0.6343283582089553,0.0,0.8378791966959749,-0.13433622791324765,1.0,0.0,0.0,1.0,0.0,1.0,0.0,0.0,0.0,0.0,0.0,0.0,1.0,0
1.5634328358208955,1.0,-0.4402221910442951,-1.0099841883186118,-1.0,0.0,0.0,1.0,0.0,0.0,0.0,1.0,0.0,0.0,0.0,1.0,0.0,0
-0.12313432835820895,-1.5,0.025817238078573942,-0.2872642017487243,1.0,0.0,0.0,0.0,1.0,0.0,0.0,1.0,0.0,0.0,1.0,0.0,0.0,0
-0.30223880597014924,-1.0,-0.44942194440069083,0.0976749837983476,-1.0,1.0,0.0,1.0,0.0,1.0,0.0,0.0,0.0,0.0,1.0,0.0,0.0,0
0.09701492537313433,1.0,0.8382771849799509,-0.6917544986070309,0.0,1.0,0.0,1.0,0.0,1.0,0.0,0.0,0.0,0.0,1.0,0.0,0.0,0
-0.9477611940298507,-0.5,-0.6118083148477284,-0.7513442673907914,0.0,0.0,1.0,0.0,0.0,0.0,1.0,0.0,0.0,0.0,1.0,0.0,0.0,0
-0.7686567164179104,-1.0,-0.22801664336381633,-1.0693196078992746,0.0,1.0,0.0,0.0,1.0,0.0,0.0,1.0,0.0,0.0,0.0,0.0,1.0,0
-0.6529850746268657,-1.0,-0.595542264394752,1.3180752813489123,0.0,0.0,0.0,0.0,1.0,0.0,1.0,0.0,0.0,0.0,0.0,1.0,0.0,1
0.022388059701492536,0.5,1.0618110707994441,-0.7593647468839055,1.0,0.0,0.0,0.0,1.0,0.0,0.0,0.0,1.0,0.0,0.0,1.0,0.0,0
0.9477611940298507,-0.5,-0.24797921301091863,0.7576223853098575,-1.0,0.0,0.0,1.0,0.0,1.0,0.0,0.0,0.0,0.0,0.0,1.0,0.0,0
-0.8582089552238806,-1.0,-0.03587503119302321,-0.8057791544130767,2.0,0.0,0.0,1.0,0.0,1.0,0.0,0.0,0.0,0.0,0.0,1.0,0.0,1
-1.044776119402985,1.5,-0.21254413994661214,-0.1512454852309924,-1.0,0.0,0.0,0.0,1.0,0.0,0.0,0.0,1.0,0.0,0.0,1.0,0.0,1
0.6791044776119403,-1.5,-0.4715143014440099,-0.6731130024572384,0.0,0.0,0.0,0.0,1.0,0.0,1.0,0.0,0.0,0.0,1.0,0.0,0.0,0
0.0,0.0,-0.40180979492599034,0.05722992960446665,0.0,1.0,0.0,1.0,0.0,1.0,0.0,0.0,0.0,0.0,1.0,0.0,0.0,0
-1.0111940298507462,-1.0,-0.0005967896469696135,0.04611637014679634,0.0,0.0,0.0,0.0,1.0,1.0,0.0,0.0,0.0,0.0,1.0,0.0,0.0,0
-1.1492537313432836,1.0,0.06600933735851812,-0.21185784566067686,0.0,1.0,0.0,1.0,0.0,0.0,1.0,0.0,0.0,0.0,0.0,1.0,0.0,0
0.8731343283582089,-1.0,0.25456989245600087,0.8697645705643301,0.0,0.0,0.0,0.0,1.0,1.0,0.0,0.0,0.0,0.0,0.0,0.0,1.0,0
-0.07835820895522388,-0.5,1.0118442342897622,-0.7426123483374456,0.0,0.0,0.0,1.0,0.0,1.0,0.0,0.0,0.0,0.0,1.0,0.0,0.0,0
0.5522388059701493,1.0,0.4040357559992501,0.4401302530874532,-1.0,0.0,0.0,0.0,1.0,0.0,1.0,0.0,0.0,0.0,0.0,0.0,1.0,0
0.23880597014925373,0.5,-0.3898398440544114,-1.0118763825749744,0.0,0.0,0.0,1.0,0.0,0.0,1.0,0.0,0.0,0.0,0.0,1.0,0.0,0
0.48134328358208955,-1.0,0.779545291330515,0.5601801622150089,0.0,0.0,0.0,1.0,0.0,1.0,0.0,0.0,0.0,0.0,0.0,0.0,1.0,0
-0.23507462686567165,-0.5,-0.48358613140437506,-0.8947158520422933,1.0,0.0,0.0,1.0,0.0,1.0,0.0,0.0,0.0,0.0,1.0,0.0,0.0,0
-1.6194029850746268,-0.5,3.488464304680498,1.2975502965830568,1.0,1.0,0.0,1.0,0.0,1.0,0.0,0.0,0.0,0.0,1.0,0.0,0.0,1
-1.2835820895522387,-1.0,-0.39845815039719357,-1.0693196078992746,0.0,0.0,0.0,1.0,0.0,0.0,0.0,1.0,0.0,0.0,0.0,0.0,1.0,0
0.2798507462686567,0.5,0.22624487761149492,-0.5934104396809516,2.0,0.0,0.0,0.0,1.0,1.0,0.0,0.0,0.0,0.0,1.0,0.0,0.0,1
-1.578358208955224,-1.0,0.13538374874149778,1.444445938001894,0.0,0.0,0.0,0.0,1.0,0.0,0.0,1.0,0.0,0.0,0.0,1.0,0.0,1
1.0820895522388059,0.0,-0.46039317553396086,-0.7300271529762267,-1.0,0.0,0.0,1.0,0.0,1.0,0.0,0.0,0.0,0.0,0.0,0.0,1.0,1
-0.018656716417910446,0.0,-0.25920213101175094,1.0306336110957253,0.0,0.0,0.0,0.0,1.0,0.0,0.0,0.0,1.0,0.0,0.0,1.0,0.0,0
-0.10820895522388059,-1.5,0.6397837502847152,-0.47432709925367517,-1.0,0.0,0.0,0.0,1.0,0.0,1.0,0.0,0.0,0.0,1.0,0.0,0.0,0
0.832089552238806,-0.5,-0.3216849131110635,0.5094677123280792,0.0,0.0,0.0,1.0,0.0,1.0,0.0,0.0,0.0,0.0,1.0,0.0,0.0,1
0.3880597014925373,-0.5,0.4761692266541566,0.9356169408163241,-1.0,0.0,0.0,0.0,1.0,1.0,0.0,0.0,0.0,0.0,0.0,1.0,0.0,0
0.1865671641791045,1.0,0.37869166455207837,0.21071955296117958,0.0,0.0,0.0,0.0,1.0,1.0,0.0,0.0,0.0,0.0,1.0,0.0,0.0,0
-0.11940298507462686,0.0,0.7341242535644465,-0.6863715792752965,-1.0,0.0,0.0,1.0,0.0,1.0,0.0,0.0,0.0,0.0,0.0,1.0,0.0,0
0.667910447761194,2.0,0.34837581207212,0.8614692297117227,1.0,0.0,0.0,1.0,0.0,0.0,0.0,1.0,0.0,0.0,0.0,1.0,0.0,1
-0.09328358208955224,0.0,-0.20661301433424722,-0.48937697176817496,1.0,0.0,0.0,1.0,0.0,1.0,0.0,0.0,0.0,0.0,0.0,1.0,0.0,0
1.2276119402985075,2.0,1.454191810754555,0.08446878275604125,-1.0,0.0,0.0,1.0,0.0,1.0,0.0,0.0,0.0,0.0,0.0,1.0,0.0,1
-0.7985074626865671,-1.0,-0.5407450754479486,0.459305893410954,0.0,0.0,0.0,0.0,1.0,0.0,0.0,1.0,0.0,0.0,0.0,1.0,0.0,0
-0.332089552238806,2.5,-0.29455801629178713,0.7874308513122499,0.0,0.0,0.0,1.0,0.0,1.0,0.0,0.0,0.0,0.0,0.0,1.0,0.0,1
-1.0746268656716418,-1.0,2.2355618576909166,-0.06811599988910993,-1.0,0.0,0.0,0.0,1.0,0.0,0.0,0.0,0.0,1.0,1.0,0.0,0.0,0
-0.6194029850746269,-1.0,0.29470283434539235,-0.5309770019330166,1.0,0.0,0.0,1.0,0.0,1.0,0.0,0.0,0.0,0.0,1.0,0.0,0.0,0
0.8880597014925373,1.0,-0.14051898375019872,0.326199341589723,2.0,0.0,0.0,0.0,1.0,0.0,1.0,0.0,0.0,0.0,0.0,0.0,1.0,1
-0.3917910447761194,-1.5,-0.2866987750896166,0.42115035861745753,-1.0,0.0,0.0,1.0,0.0,1.0,0.0,0.0,0.0,0.0,0.0,1.0,0.0,0
-0.27238805970149255,1.5,-0.016699066882206338,1.0097595939997681,1.0,0.0,0.0,0.0,1.0,1.0,0.0,0.0,0.0,0.0,1.0,0.0,0.0,1
0.19776119402985073,-0.5,0.7464746622933298,-0.7441762449585664,1.0,0.0,0.0,0.0,1.0,1.0,0.0,0.0,0.0,0.0,0.0,1.0,0.0,0
0.7238805970149254,1.5,0.1998977134262128,0.789183978089773,1.0,0.0,0.0,0.0,1.0,1.0,0.0,0.0,0.0,0.0,0.0,0.0,1.0,1
-0.033582089552238806,1.0,-0.3654031404389334,-0.4185378745935087,2.0,0.0,0.0,1.0,0.0,0.0,1.0,0.0,0.0,0.0,1.0,0.0,0.0,1
0.3208955223880597,-0.5,-0.549592895884623,-0.007979216010541046,2.0,0.0,0.0,1.0,0.0,0.0,1.0,0.0,0.0,0.0,1.0,0.0,0.0,1
0.2126865671641791,0.5,-0.39138805445621605,0.8970464377034317,0.0,0.0,0.0,1.0,0.0,1.0,0.0,0.0,0.0,0.0,1.0,0.0,0.0,0
0.5335820895522388,0.5,0.12789570339373607,0.9491610859438914,1.0,1.0,0.0,1.0,0.0,0.0,0.0,1.0,0.0,0.0,1.0,0.0,0.0,0
0.8582089552238806,-0.5,-0.4270706108524686,0.5605617074163556,2.0,0.0,0.0,1.0,0.0,1.0,0.0,0.0,0.0,0.0,1.0,0.0,0.0,1
1.3582089552238805,0.0,-0.6045394708816589,-0.5819596345539051,-1.0,0.0,1.0,0.0,0.0,0.0,1.0,0.0,0.0,0.0,1.0,0.0,0.0,0
-0.19029850746268656,1.0,-0.11454704822174953,-0.6840151647708641,-1.0,0.0,0.0,1.0,0.0,0.0,1.0,0.0,0.0,0.0,1.0,0.0,0.0,1
0.055970149253731345,0.0,1.5713833351762605,-0.8571988018176935,2.0,0.0,1.0,0.0,0.0,1.0,0.0,0.0,0.0,0.0,1.0,0.0,0.0,1
-0.47388059701492535,-1.5,0.8895835073226894,-0.39574821204882993,1.0,0.0,0.0,1.0,0.0,0.0,1.0,0.0,0.0,0.0,1.0,0.0,0.0,0
0.48507462686567165,0.0,-0.382397154817212,0.1788448516009573,1.0,0.0,0.0,0.0,1.0,0.0,1.0,0.0,0.0,0.0,1.0,0.0,0.0,0
-0.4626865671641791,-0.5,-0.3391952571938172,1.3286252158416547,0.0,0.0,0.0,0.0,1.0,0.0,1.0,0.0,0.0,0.0,1.0,0.0,0.0,1
0.9067164179104478,-1.0,-0.5038075218464119,-0.2884308048741099,0.0,0.0,0.0,0.0,1.0,0.0,1.0,0.0,0.0,0.0,1.0,0.0,0.0,0
0.5559701492537313,-1.0,1.4304758820303918,-0.05830757173847555,0.0,0.0,0.0,1.0,0.0,1.0,0.0,0.0,0.0,0.0,0.0,0.0,1.0,0
-0.5671641791044776,0.0,-0.5482336525128825,0.7132675244108673,-1.0,1.0,0.0,1.0,0.0,1.0,0.0,0.0,0.0,0.0,1.0,0.0,0.0,0
-0.11194029850746269,0.5,-0.5414093765977196,-0.7954668357834801,0.0,0.0,0.0,1.0,0.0,0.0,1.0,0.0,0.0,0.0,0.0,1.0,0.0,1
-0.8171641791044776,-1.5,-0.5049274982114802,-0.3924189959525584,-1.0,0.0,0.0,1.0,0.0,1.0,0.0,0.0,0.0,0.0,1.0,0.0,0.0,1
-0.27611940298507465,1.0,0.06698914179380566,0.30649220564096163,0.0,1.0,1.0,0.0,0.0,1.0,0.0,0.0,0.0,0.0,0.0,0.0,1.0,0
-1.3320895522388059,0.0,-0.08480194482822993,-0.8206166025863497,2.0,0.0,0.0,1.0,0.0,0.0,0.0,0.0,0.0,1.0,0.0,1.0,0.0,1
-0.5410447761194029,-1.0,1.3255959546161105,-0.7358246678572024,2.0,0.0,0.0,1.0,0.0,1.0,0.0,0.0,0.0,0.0,1.0,0.0,0.0,1
-0.4925373134328358,-0.5,0.411451523735612,-0.1565449942749235,2.0,0.0,0.0,1.0,0.0,1.0,0.0,0.0,0.0,0.0,1.0,0.0,0.0,1
-1.2686567164179106,1.5,-0.12669101609396405,0.2572882207975276,1.0,0.0,0.0,0.0,1.0,1.0,0.0,0.0,0.0,0.0,0.0,0.0,1.0,1
1.0970149253731343,0.0,1.179991607588268,-0.34020310697619477,0.0,1.0,0.0,0.0,1.0,1.0,0.0,0.0,0.0,0.0,0.0,1.0,0.0,1
0.8544776119402985,1.0,-0.5395507638484889,-0.36534992352937207,1.0,0.0,0.0,1.0,0.0,0.0,0.0,1.0,0.0,0.0,1.0,0.0,0.0,1
0.34328358208955223,1.5,0.38873746340537463,-0.7784628631244763,2.0,0.0,0.0,1.0,0.0,0.0,0.0,1.0,0.0,0.0,1.0,0.0,0.0,1
0.22388059701492538,0.5,1.7879821463809742,0.377675750096557,2.0,1.0,0.0,1.0,0.0,0.0,1.0,0.0,0.0,0.0,0.0,0.0,1.0,1
-0.07462686567164178,-1.0,-0.4911165902407565,-0.18856141360702783,0.0,0.0,0.0,1.0,0.0,1.0,0.0,0.0,0.0,0.0,0.0,1.0,0.0,0
1.373134328358209,0.5,1.1004372904157882,0.4119380500465687,1.0,0.0,0.0,0.0,1.0,1.0,0.0,0.0,0.0,0.0,0.0,1.0,0.0,1
-0.0708955223880597,0.0,0.053056373988305046,-0.35178075634740297,-1.0,0.0,0.0,1.0,0.0,0.0,0.0,0.0,0.0,1.0,1.0,0.0,0.0,1
0.05223880597014925,0.5,0.24352579533839513,0.3412979751477773,1.0,0.0,0.0,1.0,0.0,1.0,0.0,0.0,0.0,0.0,0.0,0.0,1.0,0
1.0522388059701493,-1.5,0.49838561622528416,-0.02606001618816103,0.0,0.0,0.0,1.0,0.0,0.0,0.0,0.0,1.0,0.0,1.0,0.0,0.0,0
-0.16791044776119404,0.5,-0.3166816653045484,-0.03676805955625332,0.0,0.0,0.0,0.0,1.0,1.0,0.0,0.0,0.0,0.0,0.0,0.0,1.0,0
-0.75,-1.0,1.426532983861035,0.586453899035828,1.0,0.0,0.0,1.0,0.0,1.0,0.0,0.0,0.0,0.0,1.0,0.0,0.0,0
0.917910447761194,0.5,-0.0266334719884509,1.7206757969526445,0.0,0.0,0.0,0.0,1.0,0.0,0.0,1.0,0.0,0.0,0.0,1.0,0.0,1
-0.6455223880597015,-1.0,0.19321343949673697,0.1627473362921086,-1.0,0.0,0.0,1.0,0.0,0.0,0.0,1.0,0.0,0.0,1.0,0.0,0.0,0
-0.8208955223880597,2.0,-0.22508530233807666,0.7453176958406621,1.0,0.0,0.0,1.0,0.0,0.0,1.0,0.0,0.0,0.0,1.0,0.0,0.0,1
-0.45149253731343286,-0.5,-0.3530705260334428,0.3803974251215112,0.0,0.0,0.0,1.0,0.0,1.0,0.0,0.0,0.0,0.0,1.0,0.0,0.0,0
0.2462686567164179,-1.0,-0.47339122291757274,-0.9125447834654451,1.0,0.0,0.0,0.0,1.0,0.0,0.0,1.0,0.0,0.0,0.0,1.0,0.0,0
-0.055970149253731345,-1.0,0.6224488093018435,-0.9829039617154146,-1.0,0.0,0.0,0.0,1.0,0.0,0.0,0.0,0.0,1.0,1.0,0.0,0.0,0
1.6044776119402986,0.5,-0.3886033424099491,-0.5675933177652733,0.0,0.0,0.0,1.0,0.0,1.0,0.0,0.0,0.0,0.0,1.0,0.0,0.0,0
-0.16044776119402984,-1.0,0.5141394850296102,-0.39192667940313847,1.0,0.0,0.0,1.0,0.0,1.0,0.0,0.0,0.0,0.0,0.0,0.0,1.0,0
0.8656716417910447,-1.0,-0.12537793247338538,0.12483717597866047,2.0,0.0,1.0,0.0,0.0,1.0,0.0,0.0,0.0,0.0,1.0,0.0,0.0,1
-0.7910447761194029,-0.5,-0.09898412685419611,0.8603139754580715,1.0,0.0,0.0,1.0,0.0,1.0,0.0,0.0,0.0,0.0,0.0,0.0,1.0,0
1.3246268656716418,0.0,0.44941516995090325,0.31268352018638007,2.0,0.0,0.0,0.0,1.0,0.0,0.0,1.0,0.0,0.0,1.0,0.0,0.0,1
0.291044776119403,1.0,3.488464304680498,1.4293269295956836,-1.0,0.0,0.0,1.0,0.0,1.0,0.0,0.0,0.0,0.0,0.0,1.0,0.0,1
0.9477611940298507,-1.5,-0.06958182465718199,0.08948388921453787,1.0,0.0,0.0,1.0,0.0,0.0,0.0,0.0,1.0,0.0,0.0,0.0,1.0,0
-1.6194029850746268,0.0,1.7589433153899854,0.8655715610247078,2.0,0.0,0.0,0.0,1.0,1.0,0.0,0.0,0.0,0.0,0.0,1.0,0.0,1
-0.6865671641791045,1.0,-0.40419033243881114,-0.2051884668566358,2.0,0.0,0.0,1.0,0.0,1.0,0.0,0.0,0.0,0.0,0.0,0.0,1.0,1
0.6417910447761194,0.0,0.07003774306122236,1.2025960347575644,1.0,0.0,0.0,0.0,1.0,1.0,0.0,0.0,0.0,0.0,0.0,1.0,0.0,1
0.585820895522388,1.5,-0.6116918051975418,-0.41258390565573105,3.0,0.0,0.0,1.0,0.0,0.0,0.0,1.0,0.0,0.0,0.0,0.0,1.0,1
0.10820895522388059,-0.5,0.6301449382326106,-0.8644682328828479,0.0,0.0,0.0,1.0,0.0,1.0,0.0,0.0,0.0,0.0,1.0,0.0,0.0,0
-0.22014925373134328,1.5,-0.27436077924834484,0.2960859965313618,-1.0,0.0,0.0,0.0,1.0,1.0,0.0,0.0,0.0,0.0,0.0,1.0,0.0,1
1.7682089552238844,-1.5,1.3883223826947184,0.5884480264915155,2.0,0.0,0.0,1.0,0.0,1.0,0.0,0.0,0.0,0.0,0.0,1.0,0.0,1
0.291044776119403,0.0,-0.4322168490961056,-0.10942939531356356,-1.0,0.0,0.0,0.0,1.0,0.0,0.0,1.0,0.0,0.0,0.0,1.0,0.0,0
-0.9067164179104478,-1.5,0.16425039833138008,-0.49231953019850827,1.0,0.0,0.0,1.0,0.0,0.0,0.0,0.0,1.0,0.0,1.0,0.0,0.0,0
-0.11567164179104478,-0.5,0.7431355293608136,1.0175925802495893,-1.0,0.0,0.0,1.0,0.0,0.0,0.0,1.0,0.0,0.0,1.0,0.0,0.0,0
-0.11194029850746269,0.0,-0.4308361167830625,0.5885581838993323,0.0,0.0,0.0,1.0,0.0,1.0,0.0,0.0,0.0,0.0,0.0,1.0,0.0,0
0.2835820895522388,-0.5,-0.12192087463666572,0.41170656300774944,0.0,0.0,0.0,1.0,0.0,1.0,0.0,0.0,0.0,0.0,1.0,0.0,0.0,0
0.05223880597014925,1.0,0.17546786577561677,-0.3530608098633613,0.0,1.0,0.0,1.0,0.0,1.0,0.0,0.0,0.0,0.0,0.0,1.0,0.0,0
-0.07835820895522388,0.5,-0.22682397906112545,-0.06661893302828976,1.0,0.0,1.0,0.0,0.0,1.0,0.0,0.0,0.0,0.0,0.0,1.0,0.0,0
-0.44402985074626866,0.5,1.2676139130909012,-0.4205994973609218,0.0,0.0,0.0,1.0,0.0,1.0,0.0,0.0,0.0,0.0,0.0,1.0,0.0,0
0.06343283582089553,-1.5,-0.21699784309083367,0.20092058899294019,-1.0,0.0,0.0,1.0,0.0,1.0,0.0,0.0,0.0,0.0,0.0,0.0,1.0,0
0.7947761194029851,0.5,0.18067931832225761,-1.01492492650889,1.0,0.0,0.0,1.0,0.0,1.0,0.0,0.0,0.0,0.0,0.0,0.0,1.0,0
0.47761194029850745,0.5,2.376622334931538,-0.8458587827493963,1.0,0.0,0.0,0.0,1.0,1.0,0.0,0.0,0.0,0.0,0.0,0.0,1.0,0
-0.19402985074626866,0.0,-0.2868771382790904,-0.9117283176767101,1.0,1.0,0.0,0.0,1.0,0.0,1.0,0.0,0.0,0.0,1.0,0.0,0.0,0
0.9477611940298507,-1.5,0.5773102319815838,-0.1357188686001838,1.0,1.0,1.0,0.0,0.0,1.0,0.0,0.0,0.0,0.0,0.0,0.0,1.0,1
0.41044776119402987,-0.5,-0.32879190702347766,0.8755861892583556,2.0,0.0,0.0,1.0,0.0,0.0,0.0,1.0,0.0,0.0,0.0,1.0,0.0,1
0.6940298507462687,-1.0,0.6682431654106825,-1.020206061038807,0.0,0.0,0.0,1.0,0.0,1.0,0.0,0.0,0.0,0.0,1.0,0.0,0.0,0
1.2761194029850746,-0.5,-0.5236228551437646,0.7110688640141088,-1.0,0.0,0.0,1.0,0.0,0.0,1.0,0.0,0.0,0.0,0.0,1.0,0.0,0
-1.1380597014925373,0.0,0.048463905942912215,1.267247991819205,1.0,0.0,0.0,1.0,0.0,1.0,0.0,0.0,0.0,0.0,1.0,0.0,0.0,1
-1.2014925373134329,0.0,-0.35823702566951054,-0.8422652231179484,1.0,0.0,1.0,0.0,0.0,0.0,1.0,0.0,0.0,0.0,1.0,0.0,0.0,0
0.835820895522388,2.0,1.548439233353923,0.4317240196049882,2.0,0.0,1.0,0.0,0.0,0.0,0.0,0.0,1.0,0.0,1.0,0.0,0.0,1
-0.21641791044776118,0.0,-0.31033575068516583,-0.38924275133662933,0.0,0.0,0.0,1.0,0.0,0.0,0.0,1.0,0.0,0.0,0.0,1.0,0.0,0
1.0671641791044777,2.5,0.32854121415867327,-0.262304284172558,2.0,0.0,0.0,0.0,1.0,0.0,0.0,1.0,0.0,0.0,0.0,1.0,0.0,1
-0.8694029850746269,0.0,1.7132914525270762,-0.8395399655635246,-1.0,0.0,0.0,1.0,0.0,0.0,0.0,0.0,0.0,1.0,1.0,0.0,0.0,1
-0.7574626865671642,0.5,-0.4894384671726291,1.115498838990621,0.0,0.0,0.0,1.0,0.0,1.0,0.0,0.0,0.0,0.0,0.0,0.0,1.0,1
-1.6194029850746268,-0.5,0.07801184093958721,0.14230804796569038,1.0,0.0,0.0,1.0,0.0,1.0,0.0,0.0,0.0,0.0,1.0,0.0,0.0,0
-1.6194029850746268,-1.0,2.525034900238895,-1.0693196078992746,0.0,0.0,0.0,0.0,1.0,0.0,0.0,0.0,0.0,1.0,1.0,0.0,0.0,0
-1.123134328358209,0.0,-0.5389200122187765,0.9884028927093974,1.0,0.0,0.0,1.0,0.0,1.0,0.0,0.0,0.0,0.0,0.0,1.0,0.0,1
0.3619402985074627,-0.5,-0.5351451071807214,1.2572993779068657,1.0,0.0,0.0,1.0,0.0,1.0,0.0,0.0,0.0,0.0,0.0,0.0,1.0,1
0.08582089552238806,0.0,2.703643404861443,0.33807988415255985,1.0,0.0,0.0,1.0,0.0,1.0,0.0,0.0,0.0,0.0,1.0,0.0,0.0,0
-0.5298507462686567,-1.5,0.40955271974882046,-0.6910280941738,0.0,1.0,0.0,1.0,0.0,0.0,1.0,0.0,0.0,0.0,1.0,0.0,0.0,0
-0.1455223880597015,1.0,-0.3922227984508172,0.08643222948470253,0.0,0.0,0.0,1.0,0.0,0.0,0.0,1.0,0.0,0.0,1.0,0.0,0.0,0
-0.014925373134328358,-0.5,-0.4863565061232074,0.539002380633126,-1.0,0.0,0.0,1.0,0.0,0.0,1.0,0.0,0.0,0.0,1.0,0.0,0.0,0
-0.43283582089552236,0.0,0.24711964544120246,-0.3471628667898025,1.0,0.0,0.0,1.0,0.0,0.0,1.0,0.0,0.0,0.0,1.0,0.0,0.0,0
0.75,0.5,-0.42058159071679274,-0.9041893244343671,0.0,0.0,0.0,1.0,0.0,0.0,1.0,0.0,0.0,0.0,0.0,1.0,0.0,0
0.31716417910447764,1.0,-0.36538492496407154,0.20976191532593488,2.0,0.0,0.0,0.0,1.0,1.0,0.0,0.0,0.0,0.0,0.0,1.0,0.0,1
-0.6156716417910447,1.5,-0.189752410070113,-0.14718024913799593,1.0,1.0,0.0,1.0,0.0,1.0,0.0,0.0,0.0,0.0,1.0,0.0,0.0,1
1.2388059701492538,-1.0,1.5003061590911615,-0.48008328674783884,0.0,0.0,0.0,0.0,1.0,1.0,0.0,0.0,0.0,0.0,1.0,0.0,0.0,0
-0.8544776119402985,1.5,0.20750420049450857,-0.6985954941044731,1.0,0.0,1.0,0.0,0.0,1.0,0.0,0.0,0.0,0.0,0.0,1.0,0.0,1
-0.033582089552238806,0.5,2.9442712778327187,0.15261243536648736,-1.0,0.0,0.0,1.0,0.0,1.0,0.0,0.0,0.0,0.0,1.0,0.0,0.0,0
0.30597014925373134,-0.5,0.49764975680305584,-0.40393825490104174,0.0,0.0,0.0,1.0,0.0,0.0,1.0,0.0,0.0,0.0,1.0,0.0,0.0,1
0.13805970149253732,-1.0,-0.49742093899559064,-0.08646582549034405,0.0,0.0,0.0,1.0,0.0,0.0,0.0,1.0,0.0,0.0,0.0,1.0,0.0,0
0.19402985074626866,-1.5,0.004801352335823058,0.1908464901074459,1.0,0.0,0.0,1.0,0.0,1.0,0.0,0.0,0.0,0.0,0.0,0.0,1.0,0
0.1417910447761194,0.5,-0.17658258860214002,-0.523988737042569,1.0,0.0,0.0,1.0,0.0,1.0,0.0,0.0,0.0,0.0,0.0,1.0,0.0,1
-0.27238805970149255,-1.5,0.30863404136072004,0.5294974088709842,0.0,1.0,0.0,1.0,0.0,0.0,1.0,0.0,0.0,0.0,0.0,0.0,1.0,0
1.6082089552238805,2.0,-0.5236523450457271,-0.7919453625522831,-1.0,0.0,0.0,1.0,0.0,0.0,0.0,1.0,0.0,0.0,0.0,1.0,0.0,1
0.07835820895522388,-0.5,0.272533741999071,0.9235500266959986,0.0,0.0,0.0,1.0,0.0,1.0,0.0,0.0,0.0,0.0,0.0,0.0,1.0,0
0.26492537313432835,0.5,-0.3158798335446223,0.6156988266023901,0.0,0.0,0.0,1.0,0.0,0.0,0.0,1.0,0.0,0.0,1.0,0.0,0.0,0
-0.16044776119402984,-1.0,1.077742040556522,-0.19703686955867997,0.0,0.0,0.0,1.0,0.0,0.0,0.0,0.0,1.0,0.0,1.0,0.0,0.0,0
-1.1940298507462686,0.0,-0.28942442039258554,0.8224988572609749,1.0,0.0,0.0,1.0,0.0,0.0,1.0,0.0,0.0,0.0,1.0,0.0,0.0,0
1.492537313432836,1.0,0.9244742654819743,1.2076349253372691,1.0,0.0,0.0,1.0,0.0,1.0,0.0,0.0,0.0,0.0,1.0,0.0,0.0,1
-0.4664179104477612,-1.5,-0.2672551019819303,0.759860766682484,-1.0,1.0,0.0,1.0,0.0,0.0,0.0,1.0,0.0,0.0,0.0,1.0,0.0,0
0.7798507462686567,0.5,1.0408316505024795,-0.32992116139070143,3.0,1.0,0.0,1.0,0.0,1.0,0.0,0.0,0.0,0.0,0.0,0.0,1.0,1
-0.8582089552238806,-1.0,0.24519584384293425,-0.7978376575568555,1.0,0.0,0.0,1.0,0.0,1.0,0.0,0.0,0.0,0.0,0.0,1.0,0.0,0
-0.6268656716417911,2.5,-0.20621368711915003,-0.3783696698527976,1.0,0.0,0.0,1.0,0.0,0.0,1.0,0.0,0.0,0.0,0.0,1.0,0.0,1
-0.19402985074626866,1.0,-0.39671190890496383,0.46834494041884234,0.0,0.0,0.0,0.0,1.0,1.0,0.0,0.0,0.0,0.0,1.0,0.0,0.0,0
0.39552238805970147,-1.0,0.7853324355784537,1.4898567572878447,-1.0,0.0,0.0,1.0,0.0,1.0,0.0,0.0,0.0,0.0,0.0,0.0,1.0,1
1.212686567164179,0.5,-0.07587441655380305,-0.5068161663592906,0.0,0.0,0.0,1.0,0.0,1.0,0.0,0.0,0.0,0.0,1.0,0.0,0.0,0
0.2835820895522388,0.5,2.4060045385986673,0.5213500139230152,0.0,0.0,0.0,1.0,0.0,1.0,0.0,0.0,0.0,0.0,1.0,0.0,0.0,0
0.12313432835820895,-1.0,-0.6117196330675145,0.8692201603711298,1.0,1.0,0.0,1.0,0.0,0.0,0.0,1.0,0.0,0.0,1.0,0.0,0.0,0
0.3619402985074627,0.0,-0.0704784860285547,0.15646636137203498,0.0,1.0,0.0,1.0,0.0,1.0,0.0,0.0,0.0,0.0,0.0,1.0,0.0,0
0.029850746268656716,-0.5,-0.26385990678071125,-0.27356161461871337,0.0,0.0,0.0,1.0,0.0,1.0,0.0,0.0,0.0,0.0,0.0,1.0,0.0,0
-1.0708955223880596,0.0,3.488464304680498,0.6851530568520625,0.0,0.0,0.0,1.0,0.0,0.0,0.0,0.0,0.0,1.0,1.0,0.0,0.0,1
1.0037313432835822,0.0,1.531003404392554,0.2974225373690199,1.0,0.0,0.0,1.0,0.0,0.0,0.0,1.0,0.0,0.0,0.0,1.0,0.0,0
0.48880597014925375,-1.0,-0.20759758110127224,-0.31329154372295626,0.0,0.0,0.0,1.0,0.0,0.0,1.0,0.0,0.0,0.0,0.0,1.0,0.0,0
-1.6194029850746268,-0.5,1.6513591870336446,-0.4874941787433099,2.0,1.0,0.0,1.0,0.0,1.0,0.0,0.0,0.0,0.0,0.0,1.0,0.0,1
-0.26119402985074625,-0.5,0.06388388189703638,-0.5882874561212508,1.0,0.0,0.0,0.0,1.0,1.0,0.0,0.0,0.0,0.0,0.0,1.0,0.0,0
0.30223880597014924,0.0,0.4933773321676636,1.2354135206488444,1.0,0.0,0.0,1.0,0.0,0.0,0.0,1.0,0.0,0.0,0.0,1.0,0.0,1
1.3843283582089552,-0.5,1.6527297529334397,0.048758261911927565,1.0,0.0,0.0,1.0,0.0,1.0,0.0,0.0,0.0,0.0,1.0,0.0,0.0,0
-0.11194029850746269,0.0,-0.1410043147617841,-0.6653434843870107,0.0,0.0,0.0,1.0,0.0,0.0,0.0,0.0,0.0,1.0,0.0,1.0,0.0,1
1.4888059701492538,-0.5,-0.0750375576996835,-0.5020326918552817,0.0,1.0,0.0,1.0,0.0,1.0,0.0,0.0,0.0,0.0,0.0,0.0,1.0,0
0.30597014925373134,0.0,-0.2412688803853479,1.411976638140229,3.0,1.0,0.0,0.0,1.0,1.0,0.0,0.0,0.0,0.0,1.0,0.0,0.0,1
-0.09328358208955224,-1.5,0.9553756023715052,0.5451663912860116,2.0,0.0,0.0,1.0,0.0,0.0,1.0,0.0,0.0,0.0,0.0,1.0,0.0,1
0.8917910447761194,-1.5,1.772449905737745,0.7770551364522068,-1.0,0.0,0.0,1.0,0.0,0.0,1.0,0.0,0.0,0.0,1.0,0.0,0.0,0
1.085820895522388,-1.0,-0.04010563283183386,0.4831645048835831,1.0,0.0,0.0,0.0,1.0,0.0,0.0,1.0,0.0,0.0,1.0,0.0,0.0,0
-1.3432835820895523,0.5,0.2309978007309276,0.5618135234574869,0.0,1.0,0.0,1.0,0.0,0.0,1.0,0.0,0.0,0.0,0.0,0.0,1.0,0
-0.029850746268656716,1.0,0.1485411723452009,1.442087225623943,0.0,1.0,0.0,1.0,0.0,1.0,0.0,0.0,0.0,0.0,1.0,0.0,0.0,1
-0.9477611940298507,0.0,1.1854245555312775,0.2628908778800718,1.0,0.0,0.0,1.0,0.0,1.0,0.0,0.0,0.0,0.0,0.0,0.0,1.0,0
0.291044776119403,-1.0,0.03412901955274152,1.1938842306504915,1.0,0.0,0.0,1.0,0.0,1.0,0.0,0.0,0.0,0.0,1.0,0.0,0.0,1
-0.5186567164179104,-0.5,-0.02624126700702238,0.17677418490506522,0.0,0.0,1.0,0.0,0.0,0.0,0.0,1.0,0.0,0.0,1.0,0.0,0.0,1
0.055970149253731345,-1.5,0.020631441465374177,-0.6361413288075037,0.0,0.0,0.0,0.0,1.0,1.0,0.0,0.0,0.0,0.0,0.0,1.0,0.0,0
-0.2947761194029851,0.5,-0.13524108127714596,0.554677223109403,0.0,1.0,0.0,1.0,0.0,1.0,0.0,0.0,0.0,0.0,0.0,1.0,0.0,0
1.041044776119403,-1.0,-0.02316150632523911,-0.5012904164143843,2.0,0.0,0.0,1.0,0.0,0.0,0.0,1.0,0.0,0.0,1.0,0.0,0.0,1
0.06716417910447761,1.5,-0.47935475417310747,-0.21821719012292792,1.0,1.0,0.0,1.0,0.0,1.0,0.0,0.0,0.0,0.0,0.0,1.0,0.0,1
1.7682089552238844,-1.0,0.4464464740873206,0.18521940294689226,0.0,0.0,1.0,0.0,0.0,1.0,0.0,0.0,0.0,0.0,0.0,0.0,1.0,1
-1.5,-1.0,-0.12184211562335161,-0.9716431758647245,2.0,0.0,0.0,1.0,0.0,0.0,0.0,1.0,0.0,0.0,0.0,1.0,0.0,1
0.9365671641791045,-0.5,0.6195349296006187,-0.6535822398491498,2.0,0.0,0.0,0.0,1.0,1.0,0.0,0.0,0.0,0.0,1.0,0.0,0.0,1
0.35074626865671643,0.0,-0.40619755446280936,-0.3092127034076519,-1.0,0.0,0.0,1.0,0.0,1.0,0.0,0.0,0.0,0.0,0.0,0.0,1.0,0
-0.31716417910447764,1.0,-0.4547838425294034,-0.8394142619424962,1.0,1.0,1.0,0.0,0.0,1.0,0.0,0.0,0.0,0.0,1.0,0.0,0.0,0
-1.037313432835821,0.0,-0.4025989998888775,0.22385953539222883,-1.0,0.0,1.0,0.0,0.0,1.0,0.0,0.0,0.0,0.0,1.0,0.0,0.0,1
-0.208955223880597,0.0,-0.2763254122526218,0.13341938285627597,0.0,0.0,0.0,1.0,0.0,1.0,0.0,0.0,0.0,0.0,1.0,0.0,0.0,0
0.3582089552238806,-0.5,-0.4509115945697992,0.13266381461399226,0.0,0.0,0.0,1.0,0.0,1.0,0.0,0.0,0.0,0.0,0.0,1.0,0.0,1
0.6567164179104478,-0.5,0.635367713343547,0.593417217230261,3.0,0.0,0.0,0.0,1.0,0.0,1.0,0.0,0.0,0.0,0.0,1.0,0.0,1
-0.7947761194029851,-0.5,0.025103444017543042,1.3713835973887276,1.0,1.0,0.0,1.0,0.0,0.0,0.0,0.0,0.0,1.0,0.0,0.0,1.0,1
0.3880597014925373,0.0,-0.4352104061846054,1.6268068035611678,1.0,0.0,0.0,1.0,0.0,0.0,1.0,0.0,0.0,0.0,1.0,0.0,0.0,1
1.7682089552238844,-1.0,-0.5586534874162987,-0.22606693800454283,3.0,0.0,0.0,0.0,1.0,1.0,0.0,0.0,0.0,0.0,0.0,0.0,1.0,1
-0.914179104477612,0.0,-0.09868434957438812,0.9703965868902438,2.0,0.0,0.0,1.0,0.0,1.0,0.0,0.0,0.0,0.0,1.0,0.0,0.0,1
-0.9813432835820896,0.5,1.8600536690160088,-0.13444743478536855,0.0,0.0,0.0,1.0,0.0,1.0,0.0,0.0,0.0,0.0,1.0,0.0,0.0,1
0.09701492537313433,-0.5,-0.5989734743292722,0.1803589925640702,0.0,0.0,0.0,1.0,0.0,0.0,1.0,0.0,0.0,0.0,1.0,0.0,0.0,0
-0.6082089552238806,1.0,0.8206571205467453,-0.15976682657685945,-1.0,1.0,0.0,0.0,1.0,0.0,0.0,0.0,1.0,0.0,0.0,1.0,0.0,0
-1.6194029850746268,-0.5,0.4019155167034694,-0.07639117692777975,3.0,1.0,0.0,1.0,0.0,1.0,0.0,0.0,0.0,0.0,1.0,0.0,0.0,1
-0.2798507462686567,-1.5,-0.3838108839467511,-0.3845382556769763,-1.0,0.0,0.0,1.0,0.0,1.0,0.0,0.0,0.0,0.0,1.0,0.0,0.0,0
0.43656716417910446,-0.5,-0.6171104796527349,-0.5699180986723346,0.0,1.0,1.0,0.0,0.0,1.0,0.0,0.0,0.0,0.0,1.0,0.0,0.0,0
-0.06343283582089553,-0.5,0.06625117297948975,-0.952095266999401,-1.0,0.0,0.0,0.0,1.0,1.0,0.0,0.0,0.0,0.0,0.0,1.0,0.0,0
1.7682089552238844,0.0,0.5452526936032576,0.21357205690963119,2.0,0.0,0.0,1.0,0.0,0.0,0.0,0.0,0.0,1.0,1.0,0.0,0.0,1
-1.4440298507462686,0.0,0.3173774314887992,0.29081621476348685,-1.0,0.0,0.0,1.0,0.0,1.0,0.0,0.0,0.0,0.0,0.0,1.0,0.0,0
-1.6194029850746268,-1.5,2.080993398139175,0.5503846762181792,0.0,0.0,0.0,1.0,0.0,1.0,0.0,0.0,0.0,0.0,1.0,0.0,0.0,0
-0.15671641791044777,0.5,2.060374073423397,1.3171959727732234,1.0,0.0,1.0,0.0,0.0,1.0,0.0,0.0,0.0,0.0,1.0,0.0,0.0,1
-1.4328358208955223,0.5,-0.6217278394225659,0.643065257132878,2.0,0.0,0.0,1.0,0.0,1.0,0.0,0.0,0.0,0.0,0.0,1.0,0.0,1
0.11567164179104478,0.0,-0.3966818895625288,0.23733099341339484,1.0,0.0,0.0,1.0,0.0,0.0,0.0,1.0,0.0,0.0,1.0,0.0,0.0,0
-0.6305970149253731,-0.5,-0.594921989351952,-0.16069059032048807,1.0,1.0,0.0,0.0,1.0,0.0,0.0,1.0,0.0,0.0,0.0,0.0,1.0,0
0.26119402985074625,-1.5,0.32492507921800623,0.24546580693780448,1.0,0.0,0.0,1.0,0.0,1.0,0.0,0.0,0.0,0.0,0.0,1.0,0.0,0
0.11567164179104478,-1.0,-0.6066856577610877,-0.04918712461705102,1.0,0.0,0.0,1.0,0.0,0.0,0.0,1.0,0.0,0.0,0.0,0.0,1.0,0
0.43656716417910446,0.5,0.433471427047271,0.03995247660483995,1.0,0.0,0.0,1.0,0.0,1.0,0.0,0.0,0.0,0.0,1.0,0.0,0.0,0
-0.6082089552238806,2.5,0.6177546415674945,0.3978964749161014,1.0,0.0,0.0,1.0,0.0,0.0,0.0,1.0,0.0,0.0,0.0,0.0,1.0,1
1.2276119402985075,1.0,-0.09915069835108661,-0.14639399293001423,-1.0,0.0,0.0,1.0,0.0,0.0,0.0,1.0,0.0,0.0,1.0,0.0,0.0,0
0.7686567164179104,1.5,-0.38253881224204705,0.5335162892319583,0.0,0.0,0.0,1.0,0.0,1.0,0.0,0.0,0.0,0.0,1.0,0.0,0.0,1
-0.27238805970149255,-0.5,3.488464304680498,-0.2833511295251942,-1.0,0.0,0.0,0.0,1.0,0.0,0.0,1.0,0.0,0.0,0.0,0.0,1.0,0
-0.30223880597014924,-0.5,-0.10212152251180102,0.6128701819678947,1.0,0.0,0.0,0.0,1.0,1.0,0.0,0.0,0.0,0.0,1.0,0.0,0.0,0
0.4552238805970149,0.0,0.6731544318621552,0.7642928628782996,1.0,0.0,0.0,1.0,0.0,1.0,0.0,0.0,0.0,0.0,1.0,0.0,0.0,1
0.6417910447761194,-1.0,-0.527430324138834,0.11458075082532113,0.0,0.0,0.0,1.0,0.0,0.0,0.0,1.0,0.0,0.0,0.0,0.0,1.0,0
1.3134328358208955,0.0,-0.33948019307680044,-0.7804214313576482,-1.0,0.0,0.0,1.0,0.0,0.0,1.0,0.0,0.0,0.0,0.0,0.0,1.0,1
0.48507462686567165,1.5,1.5647345299824686,-0.0963577415043683,1.0,0.0,0.0,1.0,0.0,1.0,0.0,0.0,0.0,0.0,1.0,0.0,0.0,1
0.30223880597014924,-0.5,-0.1589216843805841,-0.14246012094291602,1.0,0.0,0.0,1.0,0.0,1.0,0.0,0.0,0.0,0.0,0.0,1.0,0.0,0
0.3880597014925373,-1.5,-0.38249176929578005,0.312367817137438,2.0,0.0,0.0,1.0,0.0,1.0,0.0,0.0,0.0,0.0,1.0,0.0,0.0,1
1.0335820895522387,1.0,0.46040728074728926,0.21294423630071094,1.0,0.0,0.0,1.0,0.0,0.0,0.0,0.0,1.0,0.0,0.0,0.0,1.0,0
-0.40671641791044777,0.0,-0.37896397475767063,-0.6387645889904592,0.0,0.0,0.0,1.0,0.0,1.0,0.0,0.0,0.0,0.0,0.0,1.0,0.0,0
-0.9776119402985075,0.5,-0.05706786634851823,0.49361642987215737,1.0,0.0,0.0,0.0,1.0,1.0,0.0,0.0,0.0,0.0,1.0,0.0,0.0,0
-0.582089552238806,1.5,1.316071968432916,-0.8751632382962905,0.0,0.0,0.0,1.0,0.0,0.0,0.0,1.0,0.0,0.0,0.0,0.0,1.0,1
-0.43656716417910446,0.0,-0.6217278394225659,-0.3592420903236144,0.0,0.0,0.0,1.0,0.0,0.0,0.0,1.0,0.0,0.0,1.0,0.0,0.0,0
0.033582089552238806,-1.0,-0.4013718625888456,0.20858060151931504,-1.0,0.0,0.0,1.0,0.0,0.0,0.0,1.0,0.0,0.0,1.0,0.0,0.0,1
0.7350746268656716,1.0,-0.21574454209435495,-0.7040691092322884,1.0,0.0,0.0,1.0,0.0,0.0,0.0,1.0,0.0,0.0,1.0,0.0,0.0,0
-0.39552238805970147,-0.5,-0.327333147429153,0.06276432128002304,0.0,0.0,0.0,1.0,0.0,1.0,0.0,0.0,0.0,0.0,1.0,0.0,0.0,0
0.1828358208955224,-1.0,-0.21579232901044718,-0.19586533115301477,0.0,0.0,0.0,0.0,1.0,0.0,1.0,0.0,0.0,0.0,0.0,0.0,1.0,0
-0.2462686567164179,-0.5,0.9213447524398503,0.02326780389859237,0.0,1.0,0.0,1.0,0.0,0.0,0.0,1.0,0.0,0.0,0.0,0.0,1.0,0
0.12313432835820895,0.5,-0.3813874885233461,-0.37518177141094244,1.0,0.0,0.0,1.0,0.0,1.0,0.0,0.0,0.0,0.0,1.0,0.0,0.0,0
-0.22388059701492538,-1.0,0.23801643515660473,-0.6728742394918432,1.0,0.0,0.0,1.0,0.0,1.0,0.0,0.0,0.0,0.0,0.0,1.0,0.0,1
-0.6902985074626866,0.5,0.6814454994073461,0.9801346579901946,2.0,0.0,0.0,1.0,0.0,0.0,0.0,1.0,0.0,0.0,0.0,1.0,0.0,1
-0.5932835820895522,-0.5,0.23905079579384314,0.17575007033021656,0.0,1.0,0.0,1.0,0.0,1.0,0.0,0.0,0.0,0.0,1.0,0.0,0.0,0
0.43283582089552236,1.5,-0.06138047376115284,-0.7477882093254937,0.0,1.0,0.0,1.0,0.0,1.0,0.0,0.0,0.0,0.0,0.0,0.0,1.0,1
-1.1529850746268657,-1.5,0.16604992571271152,1.332943157920914,-1.0,0.0,0.0,1.0,0.0,1.0,0.0,0.0,0.0,0.0,1.0,0.0,0.0,1
-0.3208955223880597,-1.5,2.613928915317222,-1.0370700978223633,0.0,0.0,0.0,1.0,0.0,1.0,0.0,0.0,0.0,0.0,0.0,1.0,0.0,0
0.29850746268656714,0.0,-0.3411359200825018,-0.05294273689788344,-1.0,1.0,0.0,0.0,1.0,1.0,0.0,0.0,0.0,0.0,1.0,0.0,0.0,0
0.3246268656716418,0.0,0.3347937419887728,-0.34615815488759694,0.0,1.0,0.0,1.0,0.0,1.0,0.0,0.0,0.0,0.0,0.0,0.0,1.0,0
0.08582089552238806,-1.5,-0.6018350839055046,-0.4860440845630152,1.0,0.0,0.0,1.0,0.0,0.0,0.0,1.0,0.0,0.0,0.0,0.0,1.0,0
-0.5597014925373134,-0.5,-0.566446098353229,0.43227982346226707,1.0,0.0,0.0,1.0,0.0,1.0,0.0,0.0,0.0,0.0,0.0,0.0,1.0,0
1.1007462686567164,-1.5,-0.4676838168669256,1.2611715643432415,0.0,0.0,0.0,1.0,0.0,1.0,0.0,0.0,0.0,0.0,1.0,0.0,0.0,1
0.8022388059701493,1.0,-0.07919262071829967,0.30886088643229487,1.0,0.0,0.0,1.0,0.0,1.0,0.0,0.0,0.0,0.0,1.0,0.0,0.0,0
0.30970149253731344,0.0,-0.5854201367673685,-0.40945203848752404,1.0,0.0,0.0,1.0,0.0,1.0,0.0,0.0,0.0,0.0,0.0,1.0,0.0,1
-0.8171641791044776,-1.0,-0.3038262560613035,0.7842171475145143,1.0,0.0,0.0,1.0,0.0,1.0,0.0,0.0,0.0,0.0,0.0,1.0,0.0,0
-0.022388059701492536,0.5,0.8236864383911722,-0.09282023697466392,0.0,0.0,0.0,1.0,0.0,0.0,0.0,0.0,0.0,1.0,0.0,0.0,1.0,1
-0.1417910447761194,-1.0,-0.5826462134431277,0.12285189207042518,2.0,0.0,0.0,1.0,0.0,1.0,0.0,0.0,0.0,0.0,1.0,0.0,0.0,1
0.4552238805970149,1.5,-0.5926302322862506,-0.2954971134811717,-1.0,0.0,1.0,0.0,0.0,1.0,0.0,0.0,0.0,0.0,1.0,0.0,0.0,1
0.9216417910447762,1.0,1.5915090037315787,0.18564706597100272,-1.0,1.0,0.0,0.0,1.0,0.0,0.0,1.0,0.0,0.0,1.0,0.0,0.0,0
0.1417910447761194,0.0,0.390778011737929,0.3003068125659862,-1.0,1.0,0.0,1.0,0.0,0.0,0.0,1.0,0.0,0.0,0.0,0.0,1.0,0
-1.1380597014925373,-1.0,-0.5829351578062062,0.7550978014545608,-1.0,0.0,0.0,1.0,0.0,0.0,0.0,1.0,0.0,0.0,1.0,0.0,0.0,0
-1.2649253731343284,0.5,0.34311030590472313,0.9305843662586637,1.0,0.0,0.0,0.0,1.0,1.0,0.0,0.0,0.0,0.0,1.0,0.0,0.0,0
0.43283582089552236,-1.5,1.1481332437488263,0.743641559129336,1.0,0.0,0.0,1.0,0.0,1.0,0.0,0.0,0.0,0.0,0.0,1.0,0.0,0
-0.16791044776119404,-0.5,-0.055130593746038035,0.7723840613690703,0.0,0.0,0.0,1.0,0.0,1.0,0.0,0.0,0.0,0.0,0.0,1.0,0.0,1
0.022388059701492536,0.0,2.0029832626735833,-1.0481070438264917,0.0,0.0,0.0,1.0,0.0,0.0,0.0,1.0,0.0,0.0,1.0,0.0,0.0,0
-0.055970149253731345,-1.0,-0.12248201064227554,-0.9483911450687162,2.0,0.0,0.0,0.0,1.0,0.0,1.0,0.0,0.0,0.0,1.0,0.0,0.0,1
-0.1791044776119403,1.5,0.9559451560195884,-0.8402006404360325,0.0,0.0,0.0,0.0,1.0,1.0,0.0,0.0,0.0,0.0,1.0,0.0,0.0,1
0.7126865671641791,-0.5,0.28931189704254123,0.012396259742311453,1.0,0.0,0.0,0.0,1.0,1.0,0.0,0.0,0.0,0.0,1.0,0.0,0.0,0
0.3283582089552239,0.5,0.3921399279709669,-0.90062760446374,0.0,0.0,0.0,1.0,0.0,0.0,0.0,1.0,0.0,0.0,1.0,0.0,0.0,0
-0.503731343283582,-1.5,0.058786171984744416,-0.028916989324800742,2.0,0.0,0.0,0.0,1.0,0.0,0.0,0.0,0.0,1.0,1.0,0.0,0.0,1
-0.4253731343283582,-0.5,-0.6093767446502126,0.13993514936397344,0.0,0.0,0.0,1.0,0.0,1.0,0.0,0.0,0.0,0.0,1.0,0.0,0.0,0
-0.0708955223880597,1.5,-0.26164897249104024,-0.44181717150384675,0.0,0.0,0.0,1.0,0.0,0.0,1.0,0.0,0.0,0.0,0.0,0.0,1.0,1
-0.16044776119402984,-1.0,-0.6217278394225659,0.6970022786733034,0.0,0.0,0.0,0.0,1.0,1.0,0.0,0.0,0.0,0.0,1.0,0.0,0.0,0
-1.2388059701492538,-0.5,-0.5743583660873257,-0.8729544885800639,1.0,1.0,0.0,1.0,0.0,1.0,0.0,0.0,0.0,0.0,1.0,0.0,0.0,0
0.7388059701492538,-1.0,-0.4728479580967733,-0.10618078411766224,0.0,0.0,0.0,1.0,0.0,0.0,0.0,0.0,1.0,0.0,1.0,0.0,0.0,0
-0.14925373134328357,1.5,-0.4515171585195753,-0.40270577631509563,1.0,0.0,0.0,0.0,1.0,0.0,1.0,0.0,0.0,0.0,1.0,0.0,0.0,1
-0.6194029850746269,1.0,0.16360415876749443,-0.1351422083775744,-1.0,0.0,0.0,1.0,0.0,0.0,1.0,0.0,0.0,0.0,1.0,0.0,0.0,0
0.6455223880597015,-1.0,0.8843474354969135,0.6675544600963218,0.0,0.0,0.0,1.0,0.0,1.0,0.0,0.0,0.0,0.0,1.0,0.0,0.0,0
0.1044776119402985,2.0,0.5429304646376027,1.3116112767745887,1.0,0.0,0.0,1.0,0.0,0.0,0.0,0.0,0.0,1.0,1.0,0.0,0.0,1
-0.9328358208955224,-0.5,-0.5796805216022053,-0.41809436049864773,1.0,1.0,0.0,1.0,0.0,1.0,0.0,0.0,0.0,0.0,1.0,0.0,0.0,0
0.5,-0.5,1.3381225647554784,-0.42868233334790196,0.0,0.0,0.0,1.0,0.0,1.0,0.0,0.0,0.0,0.0,1.0,0.0,0.0,0
0.6977611940298507,1.5,2.447321911279353,-0.0070170797692146085,2.0,0.0,0.0,1.0,0.0,0.0,0.0,0.0,0.0,1.0,0.0,0.0,1.0,1
0.08955223880597014,1.5,-0.2516957042555076,1.4526313498352572,1.0,0.0,0.0,0.0,1.0,1.0,0.0,0.0,0.0,0.0,0.0,1.0,0.0,1
-0.8955223880597015,1.5,-0.5628699757144512,-0.7624199092549396,2.0,0.0,0.0,1.0,0.0,0.0,1.0,0.0,0.0,0.0,0.0,1.0,0.0,1
0.10074626865671642,-1.0,-0.20894374188537426,0.171687702619713,0.0,0.0,0.0,0.0,1.0,1.0,0.0,0.0,0.0,0.0,0.0,1.0,0.0,0
0.04477611940298507,0.5,-0.5752905190988878,-0.4980372622593593,2.0,0.0,0.0,1.0,0.0,1.0,0.0,0.0,0.0,0.0,1.0,0.0,0.0,1
0.07835820895522388,1.0,1.7595957239523319,-1.0693196078992746,0.0,0.0,0.0,0.0,1.0,1.0,0.0,0.0,0.0,0.0,1.0,0.0,0.0,0
-0.914179104477612,-1.5,0.39691811667490706,-0.289633608342497,3.0,0.0,0.0,1.0,0.0,0.0,0.0,0.0,0.0,1.0,0.0,1.0,0.0,1
0.007462686567164179,0.0,1.1869773074566556,-0.5729494122866351,-1.0,0.0,0.0,1.0,0.0,0.0,0.0,0.0,1.0,0.0,0.0,0.0,1.0,0
0.16044776119402984,1.5,-0.36997470975769253,0.44281227290512976,-1.0,0.0,1.0,0.0,0.0,1.0,0.0,0.0,0.0,0.0,0.0,0.0,1.0,1
-0.12686567164179105,-1.5,0.3614757945883703,-0.26946355002899863,0.0,0.0,0.0,1.0,0.0,1.0,0.0,0.0,0.0,0.0,0.0,0.0,1.0,0
0.48507462686567165,-0.5,0.06661819120625893,-0.09114249527394049,0.0,0.0,0.0,0.0,1.0,1.0,0.0,0.0,0.0,0.0,1.0,0.0,0.0,0
1.4402985074626866,-1.5,0.31083357816422963,-0.19048473668664753,1.0,0.0,0.0,1.0,0.0,1.0,0.0,0.0,0.0,0.0,1.0,0.0,0.0,0
0.8582089552238806,0.0,0.41039981596954395,-0.490218055854128,2.0,0.0,0.0,1.0,0.0,1.0,0.0,0.0,0.0,0.0,1.0,0.0,0.0,1
1.373134328358209,2.0,1.8094010066286221,-0.741163954814759,0.0,0.0,0.0,1.0,0.0,1.0,0.0,0.0,0.0,0.0,0.0,0.0,1.0,1
0.12686567164179105,2.0,0.3618856797059453,-0.02507163382606432,1.0,0.0,0.0,1.0,0.0,0.0,1.0,0.0,0.0,0.0,0.0,1.0,0.0,1
-0.7350746268656716,-0.5,-0.5942309132611125,0.0006727864529817909,1.0,0.0,0.0,1.0,0.0,0.0,0.0,0.0,1.0,0.0,0.0,1.0,0.0,0
-0.3283582089552239,-1.0,-0.43379098787241055,-0.25471801747821166,0.0,0.0,0.0,0.0,1.0,1.0,0.0,0.0,0.0,0.0,1.0,0.0,0.0,0
0.917910447761194,-1.0,0.3924306035467217,-0.33819333329321166,0.0,1.0,0.0,0.0,1.0,1.0,0.0,0.0,0.0,0.0,1.0,0.0,0.0,0
0.6902985074626866,0.5,-0.27306817758110025,0.10205486844552018,2.0,0.0,0.0,1.0,0.0,0.0,0.0,1.0,0.0,0.0,1.0,0.0,0.0,1
0.033582089552238806,1.5,-0.4297002398558948,0.4348426748277281,0.0,0.0,0.0,0.0,1.0,1.0,0.0,0.0,0.0,0.0,0.0,0.0,1.0,1
0.048507462686567165,2.0,-0.3818169164860147,-0.8932737315798426,1.0,0.0,0.0,1.0,0.0,1.0,0.0,0.0,0.0,0.0,0.0,1.0,0.0,1
-1.007462686567164,-0.5,-0.534652842181503,-0.8028361161940392,0.0,1.0,1.0,0.0,0.0,1.0,0.0,0.0,0.0,0.0,1.0,0.0,0.0,0
-0.07835820895522388,0.0,1.5733268866274956,0.12886781637814923,0.0,0.0,0.0,1.0,0.0,0.0,0.0,1.0,0.0,0.0,0.0,0.0,1.0,0
1.5559701492537314,-1.0,0.9629206363652656,0.19205204914973018,-1.0,1.0,0.0,0.0,1.0,1.0,0.0,0.0,0.0,0.0,1.0,0.0,0.0,0
0.2126865671641791,0.0,-0.1358988488003932,-1.0693196078992746,-1.0,1.0,0.0,1.0,0.0,1.0,0.0,0.0,0.0,0.0,1.0,0.0,0.0,0
-0.5,2.5,0.8688165741238534,-0.17372573235019922,1.0,0.0,0.0,1.0,0.0,1.0,0.0,0.0,0.0,0.0,0.0,1.0,0.0,1
-0.007462686567164179,-0.5,0.4042131929806641,0.014774188028394105,1.0,0.0,0.0,1.0,0.0,1.0,0.0,0.0,0.0,0.0,1.0,0.0,0.0,0
0.1828358208955224,-0.5,0.3936826608877336,0.12526164162008618,0.0,0.0,0.0,1.0,0.0,1.0,0.0,0.0,0.0,0.0,0.0,1.0,0.0,0
0.6380597014925373,0.5,0.6566490148701294,1.7206757969526445,0.0,1.0,0.0,1.0,0.0,1.0,0.0,0.0,0.0,0.0,0.0,0.0,1.0,1
-0.7388059701492538,2.0,-0.4734828983945982,0.5787623127301758,2.0,0.0,0.0,1.0,0.0,0.0,0.0,1.0,0.0,0.0,0.0,0.0,1.0,1
-1.1194029850746268,0.0,-0.6191774298101714,-0.056063106579534026,-1.0,1.0,0.0,1.0,0.0,1.0,0.0,0.0,0.0,0.0,1.0,0.0,0.0,0
1.1194029850746268,0.0,-0.14803938840791045,-0.5441666324707768,1.0,0.0,0.0,1.0,0.0,0.0,0.0,0.0,1.0,0.0,1.0,0.0,0.0,0
-0.5410447761194029,-0.5,0.14891586212670138,-0.07084182197285108,0.0,0.0,0.0,1.0,0.0,1.0,0.0,0.0,0.0,0.0,0.0,1.0,0.0,0
-0.30970149253731344,-1.0,-0.24882228451729063,1.3025309523638773,0.0,0.0,0.0,1.0,0.0,0.0,1.0,0.0,0.0,0.0,1.0,0.0,0.0,1
-0.291044776119403,-1.0,0.022996708091588693,-0.5179606708568676,1.0,0.0,0.0,1.0,0.0,1.0,0.0,0.0,0.0,0.0,0.0,1.0,0.0,0
1.164179104477612,1.0,2.1329646492205194,0.6486470277858811,1.0,0.0,0.0,1.0,0.0,0.0,0.0,1.0,0.0,0.0,1.0,0.0,0.0,0
-1.376865671641791,1.0,0.046716193942957306,-0.28874139645074215,-1.0,0.0,0.0,1.0,0.0,0.0,1.0,0.0,0.0,0.0,1.0,0.0,0.0,1
0.7574626865671642,-1.0,1.134943896612153,0.12295575415665988,2.0,0.0,0.0,0.0,1.0,1.0,0.0,0.0,0.0,0.0,0.0,0.0,1.0,1
0.05970149253731343,0.5,0.2868291465840976,0.013222261390563697,-1.0,0.0,0.0,1.0,0.0,0.0,1.0,0.0,0.0,0.0,1.0,0.0,0.0,0
-1.044776119402985,0.5,1.7839623668329654,0.3313080663925961,0.0,1.0,0.0,1.0,0.0,1.0,0.0,0.0,0.0,0.0,1.0,0.0,0.0,0
-0.44776119402985076,-1.5,0.003018577549364101,1.4986894299570368,0.0,0.0,0.0,0.0,1.0,0.0,1.0,0.0,0.0,0.0,1.0,0.0,0.0,1
0.6567164179104478,2.5,-0.532700474606207,0.7188704712262438,2.0,0.0,0.0,1.0,0.0,0.0,0.0,1.0,0.0,0.0,0.0,0.0,1.0,1
0.6119402985074627,-1.5,0.7261627940398275,0.7244121602653829,1.0,0.0,0.0,1.0,0.0,1.0,0.0,0.0,0.0,0.0,1.0,0.0,0.0,0
0.6380597014925373,1.0,-0.42170210358951,-0.45485318524465224,-1.0,1.0,0.0,1.0,0.0,0.0,0.0,1.0,0.0,0.0,0.0,1.0,0.0,0
0.6380597014925373,0.5,0.13727714065280017,0.5578385448147792,1.0,0.0,0.0,1.0,0.0,0.0,1.0,0.0,0.0,0.0,1.0,0.0,0.0,1
-0.27238805970149255,0.5,-0.5049228335265806,-0.637826300975811,1.0,0.0,1.0,0.0,0.0,0.0,0.0,0.0,1.0,0.0,0.0,1.0,0.0,1
-0.23134328358208955,1.0,-0.3993630797199812,0.826514885181869,0.0,0.0,0.0,1.0,0.0,0.0,1.0,0.0,0.0,0.0,1.0,0.0,0.0,0
0.08955223880597014,0.5,-0.6217278394225659,-0.563064778408025,0.0,1.0,0.0,1.0,0.0,0.0,1.0,0.0,0.0,0.0,1.0,0.0,0.0,0
0.8395522388059702,1.5,-0.21912166277120432,0.10452426530006549,2.0,0.0,0.0,1.0,0.0,0.0,0.0,1.0,0.0,0.0,1.0,0.0,0.0,1
-0.21641791044776118,0.5,-0.5616432672141793,0.12127524919153035,0.0,0.0,0.0,0.0,1.0,1.0,0.0,0.0,0.0,0.0,0.0,1.0,0.0,0
-0.5597014925373134,-1.0,-0.4498777391132028,-0.6872837917980302,2.0,0.0,0.0,1.0,0.0,0.0,0.0,1.0,0.0,0.0,1.0,0.0,0.0,1
-0.6940298507462687,-1.0,-0.11934486567865966,0.051225500273949134,1.0,0.0,0.0,1.0,0.0,1.0,0.0,0.0,0.0,0.0,0.0,1.0,0.0,0
-0.014925373134328358,-1.5,-0.5844127642375553,-0.8403737856132331,2.0,0.0,0.0,1.0,0.0,0.0,1.0,0.0,0.0,0.0,0.0,1.0,0.0,1
-0.5783582089552238,1.5,0.6605792857795793,-0.11951603525599394,1.0,0.0,0.0,1.0,0.0,1.0,0.0,0.0,0.0,0.0,1.0,0.0,0.0,1
-0.6492537313432836,-0.5,-0.38909082942138423,-0.13886710647921466,2.0,1.0,0.0,0.0,1.0,0.0,0.0,1.0,0.0,0.0,0.0,0.0,1.0,1
-0.3582089552238806,0.5,-0.20978134161832312,0.3331111158064269,0.0,0.0,0.0,1.0,0.0,1.0,0.0,0.0,0.0,0.0,1.0,0.0,0.0,0
-0.8768656716417911,-0.5,0.44575226948227514,-0.7294054469261587,2.0,1.0,0.0,1.0,0.0,1.0,0.0,0.0,0.0,0.0,0.0,1.0,0.0,1
1.4514925373134329,1.0,1.0337055256971222,-0.5997058979637254,0.0,0.0,0.0,0.0,1.0,0.0,1.0,0.0,0.0,0.0,0.0,0.0,1.0,0
0.29850746268656714,0.0,1.1262936452835195,-1.0256949750014825,0.0,0.0,0.0,1.0,0.0,1.0,0.0,0.0,0.0,0.0,0.0,0.0,1.0,0
-0.029850746268656716,0.5,-0.02815303277139594,-0.019965636717628868,1.0,0.0,0.0,1.0,0.0,1.0,0.0,0.0,0.0,0.0,1.0,0.0,0.0,0
-0.20149253731343283,-0.5,-0.03124469023543919,0.3055250133242991,0.0,0.0,0.0,1.0,0.0,1.0,0.0,0.0,0.0,0.0,0.0,0.0,1.0,0
-0.9216417910447762,-0.5,-0.5782876623835832,0.622562981899168,2.0,0.0,0.0,1.0,0.0,0.0,0.0,1.0,0.0,0.0,0.0,0.0,1.0,1
-0.6492537313432836,0.5,2.236237107801424,0.7819914217691137,1.0,0.0,0.0,1.0,0.0,0.0,0.0,1.0,0.0,0.0,1.0,0.0,0.0,0
0.25,1.5,-0.33027995547414274,0.6029160436967402,-1.0,0.0,0.0,1.0,0.0,1.0,0.0,0.0,0.0,0.0,1.0,0.0,0.0,1
0.5708955223880597,-1.5,-0.3878170565385502,0.6167263438979593,0.0,1.0,0.0,1.0,0.0,1.0,0.0,0.0,0.0,0.0,0.0,1.0,0.0,0
0.06343283582089553,0.0,1.0084101462129522,0.05461397406571468,-1.0,0.0,0.0,1.0,0.0,1.0,0.0,0.0,0.0,0.0,1.0,0.0,0.0,0
0.1455223880597015,-0.5,-0.0860844165764415,-0.8985459478383921,1.0,0.0,0.0,1.0,0.0,0.0,0.0,1.0,0.0,0.0,1.0,0.0,0.0,0
0.7052238805970149,-0.5,1.330148209818973,-0.3533534916814946,0.0,1.0,0.0,1.0,0.0,0.0,0.0,1.0,0.0,0.0,0.0,0.0,1.0,0
0.43656716417910446,-0.5,-0.24953597208725406,0.8280484699299303,2.0,0.0,0.0,0.0,1.0,0.0,0.0,1.0,0.0,0.0,1.0,0.0,0.0,1
-0.503731343283582,0.0,-0.1825602771594781,-0.8240798858713393,0.0,0.0,1.0,0.0,0.0,1.0,0.0,0.0,0.0,0.0,1.0,0.0,0.0,0
0.1791044776119403,0.0,0.5593633168120756,-0.3056911724570113,1.0,0.0,0.0,0.0,1.0,1.0,0.0,0.0,0.0,0.0,1.0,0.0,0.0,0
-0.6007462686567164,0.0,1.0777396088217694,-0.6148166792910351,-1.0,0.0,0.0,1.0,0.0,1.0,0.0,0.0,0.0,0.0,1.0,0.0,0.0,0
-0.13805970149253732,0.5,0.49564496041158085,0.5413834436070686,-1.0,0.0,0.0,1.0,0.0,0.0,0.0,0.0,0.0,1.0,1.0,0.0,0.0,1
1.1977611940298507,-1.5,0.11963859926153324,0.5345512908952477,0.0,0.0,0.0,1.0,0.0,1.0,0.0,0.0,0.0,0.0,0.0,1.0,0.0,0
0.48880597014925375,1.5,-0.41132358058815005,-0.5024954284876532,-1.0,1.0,0.0,1.0,0.0,0.0,0.0,1.0,0.0,0.0,1.0,0.0,0.0,1
-0.07835820895522388,-0.5,0.71629811724445,0.6925875043049925,0.0,0.0,0.0,0.0,1.0,1.0,0.0,0.0,0.0,0.0,1.0,0.0,0.0,1
-0.4664179104477612,1.0,-0.40940799518546334,-1.0450956509229503,2.0,0.0,0.0,1.0,0.0,0.0,0.0,1.0,0.0,0.0,0.0,1.0,0.0,1
0.8059701492537313,-1.0,-0.434178345571124,-1.0338879336109599,0.0,0.0,0.0,1.0,0.0,1.0,0.0,0.0,0.0,0.0,1.0,0.0,0.0,0
-0.35447761194029853,2.0,-0.016272837720758195,0.13174065577359653,0.0,0.0,0.0,1.0,0.0,0.0,0.0,1.0,0.0,0.0,1.0,0.0,0.0,1
0.16791044776119404,0.5,-0.4915737094972097,0.3122025108963324,0.0,0.0,0.0,1.0,0.0,1.0,0.0,0.0,0.0,0.0,0.0,1.0,0.0,0
-0.8731343283582089,0.5,-0.5077344635612229,0.6221754234275239,2.0,0.0,0.0,0.0,1.0,1.0,0.0,0.0,0.0,0.0,1.0,0.0,0.0,1
-0.8097014925373134,0.5,0.5388827421242753,-0.3167652417814662,-1.0,0.0,0.0,0.0,1.0,1.0,0.0,0.0,0.0,0.0,0.0,1.0,0.0,0
-0.7574626865671642,-0.5,0.21583567573764428,0.7608647529326408,0.0,0.0,0.0,0.0,1.0,1.0,0.0,0.0,0.0,0.0,0.0,0.0,1.0,0
0.7388059701492538,-1.0,-0.44974491724587307,-0.6178407975806053,1.0,0.0,0.0,1.0,0.0,0.0,0.0,1.0,0.0,0.0,0.0,0.0,1.0,1
0.7723880597014925,1.5,0.7831702051196684,0.44381619326217453,-1.0,0.0,0.0,1.0,0.0,1.0,0.0,0.0,0.0,0.0,1.0,0.0,0.0,1
-0.9291044776119403,0.0,-0.2840447422407294,-0.7264529593337544,1.0,0.0,0.0,1.0,0.0,0.0,0.0,1.0,0.0,0.0,1.0,0.0,0.0,0
-0.5149253731343284,-1.5,-0.45075199001803806,-0.5316371345695284,0.0,0.0,0.0,0.0,1.0,0.0,1.0,0.0,0.0,0.0,1.0,0.0,0.0,0
-1.6194029850746268,0.5,1.0836029566116385,0.6320343391311286,1.0,0.0,0.0,1.0,0.0,0.0,0.0,1.0,0.0,0.0,1.0,0.0,0.0,1
0.029850746268656716,0.5,0.43951341778186537,-0.587076092030063,0.0,0.0,0.0,1.0,0.0,1.0,0.0,0.0,0.0,0.0,0.0,1.0,0.0,0
1.7682089552238844,-0.5,-0.40353509631676854,0.4656119780945714,0.0,0.0,0.0,0.0,1.0,0.0,0.0,0.0,1.0,0.0,0.0,0.0,1.0,0
0.29850746268656714,-0.5,1.4962546395258909,-0.21515180775432605,0.0,0.0,0.0,1.0,0.0,1.0,0.0,0.0,0.0,0.0,0.0,0.0,1.0,0
0.6194029850746269,-0.5,-0.576405884299669,-0.9230855703441324,0.0,0.0,0.0,0.0,1.0,1.0,0.0,0.0,0.0,0.0,0.0,0.0,1.0,0
0.47388059701492535,0.0,-0.5251780862793687,-0.6050138024452106,0.0,0.0,0.0,1.0,0.0,1.0,0.0,0.0,0.0,0.0,0.0,1.0,0.0,0
0.3917910447761194,0.0,2.5511919095452624,0.10660544924830943,0.0,0.0,0.0,1.0,0.0,1.0,0.0,0.0,0.0,0.0,1.0,0.0,0.0,0
-0.5932835820895522,2.5,1.2876410352839172,-0.7273971812384413,0.0,0.0,0.0,0.0,1.0,1.0,0.0,0.0,0.0,0.0,1.0,0.0,0.0,1
0.48134328358208955,1.0,-0.40489878372103594,0.2895685675595835,0.0,0.0,0.0,0.0,1.0,1.0,0.0,0.0,0.0,0.0,0.0,1.0,0.0,0
-0.6865671641791045,-0.5,-0.27787472977270333,-0.008412205223223142,0.0,0.0,0.0,1.0,0.0,1.0,0.0,0.0,0.0,0.0,1.0,0.0,0.0,0
-0.45149253731343286,0.0,1.3821127918138345,0.6362540892187344,0.0,0.0,0.0,0.0,1.0,1.0,0.0,0.0,0.0,0.0,0.0,1.0,0.0,0
-0.832089552238806,0.0,-0.09508166471078919,0.3473559750811132,2.0,0.0,0.0,0.0,1.0,1.0,0.0,0.0,0.0,0.0,0.0,1.0,0.0,1
0.08582089552238806,-1.5,-0.18911845888416018,-0.14080674601583584,0.0,1.0,0.0,0.0,1.0,0.0,0.0,1.0,0.0,0.0,0.0,0.0,1.0,0
-0.011194029850746268,1.5,-0.23065552203764594,-0.3046756460405008,1.0,1.0,0.0,1.0,0.0,0.0,0.0,0.0,0.0,1.0,0.0,1.0,0.0,1
-1.4514925373134329,-1.0,0.4448026921806455,0.3850778095666902,0.0,0.0,0.0,0.0,1.0,0.0,0.0,1.0,0.0,0.0,1.0,0.0,0.0,0
0.208955223880597,1.0,0.04271720670339239,-0.8335120322489471,1.0,0.0,0.0,1.0,0.0,1.0,0.0,0.0,0.0,0.0,0.0,1.0,0.0,0
-0.9738805970149254,0.5,-0.41034888897431276,-0.6330871613499803,1.0,0.0,0.0,1.0,0.0,0.0,1.0,0.0,0.0,0.0,1.0,0.0,0.0,0
-0.43283582089552236,1.5,-0.43273841722796896,0.793514870823887,0.0,0.0,0.0,1.0,0.0,1.0,0.0,0.0,0.0,0.0,0.0,1.0,0.0,1
0.6194029850746269,-0.5,-0.3876841293584874,-0.790827870279526,-1.0,0.0,0.0,1.0,0.0,1.0,0.0,0.0,0.0,0.0,0.0,0.0,1.0,0
0.22388059701492538,-0.5,0.6892894734198208,-0.42770660318917714,2.0,1.0,0.0,1.0,0.0,0.0,1.0,0.0,0.0,0.0,1.0,0.0,0.0,1
0.3805970149253731,-0.5,2.321208448604599,-0.5017340592221985,0.0,0.0,0.0,1.0,0.0,1.0,0.0,0.0,0.0,0.0,0.0,0.0,1.0,0
0.43656716417910446,-1.5,0.8438376226841509,1.0196085222256452,1.0,0.0,0.0,0.0,1.0,0.0,0.0,1.0,0.0,0.0,0.0,1.0,0.0,1
-1.5335820895522387,-1.5,-0.4392444942838953,1.179486599362894,1.0,0.0,0.0,0.0,1.0,1.0,0.0,0.0,0.0,0.0,1.0,0.0,0.0,1
0.6753731343283582,0.0,0.3218859355057264,0.03586682242066218,1.0,0.0,0.0,1.0,0.0,0.0,0.0,1.0,0.0,0.0,1.0,0.0,0.0,0
-1.6194029850746268,1.0,-0.5058758536215906,-0.5105564165461981,0.0,0.0,0.0,1.0,0.0,0.0,0.0,1.0,0.0,0.0,1.0,0.0,0.0,0
-1.4477611940298507,0.0,-0.03946817145400841,-0.3239634160725789,0.0,0.0,0.0,1.0,0.0,1.0,0.0,0.0,0.0,0.0,0.0,1.0,0.0,0
-0.45149253731343286,2.0,2.5315231184673728,-0.2311001800297633,3.0,0.0,0.0,0.0,1.0,1.0,0.0,0.0,0.0,0.0,0.0,1.0,0.0,1
1.1791044776119404,0.5,0.5189356238625333,-0.305212879442337,0.0,1.0,0.0,1.0,0.0,1.0,0.0,0.0,0.0,0.0,1.0,0.0,0.0,0
0.6231343283582089,-0.5,-0.6217278394225659,0.382425693525109,1.0,0.0,0.0,1.0,0.0,1.0,0.0,0.0,0.0,0.0,1.0,0.0,0.0,0
1.2537313432835822,-1.0,1.9012400443407294,1.1329473367336098,0.0,0.0,0.0,1.0,0.0,0.0,0.0,1.0,0.0,0.0,0.0,1.0,0.0,1
0.48880597014925375,-0.5,0.042483506925046696,-0.5256681628709002,2.0,0.0,0.0,0.0,1.0,0.0,0.0,1.0,0.0,0.0,0.0,1.0,0.0,1
-0.6865671641791045,-1.0,0.6859427439350655,-0.7683690086649966,0.0,0.0,0.0,1.0,0.0,1.0,0.0,0.0,0.0,0.0,1.0,0.0,0.0,0
0.3246268656716418,0.5,0.022993688739661174,-0.5956374382235132,0.0,1.0,0.0,1.0,0.0,0.0,1.0,0.0,0.0,0.0,1.0,0.0,0.0,0
-0.6305970149253731,-0.5,-0.05696018827839154,-0.5331252156914285,0.0,0.0,0.0,1.0,0.0,0.0,0.0,1.0,0.0,0.0,0.0,1.0,0.0,0
-0.31343283582089554,-0.5,1.28514540584322,-0.7073967050769016,1.0,0.0,0.0,1.0,0.0,1.0,0.0,0.0,0.0,0.0,0.0,0.0,1.0,0
-0.9925373134328358,-1.0,1.724662025655345,0.02334683398942281,1.0,0.0,0.0,1.0,0.0,1.0,0.0,0.0,0.0,0.0,1.0,0.0,0.0,0
0.8395522388059702,-0.5,0.5305314023538745,0.8143617373238168,2.0,0.0,0.0,0.0,1.0,0.0,1.0,0.0,0.0,0.0,0.0,0.0,1.0,1
0.3358208955223881,-0.5,2.3875072693746446,0.3833480292209364,0.0,0.0,0.0,1.0,0.0,1.0,0.0,0.0,0.0,0.0,1.0,0.0,0.0,1
-0.6156716417910447,0.0,-0.5603826298231954,-0.27793423652211735,-1.0,0.0,0.0,1.0,0.0,0.0,0.0,0.0,0.0,1.0,1.0,0.0,0.0,1
0.9328358208955224,1.5,-0.33709480599204567,0.4063792474485951,1.0,0.0,0.0,1.0,0.0,0.0,1.0,0.0,0.0,0.0,1.0,0.0,0.0,1
-0.667910447761194,1.0,1.6917849299366958,0.06797721429332206,0.0,0.0,0.0,0.0,1.0,0.0,0.0,0.0,0.0,1.0,1.0,0.0,0.0,1
0.014925373134328358,1.0,0.04338744537272778,-0.0001472706215469363,2.0,1.0,1.0,0.0,0.0,0.0,1.0,0.0,0.0,0.0,1.0,0.0,0.0,1
-0.43656716417910446,1.0,-0.49332958639561836,0.037449019000559,-1.0,1.0,0.0,1.0,0.0,1.0,0.0,0.0,0.0,0.0,1.0,0.0,0.0,0
0.8208955223880597,2.0,-0.2402074735325981,-0.2981224771280559,-1.0,0.0,0.0,1.0,0.0,1.0,0.0,0.0,0.0,0.0,1.0,0.0,0.0,1
-0.7947761194029851,-0.5,1.1787812544892833,-0.37764075052864593,2.0,0.0,0.0,0.0,1.0,1.0,0.0,0.0,0.0,0.0,0.0,1.0,0.0,1
0.5783582089552238,1.5,3.2694311038380763,1.3914922245590493,1.0,0.0,0.0,1.0,0.0,0.0,1.0,0.0,0.0,0.0,0.0,1.0,0.0,1
1.4067164179104477,0.0,0.5318848122662252,-0.7104602185426157,2.0,0.0,1.0,0.0,0.0,1.0,0.0,0.0,0.0,0.0,1.0,0.0,0.0,1
-0.23134328358208955,-0.5,0.5254836211729947,-0.41021777856836317,1.0,0.0,0.0,1.0,0.0,0.0,0.0,0.0,0.0,1.0,0.0,0.0,1.0,1
-0.34701492537313433,1.0,0.3363162646352477,-0.054643318793211125,-1.0,0.0,0.0,1.0,0.0,1.0,0.0,0.0,0.0,0.0,0.0,1.0,0.0,0
-0.7388059701492538,0.0,-0.5165063765666402,-0.6933162407935122,-1.0,0.0,0.0,1.0,0.0,1.0,0.0,0.0,0.0,0.0,0.0,1.0,0.0,0
0.25,-1.5,0.24838246759975546,-0.26713134990948173,0.0,0.0,0.0,0.0,1.0,1.0,0.0,0.0,0.0,0.0,0.0,1.0,0.0,0
-0.04477611940298507,-0.5,-0.27192369577049114,0.6138023301336025,2.0,0.0,0.0,0.0,1.0,0.0,1.0,0.0,0.0,0.0,0.0,1.0,0.0,1
0.31716417910447764,0.0,0.06954866131567108,-0.1513213764718361,0.0,0.0,0.0,1.0,0.0,0.0,1.0,0.0,0.0,0.0,0.0,1.0,0.0,0
-0.3208955223880597,1.0,2.210301427206199,0.5461374180864341,0.0,0.0,0.0,1.0,0.0,0.0,0.0,1.0,0.0,0.0,0.0,0.0,1.0,0
-0.8805970149253731,0.5,-0.17864559198460375,-0.3800576261528902,0.0,1.0,0.0,1.0,0.0,1.0,0.0,0.0,0.0,0.0,1.0,0.0,0.0,0
0.20522388059701493,-1.0,-0.36262891225833704,0.4366142087677688,-1.0,0.0,0.0,1.0,0.0,1.0,0.0,0.0,0.0,0.0,1.0,0.0,0.0,0
-1.5522388059701493,0.0,-0.35925957860380786,1.3516952597267549,1.0,1.0,0.0,1.0,0.0,1.0,0.0,0.0,0.0,0.0,0.0,1.0,0.0,1
0.40298507462686567,0.0,1.2571913260394194,-0.4091738481328264,1.0,0.0,0.0,1.0,0.0,0.0,1.0,0.0,0.0,0.0,1.0,0.0,0.0,1
1.291044776119403,0.0,-0.599417090253174,-0.5452046417916366,1.0,0.0,0.0,1.0,0.0,1.0,0.0,0.0,0.0,0.0,0.0,1.0,0.0,0
-0.22388059701492538,-1.5,2.1048712561339165,-0.6959871640354313,0.0,0.0,0.0,1.0,0.0,0.0,0.0,1.0,0.0,0.0,1.0,0.0,0.0,0
-0.31343283582089554,-1.5,0.6348908203807719,0.29200824429121025,0.0,0.0,0.0,1.0,0.0,1.0,0.0,0.0,0.0,0.0,1.0,0.0,0.0,0
1.0111940298507462,-1.0,0.7969467505685358,0.8021491778612367,0.0,0.0,0.0,1.0,0.0,1.0,0.0,0.0,0.0,0.0,0.0,1.0,0.0,0
-0.5895522388059702,0.5,0.07811794713325394,-0.6774819656733592,0.0,0.0,0.0,1.0,0.0,0.0,0.0,1.0,0.0,0.0,1.0,0.0,0.0,0
0.6156716417910447,-1.0,0.4243427732154401,-0.16776660351631595,0.0,0.0,0.0,0.0,1.0,1.0,0.0,0.0,0.0,0.0,1.0,0.0,0.0,0
-0.9328358208955224,-0.5,-0.43472383217445887,-0.2043419236605727,-1.0,0.0,0.0,0.0,1.0,0.0,0.0,0.0,0.0,1.0,0.0,1.0,0.0,0
-0.7873134328358209,-1.0,-0.585487759178931,0.08906250439542099,1.0,0.0,0.0,0.0,1.0,1.0,0.0,0.0,0.0,0.0,0.0,1.0,0.0,0
-0.7014925373134329,0.0,-0.11903553821364658,0.06771687857059984,-1.0,0.0,0.0,1.0,0.0,0.0,0.0,0.0,1.0,0.0,0.0,1.0,0.0,0
0.8171641791044776,0.0,0.21469694220960456,-0.23872479076386058,1.0,1.0,0.0,1.0,0.0,1.0,0.0,0.0,0.0,0.0,0.0,0.0,1.0,0
0.7910447761194029,0.0,0.7711931854367675,0.9270610243901681,-1.0,0.0,0.0,0.0,1.0,0.0,0.0,1.0,0.0,0.0,1.0,0.0,0.0,1
-1.212686567164179,1.0,0.5241546897757818,-0.5765809907732697,1.0,0.0,0.0,1.0,0.0,1.0,0.0,0.0,0.0,0.0,0.0,1.0,0.0,0
-0.3619402985074627,0.0,0.13228137706158485,-0.04844277087062853,1.0,0.0,0.0,1.0,0.0,1.0,0.0,0.0,0.0,0.0,0.0,0.0,1.0,0
-0.6791044776119403,1.0,2.855298017760807,1.132181230629786,1.0,0.0,0.0,0.0,1.0,1.0,0.0,0.0,0.0,0.0,0.0,1.0,0.0,1
0.31343283582089554,0.0,1.54377013772573,-1.0693196078992746,1.0,1.0,0.0,1.0,0.0,1.0,0.0,0.0,0.0,0.0,0.0,0.0,1.0,0
-0.05223880597014925,-1.0,-0.200765924662019,-0.4615097891945667,1.0,0.0,0.0,1.0,0.0,1.0,0.0,0.0,0.0,0.0,1.0,0.0,0.0,0
0.13805970149253732,0.0,-0.033616267862329866,0.45866492663168257,1.0,0.0,0.0,1.0,0.0,0.0,0.0,1.0,0.0,0.0,0.0,1.0,0.0,0
-0.22014925373134328,0.0,0.23405860728183117,0.8042174762432236,1.0,0.0,0.0,1.0,0.0,0.0,0.0,1.0,0.0,0.0,1.0,0.0,0.0,1
1.7682089552238844,-1.5,-0.309157884406011,0.23105369020765648,1.0,0.0,0.0,1.0,0.0,0.0,0.0,1.0,0.0,0.0,0.0,0.0,1.0,0
0.011194029850746268,-1.5,0.4293550738117109,0.6855433557263614,0.0,0.0,0.0,1.0,0.0,1.0,0.0,0.0,0.0,0.0,1.0,0.0,0.0,0
-0.7350746268656716,2.5,-0.29863449127789565,-0.06122795010243597,1.0,1.0,0.0,0.0,1.0,0.0,0.0,1.0,0.0,0.0,1.0,0.0,0.0,1
0.996268656716418,-1.0,-0.597456622935398,0.348902069369991,-1.0,0.0,0.0,1.0,0.0,1.0,0.0,0.0,0.0,0.0,0.0,1.0,0.0,1
0.1455223880597015,-0.5,1.051377961759034,-0.10876117243518178,1.0,0.0,0.0,1.0,0.0,1.0,0.0,0.0,0.0,0.0,0.0,0.0,1.0,0
0.1455223880597015,0.5,0.37671020511232445,1.5242968045603034,0.0,0.0,0.0,0.0,1.0,1.0,0.0,0.0,0.0,0.0,1.0,0.0,0.0,1
-0.05223880597014925,1.0,-0.14230423184607888,0.54544813750338,0.0,0.0,0.0,0.0,1.0,1.0,0.0,0.0,0.0,0.0,1.0,0.0,0.0,0
-0.6492537313432836,0.5,1.002306401196564,-0.5245086070899634,1.0,0.0,0.0,0.0,1.0,1.0,0.0,0.0,0.0,0.0,1.0,0.0,0.0,0
0.7126865671641791,-0.5,0.42889763429054234,-0.8831180407489976,-1.0,0.0,0.0,1.0,0.0,1.0,0.0,0.0,0.0,0.0,0.0,0.0,1.0,0
0.5410447761194029,0.5,0.3932779452175498,0.3412793309928749,1.0,1.0,0.0,0.0,1.0,0.0,1.0,0.0,0.0,0.0,1.0,0.0,0.0,0
-0.13805970149253732,0.5,1.0169212675711294,-0.7707428265533339,-1.0,0.0,0.0,1.0,0.0,1.0,0.0,0.0,0.0,0.0,1.0,0.0,0.0,0
0.8955223880597015,-1.0,0.7786836089868698,1.2782386895796918,1.0,1.0,0.0,1.0,0.0,0.0,1.0,0.0,0.0,0.0,0.0,0.0,1.0,1
-0.09701492537313433,-0.5,0.9472141035986545,-0.0844323788189431,-1.0,0.0,0.0,0.0,1.0,1.0,0.0,0.0,0.0,0.0,0.0,0.0,1.0,0
-1.0634328358208955,-1.0,-0.6201655144777731,-0.8546673053421506,0.0,0.0,0.0,1.0,0.0,0.0,0.0,1.0,0.0,0.0,0.0,1.0,0.0,1
-0.5223880597014925,1.5,-0.017446255756162002,-0.027764779100625633,-1.0,1.0,0.0,1.0,0.0,1.0,0.0,0.0,0.0,0.0,1.0,0.0,0.0,1
-0.5074626865671642,0.0,0.33773251494085416,-0.4037003210488736,0.0,1.0,0.0,1.0,0.0,1.0,0.0,0.0,0.0,0.0,0.0,0.0,1.0,0
1.455223880597015,-0.5,-0.33276841646213273,-0.12185924778695971,1.0,0.0,0.0,1.0,0.0,1.0,0.0,0.0,0.0,0.0,0.0,1.0,0.0,0
-0.26865671641791045,-1.0,0.7914564275399707,-0.013716533620854343,1.0,1.0,0.0,0.0,1.0,1.0,0.0,0.0,0.0,0.0,1.0,0.0,0.0,0
1.126865671641791,-1.5,3.488464304680498,-0.1211731504653142,0.0,0.0,0.0,1.0,0.0,1.0,0.0,0.0,0.0,0.0,0.0,0.0,1.0,0
-0.16417910447761194,0.0,1.0970638176808807,-0.2507484165935775,-1.0,0.0,0.0,1.0,0.0,0.0,0.0,0.0,0.0,1.0,1.0,0.0,0.0,1
0.7761194029850746,0.0,-0.21422116086676965,-0.2484186415193483,1.0,1.0,0.0,1.0,0.0,0.0,0.0,1.0,0.0,0.0,1.0,0.0,0.0,0
-0.9029850746268657,0.5,-0.6040795950826869,-0.4640526016664364,1.0,0.0,0.0,0.0,1.0,1.0,0.0,0.0,0.0,0.0,1.0,0.0,0.0,0
0.917910447761194,0.5,0.03665029711124839,0.05252103131754618,0.0,0.0,0.0,1.0,0.0,1.0,0.0,0.0,0.0,0.0,0.0,1.0,0.0,0
0.2835820895522388,-0.5,0.35489392477450304,-0.4142614195467934,-1.0,0.0,0.0,1.0,0.0,0.0,1.0,0.0,0.0,0.0,0.0,1.0,0.0,0
-0.05223880597014925,-1.5,-0.4805633873053761,-0.6664093703093223,-1.0,0.0,0.0,1.0,0.0,0.0,1.0,0.0,0.0,0.0,0.0,1.0,0.0,0
0.26492537313432835,1.0,-0.003060960824505314,-0.7422748261867705,1.0,0.0,0.0,1.0,0.0,1.0,0.0,0.0,0.0,0.0,1.0,0.0,0.0,0
-0.5783582089552238,0.5,0.9881517217007558,-0.7741113223526053,2.0,1.0,0.0,1.0,0.0,0.0,1.0,0.0,0.0,0.0,1.0,0.0,0.0,1
-0.8432835820895522,0.5,0.2418365540708468,-0.6531921760945691,1.0,0.0,0.0,1.0,0.0,1.0,0.0,0.0,0.0,0.0,1.0,0.0,0.0,0
-0.6119402985074627,0.5,0.5361523535687528,0.21786388897582415,1.0,0.0,0.0,1.0,0.0,1.0,0.0,0.0,0.0,0.0,1.0,0.0,0.0,0
-0.3880597014925373,0.5,-0.6217278394225659,-0.6258964017724352,1.0,0.0,0.0,0.0,1.0,0.0,0.0,0.0,0.0,1.0,0.0,0.0,1.0,1
0.1791044776119403,-0.5,0.40559007926608354,0.2664681209371122,0.0,0.0,0.0,1.0,0.0,1.0,0.0,0.0,0.0,0.0,0.0,1.0,0.0,0
0.3283582089552239,0.0,-0.4706159422254828,1.0318562415888728,-1.0,1.0,0.0,1.0,0.0,0.0,0.0,1.0,0.0,0.0,0.0,1.0,0.0,1
-1.6194029850746268,1.0,-0.5234165181739667,-0.5327619971687222,1.0,0.0,0.0,0.0,1.0,0.0,0.0,1.0,0.0,0.0,1.0,0.0,0.0,0
-1.6194029850746268,0.0,0.7057645095836669,0.07506670385236848,2.0,0.0,0.0,0.0,1.0,0.0,1.0,0.0,0.0,0.0,0.0,1.0,0.0,1
0.3843283582089552,-0.5,-0.5547624404707353,-0.7887919623247509,2.0,1.0,0.0,1.0,0.0,0.0,1.0,0.0,0.0,0.0,1.0,0.0,0.0,1
0.35447761194029853,2.0,-0.5905342064852511,-0.4115646382015352,-1.0,1.0,0.0,1.0,0.0,1.0,0.0,0.0,0.0,0.0,0.0,1.0,0.0,1
0.5485074626865671,1.0,0.7444451298066357,-0.02624315333335851,-1.0,1.0,0.0,1.0,0.0,1.0,0.0,0.0,0.0,0.0,0.0,1.0,0.0,0
-0.06343283582089553,-0.5,2.2942081424043828,-0.13235412997327808,0.0,0.0,1.0,0.0,0.0,1.0,0.0,0.0,0.0,0.0,0.0,0.0,1.0,0
-0.8731343283582089,0.0,0.011021846130497183,1.7206757969526445,2.0,0.0,0.0,1.0,0.0,1.0,0.0,0.0,0.0,0.0,1.0,0.0,0.0,1
0.6492537313432836,0.0,0.008895716131608356,0.5761406154744725,2.0,1.0,0.0,1.0,0.0,0.0,0.0,1.0,0.0,0.0,0.0,1.0,0.0,1
-0.6529850746268657,1.0,1.149508057360743,0.4641697596432693,3.0,0.0,0.0,1.0,0.0,1.0,0.0,0.0,0.0,0.0,0.0,0.0,1.0,1
1.1156716417910448,-1.5,-0.36633275050436853,-0.18662745341074746,1.0,0.0,0.0,1.0,0.0,1.0,0.0,0.0,0.0,0.0,1.0,0.0,0.0,0
-0.6231343283582089,-0.5,1.376467985290563,-0.2583218665549785,0.0,1.0,0.0,0.0,1.0,1.0,0.0,0.0,0.0,0.0,0.0,1.0,0.0,0
0.13059701492537312,1.0,0.07584317310412526,0.8722118270573525,-1.0,1.0,0.0,1.0,0.0,1.0,0.0,0.0,0.0,0.0,1.0,0.0,0.0,0
0.029850746268656716,-1.5,-0.3720412697838019,-0.25986648280371427,1.0,0.0,0.0,1.0,0.0,0.0,0.0,1.0,0.0,0.0,1.0,0.0,0.0,0
-0.5708955223880597,-0.5,-0.5683455718043262,0.7909923586094337,1.0,0.0,0.0,1.0,0.0,0.0,1.0,0.0,0.0,0.0,1.0,0.0,0.0,0
0.4962686567164179,-1.5,3.3727529226892616,1.4457343662935067,1.0,0.0,0.0,1.0,0.0,1.0,0.0,0.0,0.0,0.0,1.0,0.0,0.0,1
0.1417910447761194,-0.5,-0.25049273821976364,1.4706793364511628,-1.0,0.0,0.0,0.0,1.0,0.0,0.0,1.0,0.0,0.0,0.0,1.0,0.0,1
-0.7388059701492538,0.0,1.5379432032287734,-0.23428466641444567,1.0,0.0,0.0,0.0,1.0,1.0,0.0,0.0,0.0,0.0,1.0,0.0,0.0,0
-0.5708955223880597,1.0,-0.14962052327765155,-0.8435431369816584,2.0,0.0,0.0,1.0,0.0,0.0,0.0,1.0,0.0,0.0,0.0,0.0,1.0,1
0.23880597014925373,-0.5,-0.1534604299534539,0.16134155298989092,-1.0,0.0,0.0,1.0,0.0,1.0,0.0,0.0,0.0,0.0,1.0,0.0,0.0,0
0.7910447761194029,0.5,-0.24148768743674312,-0.03750445048908168,1.0,0.0,0.0,1.0,0.0,0.0,1.0,0.0,0.0,0.0,0.0,0.0,1.0,0
0.23507462686567165,-0.5,-0.24036876524615636,0.5958783465329768,3.0,1.0,0.0,1.0,0.0,1.0,0.0,0.0,0.0,0.0,1.0,0.0,0.0,1
-0.5447761194029851,0.5,0.012107196050619232,-0.8579705645425577,2.0,0.0,0.0,1.0,0.0,0.0,1.0,0.0,0.0,0.0,1.0,0.0,0.0,1
0.30597014925373134,-1.0,0.3017782901132397,-0.7172564634817824,1.0,0.0,0.0,0.0,1.0,1.0,0.0,0.0,0.0,0.0,0.0,0.0,1.0,0
-0.373134328358209,-1.0,-0.48344960149225297,1.0388641351244994,0.0,1.0,0.0,1.0,0.0,0.0,0.0,0.0,0.0,1.0,0.0,1.0,0.0,0
0.19776119402985073,-1.5,0.2384901707250017,0.10063498335574352,1.0,0.0,0.0,1.0,0.0,0.0,0.0,0.0,1.0,0.0,1.0,0.0,0.0,0
0.007462686567164179,-1.0,-0.35388657279188446,-0.06920277506985772,1.0,1.0,0.0,1.0,0.0,1.0,0.0,0.0,0.0,0.0,0.0,0.0,1.0,1
-0.41044776119402987,1.0,0.7736192955091211,-0.26831893499749454,2.0,0.0,0.0,1.0,0.0,1.0,0.0,0.0,0.0,0.0,1.0,0.0,0.0,1
1.623134328358209,-1.0,-0.23749269144209395,-0.4287272801224587,-1.0,0.0,0.0,1.0,0.0,1.0,0.0,0.0,0.0,0.0,1.0,0.0,0.0,0
0.007462686567164179,0.0,-0.3363746041159623,0.45716299378855874,0.0,1.0,0.0,1.0,0.0,1.0,0.0,0.0,0.0,0.0,0.0,0.0,1.0,1
-0.3358208955223881,1.0,3.488464304680498,0.8103524267176151,3.0,0.0,0.0,0.0,1.0,0.0,0.0,1.0,0.0,0.0,1.0,0.0,0.0,1
-1.1119402985074627,-0.5,2.4834635571776817,-0.41484492570629583,0.0,0.0,0.0,1.0,0.0,1.0,0.0,0.0,0.0,0.0,1.0,0.0,0.0,1
-0.2126865671641791,-1.5,-0.40712866667847136,0.07915749941592831,3.0,1.0,0.0,1.0,0.0,0.0,1.0,0.0,0.0,0.0,0.0,1.0,0.0,1
0.48880597014925375,0.5,-0.35338464167600453,0.7871220510789647,3.0,1.0,0.0,1.0,0.0,1.0,0.0,0.0,0.0,0.0,0.0,1.0,0.0,1
-0.7723880597014925,-1.0,2.255106094666511,0.23282683403001705,1.0,0.0,0.0,1.0,0.0,0.0,0.0,0.0,1.0,0.0,0.0,1.0,0.0,0
-0.26865671641791045,-1.0,0.18040561835260335,0.002593976748871283,1.0,0.0,0.0,1.0,0.0,0.0,1.0,0.0,0.0,0.0,1.0,0.0,0.0,0
0.7761194029850746,0.5,1.106489512087311,1.0942099426933227,1.0,0.0,0.0,0.0,1.0,0.0,1.0,0.0,0.0,0.0,1.0,0.0,0.0,1
-0.9925373134328358,-0.5,1.9337608686788608,-1.0693196078992746,0.0,0.0,0.0,1.0,0.0,0.0,1.0,0.0,0.0,0.0,1.0,0.0,0.0,0
0.6119402985074627,-0.5,2.981319030526244,1.7206757969526445,0.0,0.0,0.0,1.0,0.0,1.0,0.0,0.0,0.0,0.0,0.0,1.0,0.0,1
0.8283582089552238,-1.5,-0.605873514708896,0.14960347294220416,0.0,1.0,0.0,0.0,1.0,0.0,0.0,0.0,1.0,0.0,1.0,0.0,0.0,1
0.8768656716417911,2.5,0.15349691531756643,-0.25253130416515884,2.0,1.0,0.0,0.0,1.0,0.0,1.0,0.0,0.0,0.0,0.0,1.0,0.0,1
-0.6828358208955224,0.5,0.9587801489806879,0.052488980804155524,0.0,0.0,0.0,1.0,0.0,1.0,0.0,0.0,0.0,0.0,1.0,0.0,0.0,1
-0.3805970149253731,0.0,0.8669194847562802,-0.3558628031393432,-1.0,0.0,0.0,0.0,1.0,1.0,0.0,0.0,0.0,0.0,0.0,1.0,0.0,0
0.17537313432835822,-0.5,-0.42436344370568563,-0.3728975944742655,0.0,0.0,0.0,1.0,0.0,1.0,0.0,0.0,0.0,0.0,1.0,0.0,0.0,0
-0.3880597014925373,-1.5,0.2071722538003384,-0.39307879999739614,-1.0,1.0,0.0,0.0,1.0,1.0,0.0,0.0,0.0,0.0,1.0,0.0,0.0,1
0.5111940298507462,-1.5,0.15632528360487916,0.146571430187738,-1.0,1.0,0.0,0.0,1.0,1.0,0.0,0.0,0.0,0.0,0.0,0.0,1.0,0
-0.7611940298507462,-1.0,0.8156742805501626,-0.8652555322826712,0.0,0.0,0.0,1.0,0.0,0.0,0.0,1.0,0.0,0.0,1.0,0.0,0.0,1
0.8246268656716418,-1.5,0.045065630758640465,-0.24933916079187124,3.0,0.0,1.0,0.0,0.0,1.0,0.0,0.0,0.0,0.0,1.0,0.0,0.0,1
1.2462686567164178,-1.0,-0.40517454174134737,-1.0693196078992746,-1.0,1.0,0.0,1.0,0.0,0.0,1.0,0.0,0.0,0.0,1.0,0.0,0.0,0
-0.40671641791044777,-1.0,-0.3853789140077051,0.16588530255839298,0.0,0.0,0.0,0.0,1.0,0.0,0.0,1.0,0.0,0.0,1.0,0.0,0.0,1
1.507462686567164,-0.5,1.2362225400159788,1.2744580956997624,1.0,0.0,0.0,1.0,0.0,1.0,0.0,0.0,0.0,0.0,0.0,1.0,0.0,1
-1.6194029850746268,0.0,2.346737681003338,-0.7373001728274607,-1.0,0.0,0.0,1.0,0.0,1.0,0.0,0.0,0.0,0.0,1.0,0.0,0.0,0
0.9440298507462687,1.0,0.024572443263730388,0.6133876754690454,0.0,0.0,0.0,0.0,1.0,1.0,0.0,0.0,0.0,0.0,1.0,0.0,0.0,0
0.9701492537313433,-1.0,0.05575154407634239,0.7171644699926942,0.0,0.0,1.0,0.0,0.0,0.0,0.0,1.0,0.0,0.0,0.0,1.0,0.0,0
0.376865671641791,0.0,0.4972966077561688,-0.4944621417922558,-1.0,0.0,0.0,1.0,0.0,0.0,1.0,0.0,0.0,0.0,1.0,0.0,0.0,0
0.08208955223880597,0.5,0.17763995421636433,-0.70750786794078,0.0,0.0,0.0,1.0,0.0,1.0,0.0,0.0,0.0,0.0,1.0,0.0,0.0,0
-0.0708955223880597,0.5,-0.1508033780867748,-0.7030259527488846,0.0,0.0,0.0,1.0,0.0,1.0,0.0,0.0,0.0,0.0,0.0,0.0,1.0,0
-0.33955223880597013,1.5,-0.1353978391059713,-0.8808327290916887,2.0,1.0,0.0,1.0,0.0,0.0,1.0,0.0,0.0,0.0,0.0,1.0,0.0,1
0.8694029850746269,-0.5,-0.5409276119096023,-0.3617070788848665,0.0,0.0,0.0,1.0,0.0,1.0,0.0,0.0,0.0,0.0,1.0,0.0,0.0,0
-0.1791044776119403,-0.5,-0.5113453121680354,-0.2850689671730902,1.0,1.0,0.0,1.0,0.0,1.0,0.0,0.0,0.0,0.0,1.0,0.0,0.0,0
-0.17164179104477612,-1.5,0.657264944440157,-0.4011724548500141,0.0,1.0,0.0,1.0,0.0,1.0,0.0,0.0,0.0,0.0,1.0,0.0,0.0,0
-0.3358208955223881,-1.5,-0.1891776388512255,0.5816501983612,1.0,0.0,0.0,1.0,0.0,1.0,0.0,0.0,0.0,0.0,1.0,0.0,0.0,0
0.10074626865671642,1.5,-0.18852174040469524,-0.48728567963022135,2.0,0.0,0.0,1.0,0.0,1.0,0.0,0.0,0.0,0.0,1.0,0.0,0.0,1
-1.3619402985074627,0.5,-0.09483435131026313,-0.4922591926913824,1.0,0.0,0.0,0.0,1.0,1.0,0.0,0.0,0.0,0.0,1.0,0.0,0.0,0
-1.164179104477612,0.0,-0.5478083670041096,-0.6389537360273289,1.0,0.0,0.0,1.0,0.0,1.0,0.0,0.0,0.0,0.0,1.0,0.0,0.0,0
-1.6194029850746268,1.0,2.0970147711983604,0.7487562495687684,0.0,0.0,0.0,1.0,0.0,1.0,0.0,0.0,0.0,0.0,0.0,0.0,1.0,0
0.4216417910447761,0.0,-0.29003882666047504,-0.6584990889570236,2.0,0.0,0.0,0.0,1.0,1.0,0.0,0.0,0.0,0.0,0.0,1.0,0.0,1
0.9850746268656716,1.0,-0.3745972938794095,-0.2556192828467287,-1.0,0.0,0.0,1.0,0.0,1.0,0.0,0.0,0.0,0.0,0.0,0.0,1.0,0
0.03731343283582089,-1.0,0.052203518769102085,0.35388442107750845,1.0,0.0,0.0,1.0,0.0,0.0,0.0,1.0,0.0,0.0,1.0,0.0,0.0,0
1.7682089552238844,-1.5,0.10336167989145383,0.605543395804982,0.0,0.0,1.0,0.0,0.0,1.0,0.0,0.0,0.0,0.0,1.0,0.0,0.0,0
-0.8619402985074627,-0.5,0.6354271741532262,-0.866582893669119,0.0,0.0,0.0,1.0,0.0,1.0,0.0,0.0,0.0,0.0,1.0,0.0,0.0,0
-0.4291044776119403,2.0,0.7446640454236861,0.3105748028299315,2.0,0.0,0.0,1.0,0.0,1.0,0.0,0.0,0.0,0.0,1.0,0.0,0.0,1
0.007462686567164179,-1.0,-0.1958823659209697,0.9693162175679009,2.0,0.0,0.0,1.0,0.0,1.0,0.0,0.0,0.0,0.0,0.0,1.0,0.0,1
1.1567164179104477,1.0,0.906034020054433,-0.29032201993799855,2.0,0.0,0.0,0.0,1.0,0.0,0.0,0.0,0.0,1.0,0.0,0.0,1.0,1
-0.4141791044776119,1.0,-0.4465614369648716,0.39022675865586276,0.0,1.0,0.0,1.0,0.0,1.0,0.0,0.0,0.0,0.0,0.0,1.0,0.0,0
0.3805970149253731,0.5,0.46748784422844186,1.0067927143417466,0.0,0.0,0.0,1.0,0.0,0.0,1.0,0.0,0.0,0.0,0.0,1.0,0.0,0
-0.44402985074626866,0.0,-0.1806488029041384,0.7316973134455685,1.0,1.0,0.0,0.0,1.0,1.0,0.0,0.0,0.0,0.0,0.0,1.0,0.0,0
0.055970149253731345,0.0,0.715155890870789,0.3517619181687416,1.0,0.0,0.0,1.0,0.0,1.0,0.0,0.0,0.0,0.0,1.0,0.0,0.0,0
0.16791044776119404,0.0,-0.46624100236397575,-0.5694072957907168,-1.0,0.0,0.0,1.0,0.0,0.0,1.0,0.0,0.0,0.0,0.0,0.0,1.0,0
-0.08955223880597014,-0.5,1.9401197692557717,0.835190482673844,-1.0,0.0,0.0,0.0,1.0,1.0,0.0,0.0,0.0,0.0,1.0,0.0,0.0,0
-0.667910447761194,0.0,1.9057852126786483,1.0234641978748684,1.0,1.0,0.0,1.0,0.0,0.0,0.0,0.0,1.0,0.0,1.0,0.0,0.0,0
-0.23507462686567165,-0.5,0.06885002840314727,-0.6767102710975721,1.0,0.0,0.0,0.0,1.0,1.0,0.0,0.0,0.0,0.0,1.0,0.0,0.0,0
-1.3208955223880596,0.5,-0.5889797086353056,-1.0117455078918918,-1.0,0.0,0.0,0.0,1.0,0.0,1.0,0.0,0.0,0.0,0.0,1.0,0.0,1
0.291044776119403,1.5,-0.37071304728800625,-0.34920403484418067,1.0,1.0,0.0,0.0,1.0,0.0,1.0,0.0,0.0,0.0,1.0,0.0,0.0,1
1.1007462686567164,-0.5,-0.490633614102663,0.20704943902156903,1.0,0.0,0.0,1.0,0.0,0.0,0.0,1.0,0.0,0.0,1.0,0.0,0.0,0
-0.007462686567164179,0.5,0.07021086323055252,0.6548406668371561,-1.0,0.0,0.0,1.0,0.0,1.0,0.0,0.0,0.0,0.0,0.0,1.0,0.0,0
-1.294776119402985,-1.5,1.0574505042578801,0.5359304460476555,0.0,0.0,0.0,1.0,0.0,1.0,0.0,0.0,0.0,0.0,0.0,1.0,0.0,0
-0.1865671641791045,-0.5,-0.5188721757124533,-0.9875652755365997,-1.0,0.0,0.0,1.0,0.0,0.0,0.0,1.0,0.0,0.0,1.0,0.0,0.0,0
0.914179104477612,-1.0,-0.409287416387202,0.6529247896327961,2.0,0.0,0.0,1.0,0.0,1.0,0.0,0.0,0.0,0.0,0.0,1.0,0.0,1
0.34701492537313433,0.5,-0.3057150751422168,-0.3725145476089382,-1.0,1.0,0.0,1.0,0.0,1.0,0.0,0.0,0.0,0.0,0.0,1.0,0.0,0
-0.5335820895522388,0.5,-0.023329294852678744,0.5325164174061288,1.0,0.0,0.0,0.0,1.0,1.0,0.0,0.0,0.0,0.0,0.0,1.0,0.0,0
-0.6567164179104478,0.0,0.8010618575607179,0.9901551426569427,2.0,1.0,0.0,1.0,0.0,0.0,0.0,0.0,0.0,1.0,0.0,0.0,1.0,1
-0.9514925373134329,0.5,-0.4759277910700849,0.8198508154466494,-1.0,0.0,0.0,1.0,0.0,1.0,0.0,0.0,0.0,0.0,1.0,0.0,0.0,0
-0.14925373134328357,2.5,-0.05433108838105246,0.20956062094661845,0.0,1.0,0.0,0.0,1.0,0.0,0.0,0.0,0.0,1.0,1.0,0.0,0.0,1
0.43283582089552236,-0.5,-0.5461506729780815,-0.5488257228751404,2.0,0.0,0.0,1.0,0.0,0.0,1.0,0.0,0.0,0.0,0.0,0.0,1.0,1
1.7682089552238844,0.5,1.1140057989939454,-0.15403753338316212,-1.0,0.0,0.0,0.0,1.0,1.0,0.0,0.0,0.0,0.0,0.0,0.0,1.0,1
-0.5074626865671642,0.5,1.8316037282765427,0.9136777923012034,0.0,1.0,1.0,0.0,0.0,0.0,0.0,1.0,0.0,0.0,0.0,1.0,0.0,0
-0.832089552238806,1.5,3.488464304680498,0.5342532857960541,1.0,1.0,0.0,1.0,0.0,0.0,0.0,1.0,0.0,0.0,1.0,0.0,0.0,1
0.23134328358208955,-1.5,-0.30133121597798546,-0.11134081272291403,1.0,0.0,0.0,1.0,0.0,0.0,0.0,0.0,0.0,1.0,1.0,0.0,0.0,0
-0.16417910447761194,-1.0,0.21146785522351902,-0.3799962805082188,2.0,0.0,0.0,1.0,0.0,0.0,1.0,0.0,0.0,0.0,1.0,0.0,0.0,1
0.022388059701492536,1.0,-0.5904122858486408,-0.49521043405020565,0.0,0.0,0.0,1.0,0.0,0.0,0.0,1.0,0.0,0.0,1.0,0.0,0.0,0
-0.8955223880597015,-0.5,-0.34971418959289174,-0.4522344371197565,0.0,1.0,0.0,1.0,0.0,0.0,1.0,0.0,0.0,0.0,1.0,0.0,0.0,0
1.7682089552238844,-1.5,0.5280612394562707,0.5402668070409662,0.0,0.0,0.0,1.0,0.0,0.0,1.0,0.0,0.0,0.0,0.0,1.0,0.0,0
-0.3694029850746269,1.0,0.6734328905587026,1.523752347173695,0.0,0.0,0.0,0.0,1.0,1.0,0.0,0.0,0.0,0.0,1.0,0.0,0.0,1
-0.6791044776119403,0.0,-0.48725061622829413,0.7424987965052529,1.0,0.0,0.0,1.0,0.0,1.0,0.0,0.0,0.0,0.0,0.0,0.0,1.0,0
0.3619402985074627,2.5,-0.3049286403466213,-0.19323892820326455,0.0,1.0,0.0,1.0,0.0,1.0,0.0,0.0,0.0,0.0,1.0,0.0,0.0,1
0.6492537313432836,-0.5,1.106067064993494,-0.24592694941259335,0.0,0.0,0.0,0.0,1.0,1.0,0.0,0.0,0.0,0.0,0.0,0.0,1.0,1
-1.6194029850746268,-1.0,-0.15058872381870242,0.20656054155489562,1.0,0.0,0.0,1.0,0.0,0.0,1.0,0.0,0.0,0.0,0.0,0.0,1.0,0
0.7164179104477612,-1.5,0.5922486318553223,0.7055204907801821,0.0,0.0,0.0,1.0,0.0,1.0,0.0,0.0,0.0,0.0,0.0,1.0,0.0,0
-0.9738805970149254,-0.5,-0.3442240802881762,-0.34832445898870307,1.0,0.0,0.0,1.0,0.0,1.0,0.0,0.0,0.0,0.0,0.0,0.0,1.0,0
0.2835820895522388,-1.0,1.4749912188997651,-0.22370009825889242,2.0,1.0,0.0,0.0,1.0,1.0,0.0,0.0,0.0,0.0,1.0,0.0,0.0,1
0.7350746268656716,1.0,1.5598391987121207,0.6270537253775986,1.0,0.0,0.0,0.0,1.0,0.0,1.0,0.0,0.0,0.0,0.0,1.0,0.0,1
0.4253731343283582,-0.5,-0.4584574320333025,1.2417657188995284,-1.0,0.0,0.0,1.0,0.0,1.0,0.0,0.0,0.0,0.0,0.0,0.0,1.0,1
0.10820895522388059,0.5,-0.19566060868557536,0.39749194909835983,1.0,0.0,0.0,0.0,1.0,1.0,0.0,0.0,0.0,0.0,0.0,1.0,0.0,0
0.8022388059701493,-0.5,0.9694877729231913,-0.6695795198280943,-1.0,0.0,0.0,1.0,0.0,1.0,0.0,0.0,0.0,0.0,0.0,1.0,0.0,0
0.34328358208955223,1.0,1.101709271447426,-0.0029714824662693466,0.0,0.0,0.0,1.0,0.0,0.0,1.0,0.0,0.0,0.0,0.0,1.0,0.0,0
0.25,1.5,-0.41063121689523746,0.6564325679539887,3.0,1.0,0.0,1.0,0.0,1.0,0.0,0.0,0.0,0.0,0.0,1.0,0.0,1
-0.34328358208955223,1.5,0.5421312982131901,-0.4071662414715525,0.0,0.0,0.0,1.0,0.0,1.0,0.0,0.0,0.0,0.0,0.0,0.0,1.0,1
-0.12313432835820895,-0.5,0.761684602024183,-0.39491110789740047,1.0,0.0,0.0,1.0,0.0,1.0,0.0,0.0,0.0,0.0,0.0,1.0,0.0,1
-0.08955223880597014,0.5,0.17034847409254938,-0.06094535247120127,1.0,0.0,0.0,0.0,1.0,1.0,0.0,0.0,0.0,0.0,0.0,1.0,0.0,0
-0.19776119402985073,1.5,-0.13717490916157074,0.7074426617459342,0.0,0.0,0.0,0.0,1.0,0.0,0.0,0.0,1.0,0.0,0.0,1.0,0.0,1
1.623134328358209,0.0,0.4636545038286391,-0.0019424566240088146,0.0,0.0,0.0,1.0,0.0,0.0,1.0,0.0,0.0,0.0,1.0,0.0,0.0,0
0.9067164179104478,-1.0,0.3048123218042931,-0.2884581539197297,0.0,0.0,0.0,1.0,0.0,1.0,0.0,0.0,0.0,0.0,0.0,1.0,0.0,0
-0.746268656716418,-0.5,-0.3656867795375653,-0.5203689023208878,-1.0,0.0,0.0,1.0,0.0,0.0,0.0,0.0,1.0,0.0,0.0,1.0,0.0,0
0.9291044776119403,0.5,1.5623625649042319,-0.9758096784916097,0.0,0.0,0.0,1.0,0.0,0.0,0.0,0.0,0.0,1.0,0.0,1.0,0.0,1
-0.48134328358208955,-0.5,-0.38654490437685507,-0.40674576211225055,-1.0,1.0,0.0,0.0,1.0,0.0,1.0,0.0,0.0,0.0,1.0,0.0,0.0,0
-1.044776119402985,-0.5,1.013964189601263,0.35603155023017885,0.0,0.0,0.0,1.0,0.0,1.0,0.0,0.0,0.0,0.0,0.0,1.0,0.0,0
0.1791044776119403,0.5,3.483173472586988,0.5725389997216006,0.0,0.0,0.0,0.0,1.0,1.0,0.0,0.0,0.0,0.0,0.0,1.0,0.0,1
0.44029850746268656,-1.0,-0.6149633992527292,0.025901997574878818,0.0,1.0,0.0,1.0,0.0,0.0,1.0,0.0,0.0,0.0,1.0,0.0,0.0,0
-0.13059701492537312,0.5,0.5024413855771475,0.9102941276583082,0.0,1.0,0.0,0.0,1.0,1.0,0.0,0.0,0.0,0.0,0.0,0.0,1.0,0
0.5,0.0,-0.4496099016947336,0.04531165554470529,1.0,0.0,0.0,0.0,1.0,1.0,0.0,0.0,0.0,0.0,1.0,0.0,0.0,0
-0.5298507462686567,0.5,-0.1129179799634914,0.1919422482651964,2.0,1.0,0.0,1.0,0.0,1.0,0.0,0.0,0.0,0.0,1.0,0.0,0.0,1
-0.26492537313432835,-0.5,0.4015950227074656,1.6096485145069608,2.0,0.0,0.0,1.0,0.0,1.0,0.0,0.0,0.0,0.0,1.0,0.0,0.0,1
-0.75,-1.0,-0.10392691667853421,-0.805706801983451,-1.0,1.0,0.0,1.0,0.0,1.0,0.0,0.0,0.0,0.0,0.0,1.0,0.0,0
-0.6119402985074627,-0.5,2.1172640252704777,-0.833595660411672,2.0,0.0,0.0,1.0,0.0,0.0,0.0,1.0,0.0,0.0,0.0,1.0,0.0,1
0.3917910447761194,-0.5,2.143417752345939,1.0257680808914917,3.0,1.0,0.0,1.0,0.0,1.0,0.0,0.0,0.0,0.0,0.0,1.0,0.0,1
-0.018656716417910446,-1.5,0.29810066287623227,-0.06033553863051107,2.0,0.0,0.0,1.0,0.0,0.0,0.0,1.0,0.0,0.0,0.0,1.0,0.0,1
-0.8880597014925373,1.5,-0.04891639037936631,0.5407630153394555,1.0,0.0,0.0,0.0,1.0,1.0,0.0,0.0,0.0,0.0,1.0,0.0,0.0,1
0.24253731343283583,-1.5,0.5015737242941718,0.6146224141708896,0.0,1.0,0.0,1.0,0.0,0.0,1.0,0.0,0.0,0.0,1.0,0.0,0.0,0
-0.7835820895522388,1.5,0.7831876907125171,-0.1386889171097929,1.0,1.0,0.0,1.0,0.0,1.0,0.0,0.0,0.0,0.0,0.0,1.0,0.0,1
-0.048507462686567165,0.0,0.5374964533236499,0.7792772883959088,1.0,0.0,0.0,0.0,1.0,1.0,0.0,0.0,0.0,0.0,1.0,0.0,0.0,0
0.7164179104477612,0.5,0.2338858882569069,0.03116131304589,1.0,0.0,0.0,1.0,0.0,0.0,0.0,0.0,1.0,0.0,0.0,0.0,1.0,0
0.5074626865671642,2.0,-0.6062844429633472,0.3780513803449298,1.0,0.0,0.0,1.0,0.0,0.0,0.0,1.0,0.0,0.0,0.0,0.0,1.0,1
0.029850746268656716,0.5,-0.6217278394225659,1.559800644615712,0.0,0.0,0.0,1.0,0.0,1.0,0.0,0.0,0.0,0.0,1.0,0.0,0.0,1
1.2014925373134329,0.5,3.456821231672571,-1.0693196078992746,2.0,0.0,0.0,1.0,0.0,1.0,0.0,0.0,0.0,0.0,0.0,1.0,0.0,1
-0.06716417910447761,0.0,-0.29433161390204193,-0.18004050685124048,-1.0,0.0,0.0,1.0,0.0,0.0,0.0,1.0,0.0,0.0,1.0,0.0,0.0,0
-0.47388059701492535,-1.0,-0.6043993537263183,0.3309408038757014,0.0,0.0,0.0,0.0,1.0,1.0,0.0,0.0,0.0,0.0,0.0,1.0,0.0,0
0.3917910447761194,1.0,0.21167720828765282,-1.0561568570101716,2.0,0.0,0.0,1.0,0.0,1.0,0.0,0.0,0.0,0.0,0.0,1.0,0.0,1
-1.2761194029850746,-1.0,-0.11820084139011951,0.27268280731884326,-1.0,1.0,0.0,1.0,0.0,1.0,0.0,0.0,0.0,0.0,0.0,1.0,0.0,0
0.12313432835820895,-1.5,0.15310534258577144,-0.5383809355103063,-1.0,0.0,0.0,1.0,0.0,1.0,0.0,0.0,0.0,0.0,1.0,0.0,0.0,0
-0.75,0.0,-0.5474065837477383,-1.020282731689303,-1.0,0.0,0.0,1.0,0.0,0.0,0.0,0.0,0.0,1.0,1.0,0.0,0.0,1
-1.0223880597014925,0.5,0.30719126820318715,-0.19336857260533133,1.0,0.0,0.0,1.0,0.0,0.0,1.0,0.0,0.0,0.0,0.0,1.0,0.0,0
-0.30223880597014924,0.0,1.6011511863713728,1.3538653482865428,0.0,0.0,0.0,0.0,1.0,1.0,0.0,0.0,0.0,0.0,0.0,1.0,0.0,1
0.5223880597014925,-0.5,0.7656645225334571,1.2861097779602662,1.0,0.0,0.0,1.0,0.0,1.0,0.0,0.0,0.0,0.0,0.0,1.0,0.0,1
-1.0708955223880596,0.0,0.2635946832973383,1.1935327217162077,2.0,0.0,0.0,1.0,0.0,1.0,0.0,0.0,0.0,0.0,1.0,0.0,0.0,1
0.5522388059701493,-1.5,-0.21666718738437252,-0.08148110573837934,0.0,0.0,0.0,1.0,0.0,1.0,0.0,0.0,0.0,0.0,1.0,0.0,0.0,0
0.041044776119402986,-0.5,-0.3435826995655728,0.9668952607835625,1.0,0.0,0.0,1.0,0.0,1.0,0.0,0.0,0.0,0.0,1.0,0.0,0.0,0
-0.3880597014925373,-0.5,0.6661272834736419,-0.20638232268128098,-1.0,0.0,0.0,1.0,0.0,1.0,0.0,0.0,0.0,0.0,0.0,0.0,1.0,1
-0.6791044776119403,-0.5,1.0009774370331783,0.7178693618318583,2.0,0.0,0.0,0.0,1.0,1.0,0.0,0.0,0.0,0.0,0.0,1.0,0.0,1
-0.04477611940298507,0.5,0.777495870282495,-0.10958920622360009,0.0,0.0,0.0,1.0,0.0,1.0,0.0,0.0,0.0,0.0,1.0,0.0,0.0,0
-0.2947761194029851,0.5,-0.2816349615389102,0.11226818364687118,0.0,0.0,0.0,1.0,0.0,0.0,0.0,1.0,0.0,0.0,1.0,0.0,0.0,0
-0.8246268656716418,-1.0,-0.48753798482032057,0.7288030766447879,0.0,0.0,0.0,1.0,0.0,1.0,0.0,0.0,0.0,0.0,0.0,0.0,1.0,1
-0.22014925373134328,0.5,-0.3305967948721101,0.19007187647857984,0.0,0.0,0.0,0.0,1.0,0.0,0.0,1.0,0.0,0.0,0.0,0.0,1.0,1
0.7947761194029851,0.5,0.823164391934417,1.177202420086819,1.0,1.0,0.0,1.0,0.0,0.0,0.0,1.0,0.0,0.0,0.0,0.0,1.0,1
0.26119402985074625,1.5,0.7172425651545988,-0.6686814159500838,1.0,1.0,0.0,0.0,1.0,1.0,0.0,0.0,0.0,0.0,0.0,0.0,1.0,1
0.6305970149253731,-1.5,-0.19891333730173275,-0.46079376133651484,2.0,0.0,0.0,1.0,0.0,1.0,0.0,0.0,0.0,0.0,1.0,0.0,0.0,1
0.11567164179104478,2.5,-0.37830952528260936,-0.07780984202286484,0.0,0.0,0.0,1.0,0.0,1.0,0.0,0.0,0.0,0.0,0.0,0.0,1.0,1
-0.3246268656716418,1.0,-0.4096298040625466,0.11474734692280328,1.0,0.0,0.0,1.0,0.0,0.0,0.0,0.0,0.0,1.0,0.0,1.0,0.0,1
-0.16417910447761194,0.0,-0.351239983080725,-0.5169949257510555,0.0,0.0,0.0,1.0,0.0,0.0,0.0,1.0,0.0,0.0,1.0,0.0,0.0,0
-0.5447761194029851,-0.5,-0.16093528512112085,-0.7631825215565586,0.0,0.0,0.0,0.0,1.0,0.0,1.0,0.0,0.0,0.0,1.0,0.0,0.0,0
-0.09701492537313433,-1.5,0.3003717307526506,0.31740228760634054,1.0,0.0,0.0,1.0,0.0,0.0,0.0,0.0,1.0,0.0,1.0,0.0,0.0,0
-0.30970149253731344,-0.5,0.8429939665325703,-0.7787955966696439,0.0,0.0,0.0,1.0,0.0,0.0,0.0,0.0,1.0,0.0,0.0,0.0,1.0,0
0.4291044776119403,2.0,0.2300054179976764,-0.48957647594168946,1.0,0.0,0.0,0.0,1.0,1.0,0.0,0.0,0.0,0.0,1.0,0.0,0.0,1
-1.1604477611940298,0.5,-0.6217278394225659,-0.7489541458217739,-1.0,0.0,0.0,1.0,0.0,1.0,0.0,0.0,0.0,0.0,1.0,0.0,0.0,0
0.48880597014925375,0.0,-0.26939249170436497,0.16180069599505817,2.0,0.0,0.0,1.0,0.0,0.0,0.0,1.0,0.0,0.0,0.0,1.0,0.0,1
-0.04477611940298507,0.5,0.5068801066147481,-0.46079751973253863,1.0,0.0,0.0,1.0,0.0,1.0,0.0,0.0,0.0,0.0,0.0,1.0,0.0,1
-0.7798507462686567,-0.5,0.1710597702516221,1.7135128209073542,-1.0,0.0,0.0,1.0,0.0,1.0,0.0,0.0,0.0,0.0,0.0,1.0,0.0,1
0.13059701492537312,-0.5,2.1962987188425735,-0.3214314973782795,1.0,0.0,0.0,1.0,0.0,1.0,0.0,0.0,0.0,0.0,1.0,0.0,0.0,0
-0.3805970149253731,1.5,0.9667912660156448,-0.8513047897885808,3.0,0.0,0.0,1.0,0.0,1.0,0.0,0.0,0.0,0.0,1.0,0.0,0.0,1
-1.0708955223880596,-1.5,0.28600088924089956,1.2952264949767338,1.0,0.0,0.0,1.0,0.0,1.0,0.0,0.0,0.0,0.0,0.0,1.0,0.0,1
-0.835820895522388,2.5,-0.4253675306730224,0.43494105816590684,0.0,0.0,0.0,1.0,0.0,1.0,0.0,0.0,0.0,0.0,1.0,0.0,0.0,1
-0.2835820895522388,0.5,0.13061074493227506,0.2677636442831183,0.0,0.0,0.0,1.0,0.0,1.0,0.0,0.0,0.0,0.0,0.0,0.0,1.0,0
-0.9888059701492538,2.5,0.5279240269598835,0.10902217796130342,0.0,0.0,1.0,0.0,0.0,0.0,0.0,1.0,0.0,0.0,1.0,0.0,0.0,1
0.27238805970149255,0.5,0.8039424924625834,0.1525438122900266,0.0,0.0,0.0,1.0,0.0,1.0,0.0,0.0,0.0,0.0,0.0,0.0,1.0,0
0.5447761194029851,-1.0,0.49378768034651693,0.07132623505600896,2.0,0.0,0.0,1.0,0.0,0.0,1.0,0.0,0.0,0.0,1.0,0.0,0.0,1
0.5634328358208955,-0.5,0.8945021922809485,-0.684232355271108,-1.0,0.0,0.0,1.0,0.0,0.0,1.0,0.0,0.0,0.0,0.0,0.0,1.0,0
1.2537313432835822,-1.0,0.767297554714851,0.11678706992209137,0.0,1.0,0.0,1.0,0.0,0.0,1.0,0.0,0.0,0.0,1.0,0.0,0.0,0
0.2462686567164179,-0.5,-0.0991266187579323,-0.2439866856940909,1.0,1.0,0.0,1.0,0.0,0.0,1.0,0.0,0.0,0.0,1.0,0.0,0.0,0
-1.044776119402985,0.5,0.8071546641950872,-0.45692888316625146,2.0,0.0,0.0,0.0,1.0,1.0,0.0,0.0,0.0,0.0,1.0,0.0,0.0,1
0.8917910447761194,1.5,-0.1767130623137229,-0.040082396111737105,1.0,1.0,0.0,0.0,1.0,1.0,0.0,0.0,0.0,0.0,0.0,1.0,0.0,1
0.3694029850746269,0.5,0.6991730503097466,-0.33757257868870744,-1.0,0.0,0.0,1.0,0.0,0.0,0.0,1.0,0.0,0.0,0.0,1.0,0.0,0
-0.4291044776119403,1.5,-0.43244105505770375,-0.33289271281729205,0.0,0.0,0.0,1.0,0.0,0.0,0.0,0.0,0.0,1.0,0.0,0.0,1.0,1
-1.044776119402985,0.0,-0.4963239596676524,0.015200925724104229,0.0,0.0,1.0,0.0,0.0,1.0,0.0,0.0,0.0,0.0,0.0,0.0,1.0,0
0.11940298507462686,1.0,0.5537897025438782,0.316833009003644,1.0,0.0,0.0,1.0,0.0,0.0,0.0,1.0,0.0,0.0,1.0,0.0,0.0,0
-0.48134328358208955,-1.0,-0.19003428851227291,-0.5020399282668729,-1.0,0.0,0.0,1.0,0.0,1.0,0.0,0.0,0.0,0.0,1.0,0.0,0.0,0
-0.7126865671641791,-1.0,2.0853484645994778,-0.6934650980055621,1.0,1.0,1.0,0.0,0.0,1.0,0.0,0.0,0.0,0.0,1.0,0.0,0.0,0
0.5671641791044776,-1.0,0.5301305292544712,-0.7275640208561709,0.0,0.0,0.0,1.0,0.0,0.0,1.0,0.0,0.0,0.0,1.0,0.0,0.0,0
0.8171641791044776,-1.0,-0.5933666612973711,-0.7761333852784186,0.0,0.0,0.0,1.0,0.0,1.0,0.0,0.0,0.0,0.0,1.0,0.0,0.0,0
-0.4962686567164179,-0.5,1.1412085731295776,1.3833667708709534,2.0,0.0,0.0,0.0,1.0,1.0,0.0,0.0,0.0,0.0,1.0,0.0,0.0,1
1.578358208955224,0.5,0.01364862446235407,-0.4435007100141578,-1.0,0.0,0.0,0.0,1.0,0.0,0.0,0.0,0.0,1.0,0.0,1.0,0.0,1
1.0298507462686568,-0.5,0.3988339250339882,1.0806396853816975,0.0,0.0,0.0,1.0,0.0,0.0,0.0,1.0,0.0,0.0,0.0,1.0,0.0,1
0.9850746268656716,1.5,0.7114023432061292,-0.2435573858842363,2.0,0.0,0.0,1.0,0.0,1.0,0.0,0.0,0.0,0.0,0.0,1.0,0.0,1
1.0111940298507462,-1.0,1.1601815084544436,-0.5781617535077913,1.0,0.0,0.0,1.0,0.0,1.0,0.0,0.0,0.0,0.0,1.0,0.0,0.0,1
-1.507462686567164,1.0,-0.40342193604310206,0.873515805012721,2.0,1.0,0.0,1.0,0.0,1.0,0.0,0.0,0.0,0.0,0.0,1.0,0.0,1
1.041044776119403,-0.5,-0.6217278394225659,0.4293488700354432,-1.0,0.0,0.0,1.0,0.0,0.0,0.0,1.0,0.0,0.0,1.0,0.0,0.0,0
-1.1828358208955223,-1.0,0.9235456721262811,0.5526899979259622,-1.0,0.0,0.0,1.0,0.0,0.0,0.0,1.0,0.0,0.0,1.0,0.0,0.0,1
-0.291044776119403,0.0,1.8301342629031374,1.6098704154825743,1.0,0.0,0.0,1.0,0.0,1.0,0.0,0.0,0.0,0.0,1.0,0.0,0.0,1
1.7014925373134329,0.5,0.09576715618159404,-0.14467749438193284,0.0,0.0,0.0,0.0,1.0,1.0,0.0,0.0,0.0,0.0,0.0,1.0,0.0,0
0.7350746268656716,-0.5,-0.3018138140165585,0.7189708533415564,1.0,0.0,0.0,1.0,0.0,0.0,1.0,0.0,0.0,0.0,1.0,0.0,0.0,1
-0.16044776119402984,0.5,0.05427561717113799,-0.07681141005539464,0.0,0.0,0.0,1.0,0.0,0.0,0.0,1.0,0.0,0.0,1.0,0.0,0.0,0
0.07835820895522388,-1.5,1.9068894612878728,0.011173441116487577,1.0,0.0,0.0,1.0,0.0,1.0,0.0,0.0,0.0,0.0,0.0,1.0,0.0,0
-0.48880597014925375,-1.0,-0.22359677085806384,-0.9316723542512739,0.0,0.0,0.0,1.0,0.0,0.0,0.0,1.0,0.0,0.0,0.0,1.0,0.0,0
1.2611940298507462,1.5,-0.42232258043888926,-0.1600626794132672,-1.0,0.0,0.0,1.0,0.0,0.0,0.0,0.0,0.0,1.0,0.0,0.0,1.0,1
0.10820895522388059,0.5,-0.3338352494893239,-0.5940258201619877,1.0,1.0,0.0,0.0,1.0,1.0,0.0,0.0,0.0,0.0,1.0,0.0,0.0,1
-0.2873134328358209,-1.5,-0.5222026438260545,-0.6187323905399621,-1.0,0.0,0.0,1.0,0.0,0.0,0.0,0.0,0.0,1.0,1.0,0.0,0.0,0
-0.6268656716417911,0.5,1.0584775620617677,0.02529970727771841,-1.0,0.0,0.0,1.0,0.0,0.0,1.0,0.0,0.0,0.0,1.0,0.0,0.0,1
0.9738805970149254,0.0,1.3872159152677326,0.21583389425299981,0.0,0.0,0.0,0.0,1.0,1.0,0.0,0.0,0.0,0.0,1.0,0.0,0.0,0
-0.4216417910447761,0.5,0.5396588610863688,1.2335928382939443,2.0,0.0,0.0,1.0,0.0,0.0,0.0,1.0,0.0,0.0,0.0,1.0,0.0,1
1.242537313432836,0.0,-0.47055595788722965,0.7581557466696817,0.0,1.0,0.0,0.0,1.0,0.0,0.0,1.0,0.0,0.0,0.0,0.0,1.0,1
1.7682089552238844,0.0,-0.2780545532550928,0.21569819926054773,-1.0,0.0,0.0,0.0,1.0,1.0,0.0,0.0,0.0,0.0,0.0,1.0,0.0,0
0.4253731343283582,0.0,1.543987983890774,0.03989106417689687,-1.0,0.0,0.0,1.0,0.0,1.0,0.0,0.0,0.0,0.0,1.0,0.0,0.0,0
0.8694029850746269,1.0,0.05440325705641528,-0.692701787940771,0.0,0.0,0.0,1.0,0.0,0.0,0.0,0.0,0.0,1.0,0.0,1.0,0.0,1
1.1865671641791045,2.5,-0.13849766405319267,-0.5982977625577028,-1.0,0.0,0.0,1.0,0.0,1.0,0.0,0.0,0.0,0.0,1.0,0.0,0.0,1
0.8955223880597015,0.0,0.6385182275326768,-0.4512885673446303,1.0,1.0,0.0,1.0,0.0,0.0,1.0,0.0,0.0,0.0,1.0,0.0,0.0,0
-0.048507462686567165,1.0,-0.5234975432518371,0.347053282432857,1.0,0.0,0.0,1.0,0.0,1.0,0.0,0.0,0.0,0.0,0.0,1.0,0.0,0
-1.4477611940298507,2.5,0.7889714556003009,-0.07897120765841886,0.0,0.0,0.0,0.0,1.0,1.0,0.0,0.0,0.0,0.0,1.0,0.0,0.0,1
-0.47388059701492535,1.5,-0.5504659426521629,-0.39127790045898725,0.0,0.0,0.0,1.0,0.0,1.0,0.0,0.0,0.0,0.0,1.0,0.0,0.0,1
-0.44029850746268656,-0.5,1.7146856280836693,-0.6987740982459333,1.0,0.0,0.0,1.0,0.0,0.0,1.0,0.0,0.0,0.0,0.0,1.0,0.0,0
-1.1007462686567164,-1.0,0.214101344854209,0.7546810817754596,0.0,0.0,0.0,1.0,0.0,0.0,0.0,1.0,0.0,0.0,0.0,0.0,1.0,0
-0.9104477611940298,1.0,0.05926913176955444,1.4828231602222726,0.0,0.0,0.0,0.0,1.0,1.0,0.0,0.0,0.0,0.0,1.0,0.0,0.0,1
-1.3694029850746268,-1.0,-0.36368530304364105,-0.35845105620698314,2.0,0.0,0.0,1.0,0.0,1.0,0.0,0.0,0.0,0.0,0.0,0.0,1.0,1
-0.35447761194029853,0.0,-0.2839995655236753,0.3574266959371876,1.0,0.0,0.0,0.0,1.0,0.0,0.0,0.0,0.0,1.0,1.0,0.0,0.0,1
0.7201492537313433,1.5,-0.48563854290095776,0.6815009503645639,1.0,0.0,0.0,1.0,0.0,0.0,0.0,0.0,0.0,1.0,0.0,1.0,0.0,1
-0.45149253731343286,0.5,0.7032258960211435,0.2639934905660165,1.0,0.0,0.0,1.0,0.0,1.0,0.0,0.0,0.0,0.0,0.0,0.0,1.0,0
-0.8171641791044776,0.0,-0.35248578849394974,-0.229403247013081,-1.0,0.0,1.0,0.0,0.0,1.0,0.0,0.0,0.0,0.0,1.0,0.0,0.0,0
-0.9888059701492538,1.0,1.1634913735074521,0.3015914291610684,1.0,0.0,0.0,1.0,0.0,1.0,0.0,0.0,0.0,0.0,1.0,0.0,0.0,0
0.22014925373134328,-1.0,0.18926177629845917,0.28809488955504925,2.0,0.0,0.0,0.0,1.0,0.0,0.0,0.0,0.0,1.0,1.0,0.0,0.0,1
1.078358208955224,0.5,1.000235709968952,0.8305388852947797,1.0,0.0,0.0,1.0,0.0,0.0,0.0,1.0,0.0,0.0,1.0,0.0,0.0,0
-1.085820895522388,0.0,0.3643800358560838,-0.5084678290809792,2.0,0.0,0.0,0.0,1.0,0.0,0.0,1.0,0.0,0.0,1.0,0.0,0.0,1
-0.6791044776119403,2.5,0.9059521023756738,-0.719714590454105,2.0,0.0,0.0,1.0,0.0,0.0,0.0,1.0,0.0,0.0,1.0,0.0,0.0,1
-0.667910447761194,-1.0,-0.32221306066248695,0.6647458564262476,1.0,0.0,1.0,0.0,0.0,0.0,0.0,1.0,0.0,0.0,0.0,1.0,0.0,1
0.6940298507462687,0.5,-0.12916656344459204,0.1620261100542189,2.0,0.0,0.0,0.0,1.0,0.0,0.0,1.0,0.0,0.0,1.0,0.0,0.0,1
-0.3582089552238806,-0.5,-0.6041679201321603,-0.9642153526470345,0.0,0.0,0.0,1.0,0.0,1.0,0.0,0.0,0.0,0.0,0.0,1.0,0.0,1
0.8246268656716418,1.5,0.4427611133093046,-0.6469049837644317,2.0,0.0,0.0,1.0,0.0,0.0,1.0,0.0,0.0,0.0,0.0,1.0,0.0,1
0.20522388059701493,1.5,-0.6109849798456832,-0.1274120792475653,-1.0,1.0,0.0,1.0,0.0,0.0,1.0,0.0,0.0,0.0,1.0,0.0,0.0,1
0.40298507462686567,0.5,0.16078602167086437,0.44254871135682555,2.0,0.0,0.0,1.0,0.0,0.0,0.0,0.0,0.0,1.0,0.0,0.0,1.0,1
0.5671641791044776,0.0,-0.2116972233736376,1.2279681439494432,3.0,0.0,0.0,0.0,1.0,1.0,0.0,0.0,0.0,0.0,0.0,1.0,0.0,1
-0.7052238805970149,-1.0,0.5330308239363142,0.20903002620432962,-1.0,0.0,0.0,1.0,0.0,0.0,0.0,0.0,0.0,1.0,1.0,0.0,0.0,0
0.2462686567164179,0.0,0.02437523376940946,1.3004238133938513,0.0,0.0,0.0,1.0,0.0,1.0,0.0,0.0,0.0,0.0,1.0,0.0,0.0,1
-0.12686567164179105,0.5,-0.22174867380886287,-0.8508760834588194,-1.0,0.0,0.0,1.0,0.0,1.0,0.0,0.0,0.0,0.0,1.0,0.0,0.0,0
-0.15298507462686567,1.5,-0.36914457068666606,-0.27495809261250437,0.0,0.0,0.0,1.0,0.0,0.0,0.0,1.0,0.0,0.0,1.0,0.0,0.0,1
0.3805970149253731,2.0,0.791105181555116,-0.6689638094031837,1.0,0.0,0.0,1.0,0.0,1.0,0.0,0.0,0.0,0.0,0.0,1.0,0.0,1
0.7873134328358209,-0.5,0.43179159350810975,1.3726170139742615,1.0,0.0,0.0,1.0,0.0,1.0,0.0,0.0,0.0,0.0,0.0,1.0,0.0,1
-1.1529850746268657,0.0,-0.5522969641755684,-0.6077561520140273,0.0,1.0,0.0,1.0,0.0,1.0,0.0,0.0,0.0,0.0,0.0,0.0,1.0,0
0.582089552238806,0.0,1.4278469352398286,-0.4484836896298209,1.0,1.0,0.0,1.0,0.0,0.0,0.0,1.0,0.0,0.0,0.0,1.0,0.0,0
-0.13059701492537312,0.0,0.10924969435613885,-0.7650305136113972,0.0,0.0,0.0,1.0,0.0,1.0,0.0,0.0,0.0,0.0,1.0,0.0,0.0,0
0.2947761194029851,0.5,-0.5679117190207207,-0.057307305815911605,0.0,0.0,0.0,1.0,0.0,0.0,1.0,0.0,0.0,0.0,0.0,0.0,1.0,0
0.503731343283582,0.5,-0.5296002293080972,0.5517071533840164,0.0,0.0,0.0,1.0,0.0,1.0,0.0,0.0,0.0,0.0,0.0,1.0,0.0,0
-1.0634328358208955,0.0,-0.18819598978186314,-0.6345421729549063,2.0,0.0,0.0,1.0,0.0,0.0,0.0,0.0,0.0,1.0,1.0,0.0,0.0,1
-0.13059701492537312,2.0,1.87875906171147,-0.7002674704796381,-1.0,0.0,0.0,1.0,0.0,1.0,0.0,0.0,0.0,0.0,0.0,1.0,0.0,1
-0.055970149253731345,-0.5,0.37998259422050695,0.12806039041893874,0.0,0.0,0.0,1.0,0.0,0.0,1.0,0.0,0.0,0.0,0.0,0.0,1.0,0
-0.23880597014925373,-1.5,0.02422850403302973,0.026642740615240728,2.0,0.0,0.0,0.0,1.0,1.0,0.0,0.0,0.0,0.0,0.0,0.0,1.0,1
0.6305970149253731,-1.5,-0.45984133553155093,0.7982908532469954,1.0,1.0,0.0,1.0,0.0,1.0,0.0,0.0,0.0,0.0,0.0,1.0,0.0,0
0.24253731343283583,-1.5,-0.27152629939119727,0.5501914102561303,1.0,0.0,0.0,1.0,0.0,1.0,0.0,0.0,0.0,0.0,1.0,0.0,0.0,0
0.08582089552238806,0.0,0.9559289997270062,-0.4569722328635421,0.0,0.0,0.0,1.0,0.0,0.0,0.0,0.0,0.0,1.0,0.0,0.0,1.0,1
0.5111940298507462,1.0,-0.3248877134826746,0.30540988910263434,2.0,0.0,0.0,0.0,1.0,1.0,0.0,0.0,0.0,0.0,0.0,0.0,1.0,1
0.26119402985074625,-1.0,0.4955880276615524,1.6239276551479565,1.0,0.0,0.0,0.0,1.0,0.0,0.0,0.0,0.0,1.0,1.0,0.0,0.0,1
-0.23507462686567165,0.0,0.7587920490317064,-0.2670944893526334,1.0,0.0,0.0,1.0,0.0,0.0,0.0,1.0,0.0,0.0,1.0,0.0,0.0,1
-1.3992537313432836,-0.5,0.05484408957934299,-0.025408223596275332,0.0,0.0,1.0,0.0,0.0,1.0,0.0,0.0,0.0,0.0,0.0,1.0,0.0,0
-0.33955223880597013,0.0,-0.5045687925638653,0.17920596716961956,3.0,0.0,0.0,0.0,1.0,0.0,0.0,1.0,0.0,0.0,1.0,0.0,0.0,1
-0.6791044776119403,0.0,0.024420256491008437,-0.26307372687159514,-1.0,0.0,0.0,1.0,0.0,1.0,0.0,0.0,0.0,0.0,1.0,0.0,0.0,0
-0.7276119402985075,0.5,0.46201740429911936,0.8274497340066991,1.0,1.0,0.0,1.0,0.0,0.0,0.0,1.0,0.0,0.0,1.0,0.0,0.0,0
0.03731343283582089,0.5,1.5126034971367694,-0.2389611151568392,3.0,0.0,0.0,1.0,0.0,1.0,0.0,0.0,0.0,0.0,1.0,0.0,0.0,1
0.585820895522388,0.5,1.0026188588724267,0.10313972800320557,1.0,0.0,0.0,1.0,0.0,1.0,0.0,0.0,0.0,0.0,1.0,0.0,0.0,0
0.5223880597014925,0.0,-0.6124617504318128,0.8159512824732839,2.0,0.0,0.0,0.0,1.0,1.0,0.0,0.0,0.0,0.0,0.0,0.0,1.0,1
-0.5298507462686567,-1.0,0.9724272877176038,1.3558309304400178,0.0,0.0,0.0,1.0,0.0,1.0,0.0,0.0,0.0,0.0,0.0,1.0,0.0,1
0.7201492537313433,0.0,2.0657152380528316,-0.29510992513179785,2.0,0.0,1.0,0.0,0.0,1.0,0.0,0.0,0.0,0.0,1.0,0.0,0.0,1
0.44402985074626866,1.0,0.9285412604495042,-0.6757423304374136,1.0,0.0,1.0,0.0,0.0,1.0,0.0,0.0,0.0,0.0,0.0,1.0,0.0,0
-0.15298507462686567,0.0,-0.02541665042443662,-0.34632320932522387,1.0,0.0,0.0,1.0,0.0,1.0,0.0,0.0,0.0,0.0,0.0,1.0,0.0,0
1.7350746268656716,-1.0,0.32814983660223157,0.14935796234055262,1.0,0.0,0.0,0.0,1.0,0.0,0.0,0.0,0.0,1.0,0.0,1.0,0.0,0
-0.14925373134328357,-1.5,0.7434725791816071,-0.5173208219511278,2.0,0.0,0.0,1.0,0.0,0.0,0.0,1.0,0.0,0.0,0.0,1.0,0.0,1
-0.19776119402985073,-0.5,0.7703586966383715,0.2311970711248361,1.0,0.0,0.0,1.0,0.0,1.0,0.0,0.0,0.0,0.0,1.0,0.0,0.0,1
-0.10074626865671642,-1.0,0.0696082009400344,-0.059215233551483545,1.0,1.0,0.0,1.0,0.0,1.0,0.0,0.0,0.0,0.0,1.0,0.0,0.0,0
-1.126865671641791,0.0,0.9890519446948671,0.46765957728381197,1.0,0.0,0.0,1.0,0.0,1.0,0.0,0.0,0.0,0.0,1.0,0.0,0.0,1
-1.2835820895522387,-1.0,1.8154169180850375,0.2881865445766327,0.0,1.0,0.0,1.0,0.0,1.0,0.0,0.0,0.0,0.0,0.0,0.0,1.0,0
0.1865671641791045,0.0,0.7644384550089631,-0.2391757540418665,0.0,0.0,0.0,1.0,0.0,1.0,0.0,0.0,0.0,0.0,0.0,1.0,0.0,0
0.15298507462686567,-0.5,1.002499850860282,-0.9484753366883272,0.0,0.0,0.0,1.0,0.0,1.0,0.0,0.0,0.0,0.0,0.0,1.0,0.0,0
0.6716417910447762,-1.0,-0.301180104362265,0.46584605576020754,3.0,0.0,0.0,1.0,0.0,0.0,1.0,0.0,0.0,0.0,1.0,0.0,0.0,1
0.13805970149253732,0.5,0.7756608244790634,0.4031583185044718,2.0,0.0,0.0,1.0,0.0,1.0,0.0,0.0,0.0,0.0,0.0,0.0,1.0,1
0.3917910447761194,2.0,1.7089419571990305,1.2743289763062688,2.0,0.0,0.0,1.0,0.0,1.0,0.0,0.0,0.0,0.0,1.0,0.0,0.0,1
0.23507462686567165,-1.0,-0.06138921539799295,-0.24527230394554067,-1.0,0.0,0.0,1.0,0.0,0.0,1.0,0.0,0.0,0.0,0.0,0.0,1.0,0
1.1007462686567164,0.0,2.048841568909521,0.04966871921738323,1.0,0.0,0.0,1.0,0.0,1.0,0.0,0.0,0.0,0.0,0.0,1.0,0.0,0
0.15298507462686567,-1.0,-0.4814337973658326,0.4156610685660931,0.0,1.0,0.0,0.0,1.0,1.0,0.0,0.0,0.0,0.0,1.0,0.0,0.0,0
0.3208955223880597,0.0,-0.2956068176926537,1.0895765147355632,0.0,1.0,0.0,0.0,1.0,0.0,0.0,1.0,0.0,0.0,0.0,1.0,0.0,1
0.5410447761194029,-0.5,0.5963929190870396,-0.667351899986305,1.0,0.0,0.0,1.0,0.0,1.0,0.0,0.0,0.0,0.0,1.0,0.0,0.0,0
-0.2126865671641791,-0.5,-0.546103951907229,0.36471433104527323,2.0,1.0,0.0,0.0,1.0,1.0,0.0,0.0,0.0,0.0,0.0,1.0,0.0,1
0.5708955223880597,-1.0,-0.5404940865570559,-0.6461088252054386,0.0,0.0,0.0,1.0,0.0,1.0,0.0,0.0,0.0,0.0,1.0,0.0,0.0,0
0.35447761194029853,0.0,-0.1308211844071776,0.5772303549474117,1.0,0.0,0.0,0.0,1.0,0.0,0.0,1.0,0.0,0.0,0.0,0.0,1.0,0
0.1417910447761194,-0.5,0.1872007331478988,1.4721709730922508,3.0,1.0,0.0,1.0,0.0,0.0,0.0,1.0,0.0,0.0,1.0,0.0,0.0,1
1.294776119402985,-0.5,1.4255582843248549,-0.1539406501513604,1.0,1.0,0.0,1.0,0.0,1.0,0.0,0.0,0.0,0.0,0.0,0.0,1.0,1
0.4925373134328358,-0.5,0.7721699549602288,-0.35523518372413115,0.0,0.0,0.0,0.0,1.0,1.0,0.0,0.0,0.0,0.0,0.0,1.0,0.0,0
-0.7611940298507462,-0.5,-0.21434774237023788,0.9611239464877026,0.0,0.0,0.0,1.0,0.0,0.0,0.0,1.0,0.0,0.0,0.0,1.0,0.0,0
-0.832089552238806,1.0,-0.4042782198744939,-0.6169968638404933,3.0,1.0,0.0,1.0,0.0,0.0,0.0,1.0,0.0,0.0,0.0,1.0,0.0,1
0.06716417910447761,0.0,0.17220172923761368,0.5330104758572881,1.0,0.0,0.0,1.0,0.0,0.0,0.0,1.0,0.0,0.0,0.0,0.0,1.0,0
0.9589552238805971,-0.5,-0.6217278394225659,-0.6696041363135119,1.0,0.0,0.0,1.0,0.0,1.0,0.0,0.0,0.0,0.0,1.0,0.0,0.0,0
-0.24253731343283583,2.0,0.025404111718891734,0.3496397442501009,1.0,0.0,0.0,1.0,0.0,0.0,0.0,0.0,1.0,0.0,0.0,1.0,0.0,1
-0.10820895522388059,-0.5,-0.24175629066644092,0.9576866841252674,1.0,0.0,0.0,1.0,0.0,1.0,0.0,0.0,0.0,0.0,0.0,0.0,1.0,0
-0.4216417910447761,1.0,0.5026616280214324,0.39244555570901235,-1.0,0.0,0.0,1.0,0.0,0.0,1.0,0.0,0.0,0.0,1.0,0.0,0.0,0
-1.3432835820895523,0.0,1.782757131377578,0.2248345649580547,0.0,0.0,0.0,1.0,0.0,1.0,0.0,0.0,0.0,0.0,0.0,0.0,1.0,1
-0.8544776119402985,1.0,-0.04118343283950854,-0.2056340061729448,0.0,0.0,0.0,1.0,0.0,1.0,0.0,0.0,0.0,0.0,0.0,1.0,0.0,1
-0.4552238805970149,0.5,-0.049518476864662694,-0.033283822074875485,1.0,0.0,0.0,1.0,0.0,0.0,1.0,0.0,0.0,0.0,1.0,0.0,0.0,0
0.12313432835820895,-1.5,0.10527751661879434,-0.886906683116936,1.0,0.0,0.0,1.0,0.0,0.0,0.0,0.0,0.0,1.0,1.0,0.0,0.0,0
-0.6492537313432836,1.5,-0.35201167356762914,-0.4258365108484635,-1.0,0.0,0.0,0.0,1.0,1.0,0.0,0.0,0.0,0.0,1.0,0.0,0.0,1
1.1902985074626866,-1.0,2.2849586087923415,0.0782458072090303,1.0,0.0,0.0,1.0,0.0,1.0,0.0,0.0,0.0,0.0,0.0,1.0,0.0,0
-0.011194029850746268,0.0,-0.33489256030004394,0.5977152458930822,1.0,0.0,0.0,1.0,0.0,0.0,1.0,0.0,0.0,0.0,0.0,1.0,0.0,0
-0.4925373134328358,1.0,0.6791904245836456,-0.15727268330589944,0.0,0.0,0.0,0.0,1.0,0.0,0.0,0.0,1.0,0.0,1.0,0.0,0.0,0
-1.6194029850746268,0.5,0.7058011260897507,0.0017982138304638029,0.0,0.0,0.0,1.0,0.0,1.0,0.0,0.0,0.0,0.0,1.0,0.0,0.0,0
0.9291044776119403,-0.5,2.831348518368972,0.7264599659923492,1.0,0.0,0.0,1.0,0.0,1.0,0.0,0.0,0.0,0.0,0.0,0.0,1.0,0
0.22388059701492538,-1.5,-0.33201058967126074,-0.3304705320517458,-1.0,1.0,0.0,1.0,0.0,1.0,0.0,0.0,0.0,0.0,1.0,0.0,0.0,0
-0.30970149253731344,-0.5,-0.3317805282467907,-0.8038842855872331,0.0,0.0,0.0,0.0,1.0,1.0,0.0,0.0,0.0,0.0,0.0,1.0,0.0,0
-0.7313432835820896,0.0,-0.34267340020027215,0.432820186409734,0.0,1.0,0.0,1.0,0.0,0.0,0.0,0.0,0.0,1.0,0.0,0.0,1.0,1
0.06343283582089553,1.0,0.22032585491488743,0.955829900050251,0.0,0.0,0.0,0.0,1.0,0.0,0.0,0.0,1.0,0.0,1.0,0.0,0.0,0
0.8955223880597015,-1.5,0.6244121983372465,0.8468651397810627,0.0,1.0,0.0,1.0,0.0,1.0,0.0,0.0,0.0,0.0,1.0,0.0,0.0,0
0.24253731343283583,0.5,-0.24930620277299984,0.7898687300011324,0.0,0.0,0.0,0.0,1.0,1.0,0.0,0.0,0.0,0.0,0.0,1.0,0.0,0
-0.667910447761194,0.0,0.6786590341400848,0.2203363288623462,2.0,0.0,0.0,1.0,0.0,1.0,0.0,0.0,0.0,0.0,1.0,0.0,0.0,1
-0.5223880597014925,-0.5,-0.36184884522323835,-0.16367153813432303,1.0,0.0,0.0,1.0,0.0,0.0,0.0,1.0,0.0,0.0,1.0,0.0,0.0,0
-0.9029850746268657,-1.5,-0.42943545703660463,0.6544775184711491,1.0,0.0,0.0,1.0,0.0,1.0,0.0,0.0,0.0,0.0,0.0,0.0,1.0,0
0.6044776119402985,-1.5,0.6303499877686958,-0.808667152419658,1.0,1.0,0.0,0.0,1.0,1.0,0.0,0.0,0.0,0.0,1.0,0.0,0.0,0
1.078358208955224,1.5,-0.41586062286486664,-0.7485284612710263,1.0,0.0,0.0,0.0,1.0,0.0,0.0,0.0,0.0,1.0,0.0,0.0,1.0,1
0.832089552238806,0.5,0.2804520285079792,-0.5392928197464852,0.0,0.0,0.0,0.0,1.0,0.0,0.0,0.0,1.0,0.0,0.0,0.0,1.0,0
0.45149253731343286,0.0,-0.16312901416911957,1.2718826518672885,1.0,0.0,0.0,0.0,1.0,1.0,0.0,0.0,0.0,0.0,0.0,1.0,0.0,1
0.23507462686567165,-1.0,-0.09834108216377051,-0.019961334521618697,1.0,0.0,0.0,0.0,1.0,0.0,0.0,1.0,0.0,0.0,1.0,0.0,0.0,0
-1.208955223880597,-0.5,-0.38995099118832516,0.38688177168142324,1.0,0.0,0.0,0.0,1.0,0.0,0.0,1.0,0.0,0.0,1.0,0.0,0.0,1
0.7164179104477612,-1.0,2.511850744058914,-0.9268068253487551,0.0,0.0,0.0,1.0,0.0,0.0,0.0,1.0,0.0,0.0,0.0,1.0,0.0,0
-0.6417910447761194,-0.5,-0.44838194563484546,0.43900646891852224,1.0,0.0,0.0,0.0,1.0,1.0,0.0,0.0,0.0,0.0,0.0,1.0,0.0,1
-1.458955223880597,-0.5,-0.24331121836651895,1.2423849213824898,0.0,0.0,0.0,1.0,0.0,1.0,0.0,0.0,0.0,0.0,0.0,0.0,1.0,1
-0.16417910447761194,1.0,-0.15220438778510106,-0.1326564785611962,1.0,0.0,0.0,0.0,1.0,0.0,0.0,0.0,0.0,1.0,0.0,0.0,1.0,1
0.8134328358208955,-1.0,3.1515833722797506,1.105911089156693,1.0,1.0,0.0,1.0,0.0,0.0,1.0,0.0,0.0,0.0,1.0,0.0,0.0,1
-0.011194029850746268,1.5,-0.5463130141231376,1.2574613673990171,3.0,0.0,0.0,0.0,1.0,1.0,0.0,0.0,0.0,0.0,0.0,0.0,1.0,1
-0.458955223880597,-1.0,-0.4456494911929909,0.6599673939902435,0.0,0.0,0.0,1.0,0.0,1.0,0.0,0.0,0.0,0.0,1.0,0.0,0.0,0
-0.23507462686567165,-1.0,-0.4871366804395733,-0.9830327042375141,0.0,0.0,0.0,1.0,0.0,0.0,0.0,1.0,0.0,0.0,1.0,0.0,0.0,0
0.2798507462686567,-0.5,-0.5615016241476067,-0.17245869471322559,2.0,0.0,0.0,1.0,0.0,1.0,0.0,0.0,0.0,0.0,1.0,0.0,0.0,1
-0.31343283582089554,1.5,-0.5449099912728392,-0.5210975998295444,2.0,0.0,0.0,1.0,0.0,0.0,1.0,0.0,0.0,0.0,1.0,0.0,0.0,1
0.3917910447761194,-0.5,-0.21413195802847915,1.202483054592936,0.0,0.0,0.0,1.0,0.0,0.0,1.0,0.0,0.0,0.0,0.0,1.0,0.0,1
-0.3917910447761194,1.0,-0.6217278394225659,-0.12129823966378045,1.0,1.0,0.0,1.0,0.0,0.0,0.0,1.0,0.0,0.0,0.0,0.0,1.0,0
-0.26865671641791045,0.5,0.24497961939926144,-0.8917404870069502,0.0,0.0,0.0,1.0,0.0,0.0,0.0,1.0,0.0,0.0,0.0,0.0,1.0,0
-0.21641791044776118,-1.5,0.2331419040402411,0.8921609112693752,1.0,0.0,0.0,0.0,1.0,1.0,0.0,0.0,0.0,0.0,0.0,0.0,1.0,0
0.75,-0.5,-0.5612788837666904,-0.2606867268062831,1.0,0.0,0.0,1.0,0.0,0.0,0.0,1.0,0.0,0.0,1.0,0.0,0.0,0
-0.3805970149253731,0.0,1.0329830223214016,0.7292810903911724,0.0,0.0,0.0,1.0,0.0,1.0,0.0,0.0,0.0,0.0,1.0,0.0,0.0,0
-0.3358208955223881,-1.0,-0.1828627915905124,-0.5884133687371534,0.0,0.0,0.0,1.0,0.0,1.0,0.0,0.0,0.0,0.0,1.0,0.0,0.0,0
-0.6604477611940298,1.5,0.928567829926576,-0.2156968108314164,1.0,0.0,0.0,1.0,0.0,0.0,0.0,1.0,0.0,0.0,1.0,0.0,0.0,1
-0.20522388059701493,0.0,-0.1472812401223695,-0.7521079845526841,1.0,1.0,0.0,0.0,1.0,1.0,0.0,0.0,0.0,0.0,0.0,0.0,1.0,0
0.30223880597014924,0.0,0.5425386287953402,-0.10027142337913615,2.0,0.0,0.0,1.0,0.0,0.0,0.0,1.0,0.0,0.0,1.0,0.0,0.0,1
0.3694029850746269,0.5,0.05765015495080489,0.604927529390361,2.0,1.0,0.0,1.0,0.0,0.0,0.0,1.0,0.0,0.0,1.0,0.0,0.0,1
-0.5708955223880597,0.0,-0.10352345820418571,-0.3417573642969605,3.0,0.0,0.0,1.0,0.0,1.0,0.0,0.0,0.0,0.0,1.0,0.0,0.0,1
0.6865671641791045,1.0,1.7097095205100732,-0.6676407681879398,0.0,0.0,0.0,1.0,0.0,1.0,0.0,0.0,0.0,0.0,0.0,1.0,0.0,0
0.6194029850746269,-0.5,0.1898263235823896,-0.8537651770629334,0.0,0.0,0.0,1.0,0.0,1.0,0.0,0.0,0.0,0.0,0.0,1.0,0.0,1
-0.4291044776119403,-1.0,-0.39677728062402007,1.0220350038131836,1.0,0.0,1.0,0.0,0.0,0.0,1.0,0.0,0.0,0.0,0.0,1.0,0.0,0
-0.2537313432835821,1.0,-0.035946050654389335,0.37985777501437995,0.0,0.0,1.0,0.0,0.0,1.0,0.0,0.0,0.0,0.0,1.0,0.0,0.0,0
0.21641791044776118,-1.5,-0.17517818477133054,0.3771819308301303,0.0,0.0,0.0,1.0,0.0,0.0,0.0,1.0,0.0,0.0,1.0,0.0,0.0,0
-0.048507462686567165,0.5,0.6725429025584034,0.7331111590359408,0.0,0.0,0.0,0.0,1.0,0.0,0.0,0.0,0.0,1.0,0.0,1.0,0.0,1
1.7682089552238844,0.5,0.3862494263477993,-0.2973167823060647,1.0,0.0,0.0,1.0,0.0,1.0,0.0,0.0,0.0,0.0,0.0,1.0,0.0,0
-0.44402985074626866,-1.5,1.4858266258613466,-0.6996221607359409,0.0,1.0,0.0,1.0,0.0,0.0,0.0,0.0,1.0,0.0,1.0,0.0,0.0,0
-0.5597014925373134,-0.5,-0.06388142419567382,-0.24224470458373426,0.0,0.0,0.0,1.0,0.0,0.0,0.0,1.0,0.0,0.0,0.0,1.0,0.0,0
-0.014925373134328358,0.5,-0.5470225384891589,-0.4975817020670477,0.0,0.0,0.0,0.0,1.0,0.0,0.0,1.0,0.0,0.0,0.0,1.0,0.0,0
-0.04477611940298507,0.5,0.12843211438686175,-0.6243351820211902,1.0,0.0,0.0,1.0,0.0,0.0,0.0,1.0,0.0,0.0,0.0,1.0,0.0,1
-0.23507462686567165,-1.0,0.7893815323577419,-0.6248856409568359,-1.0,0.0,0.0,1.0,0.0,1.0,0.0,0.0,0.0,0.0,1.0,0.0,0.0,0
-0.12313432835820895,-1.5,0.03869075268542614,-0.7543027441586935,-1.0,0.0,0.0,1.0,0.0,0.0,0.0,1.0,0.0,0.0,1.0,0.0,0.0,0
0.041044776119402986,-1.5,-0.3667415056104457,-0.4772599076194983,1.0,0.0,0.0,1.0,0.0,0.0,0.0,1.0,0.0,0.0,1.0,0.0,0.0,0
-0.14925373134328357,0.5,-0.20660006435542658,-0.4798565004651843,3.0,1.0,0.0,1.0,0.0,1.0,0.0,0.0,0.0,0.0,1.0,0.0,0.0,1
1.5298507462686568,0.0,-0.32108807166505066,-0.5114358467088898,0.0,0.0,0.0,1.0,0.0,0.0,1.0,0.0,0.0,0.0,0.0,0.0,1.0,0
0.5970149253731343,0.5,1.6955875507365286,0.14591485091715428,2.0,0.0,0.0,1.0,0.0,0.0,0.0,1.0,0.0,0.0,1.0,0.0,0.0,1
0.1417910447761194,-0.5,-0.1805138848654075,0.26316371558430085,1.0,0.0,0.0,0.0,1.0,1.0,0.0,0.0,0.0,0.0,1.0,0.0,0.0,0
1.1940298507462686,2.5,-0.5205405997825702,0.32315640844773774,0.0,0.0,0.0,1.0,0.0,1.0,0.0,0.0,0.0,0.0,1.0,0.0,0.0,1
0.014925373134328358,2.5,0.7993699840171147,-0.06197736510616069,0.0,0.0,0.0,1.0,0.0,0.0,0.0,1.0,0.0,0.0,0.0,1.0,0.0,1
0.30597014925373134,-1.0,0.08709091995530938,0.19350693271585287,1.0,0.0,0.0,0.0,1.0,1.0,0.0,0.0,0.0,0.0,1.0,0.0,0.0,0
0.5223880597014925,-0.5,0.01838409183014311,0.6449474383377866,1.0,0.0,0.0,1.0,0.0,1.0,0.0,0.0,0.0,0.0,0.0,1.0,0.0,1
0.7014925373134329,0.5,-0.6103585719168103,-0.45711143292888023,1.0,0.0,0.0,1.0,0.0,0.0,0.0,1.0,0.0,0.0,1.0,0.0,0.0,0
0.033582089552238806,0.5,1.374314756222021,-0.11511862063163755,-1.0,1.0,0.0,1.0,0.0,0.0,0.0,1.0,0.0,0.0,1.0,0.0,0.0,0
-0.029850746268656716,0.0,0.41920063057790646,0.3940862753646113,2.0,0.0,0.0,0.0,1.0,1.0,0.0,0.0,0.0,0.0,0.0,0.0,1.0,1
1.0634328358208955,1.0,1.0146859216665898,0.5041477715938322,-1.0,0.0,0.0,1.0,0.0,0.0,0.0,1.0,0.0,0.0,0.0,1.0,0.0,0
0.12686567164179105,1.5,-0.40918409902718267,-0.7727999891443684,1.0,0.0,0.0,1.0,0.0,1.0,0.0,0.0,0.0,0.0,1.0,0.0,0.0,1
-0.5,1.5,-0.6217278394225659,0.588696498764331,1.0,0.0,0.0,0.0,1.0,1.0,0.0,0.0,0.0,0.0,0.0,1.0,0.0,1
0.07835820895522388,2.0,1.7065933537599867,-0.3057628011591093,2.0,0.0,0.0,0.0,1.0,1.0,0.0,0.0,0.0,0.0,1.0,0.0,0.0,1
1.205223880597015,0.0,0.35518603721547315,-0.5357595247248627,0.0,0.0,0.0,1.0,0.0,1.0,0.0,0.0,0.0,0.0,1.0,0.0,0.0,1
-0.7388059701492538,0.5,0.0505751107988971,1.3726677486486942,1.0,0.0,0.0,1.0,0.0,0.0,0.0,1.0,0.0,0.0,0.0,0.0,1.0,1
-1.0,1.0,1.378714329646853,-0.8278366163523617,1.0,0.0,0.0,0.0,1.0,1.0,0.0,0.0,0.0,0.0,0.0,1.0,0.0,1
0.1865671641791045,0.0,0.08337859066358515,1.2444573179177443,0.0,1.0,0.0,1.0,0.0,0.0,0.0,1.0,0.0,0.0,1.0,0.0,0.0,1
0.5186567164179104,0.5,0.3598411067112545,-0.27151733247542065,-1.0,0.0,0.0,1.0,0.0,1.0,0.0,0.0,0.0,0.0,0.0,0.0,1.0,1
0.35074626865671643,-1.5,-0.3620971419186485,0.35418048925963797,1.0,0.0,0.0,1.0,0.0,0.0,1.0,0.0,0.0,0.0,0.0,0.0,1.0,0
-0.8582089552238806,-1.5,-0.04678241948996428,-0.6782272720864071,1.0,0.0,0.0,1.0,0.0,0.0,0.0,0.0,0.0,1.0,1.0,0.0,0.0,0
-0.6865671641791045,1.5,1.4261310628343637,0.18164630393132156,1.0,1.0,0.0,1.0,0.0,0.0,0.0,0.0,1.0,0.0,1.0,0.0,0.0,1
-0.9552238805970149,0.5,0.0712996207923719,-0.22243212917112223,1.0,0.0,0.0,1.0,0.0,1.0,0.0,0.0,0.0,0.0,1.0,0.0,0.0,0
0.5485074626865671,-1.5,-0.41647648325050896,1.0269608531978454,2.0,1.0,0.0,1.0,0.0,1.0,0.0,0.0,0.0,0.0,0.0,0.0,1.0,1
-0.10074626865671642,-0.5,-0.2041547464516032,-0.2786343974040445,-1.0,0.0,0.0,1.0,0.0,0.0,0.0,1.0,0.0,0.0,0.0,0.0,1.0,0
-0.5261194029850746,1.5,3.488464304680498,0.5664849138382946,0.0,0.0,0.0,1.0,0.0,0.0,0.0,1.0,0.0,0.0,0.0,0.0,1.0,1
-0.19776119402985073,-0.5,0.7976170668379493,-0.3136270002256426,1.0,1.0,0.0,1.0,0.0,1.0,0.0,0.0,0.0,0.0,1.0,0.0,0.0,0
1.2798507462686568,0.0,-0.39301420272112914,0.40246660871936485,1.0,0.0,0.0,1.0,0.0,1.0,0.0,0.0,0.0,0.0,1.0,0.0,0.0,0
-0.1455223880597015,-0.5,0.4060714349300921,0.3561435800520597,1.0,1.0,0.0,1.0,0.0,0.0,1.0,0.0,0.0,0.0,1.0,0.0,0.0,0
0.7201492537313433,0.0,0.06924629565205165,-0.13784575121004417,-1.0,0.0,0.0,0.0,1.0,0.0,0.0,1.0,0.0,0.0,0.0,0.0,1.0,1
0.5708955223880597,0.5,-0.10634795153572064,0.376216173585875,0.0,0.0,0.0,0.0,1.0,1.0,0.0,0.0,0.0,0.0,0.0,0.0,1.0,1
-0.19029850746268656,1.0,1.5448152972306513,0.7931710228901538,0.0,0.0,0.0,0.0,1.0,0.0,0.0,0.0,1.0,0.0,1.0,0.0,0.0,0
-0.5671641791044776,-1.0,0.15222163772846187,-1.0177821389914485,0.0,0.0,0.0,1.0,0.0,1.0,0.0,0.0,0.0,0.0,0.0,0.0,1.0,0
-0.007462686567164179,-0.5,0.9176288650481407,-0.25261355720187423,0.0,0.0,1.0,0.0,0.0,1.0,0.0,0.0,0.0,0.0,0.0,0.0,1.0,0
0.2537313432835821,-1.5,-0.33650876370602983,-0.4810543354464088,0.0,0.0,0.0,1.0,0.0,1.0,0.0,0.0,0.0,0.0,1.0,0.0,0.0,0
1.1679104477611941,1.5,0.308299941810158,0.3390770773174096,1.0,0.0,0.0,0.0,1.0,0.0,1.0,0.0,0.0,0.0,0.0,0.0,1.0,1
0.3246268656716418,0.0,-0.17452467802680227,0.9299747808682631,1.0,1.0,0.0,1.0,0.0,0.0,0.0,1.0,0.0,0.0,1.0,0.0,0.0,0
-1.037313432835821,2.0,0.295787578495774,-0.7644999855152343,-1.0,0.0,0.0,1.0,0.0,1.0,0.0,0.0,0.0,0.0,0.0,1.0,0.0,1
-0.7910447761194029,1.0,0.4211913363393332,0.6450078067844377,0.0,0.0,0.0,0.0,1.0,1.0,0.0,0.0,0.0,0.0,0.0,0.0,1.0,0
-0.48134328358208955,0.0,-0.40550781562396654,-0.0698240155526905,-1.0,0.0,0.0,1.0,0.0,1.0,0.0,0.0,0.0,0.0,1.0,0.0,0.0,1
0.5671641791044776,-0.5,1.7744254115439047,0.003141674439334638,1.0,1.0,0.0,1.0,0.0,1.0,0.0,0.0,0.0,0.0,0.0,1.0,0.0,0
-0.5932835820895522,-0.5,0.7575643436667588,-0.6412223565782217,0.0,0.0,0.0,1.0,0.0,1.0,0.0,0.0,0.0,0.0,0.0,1.0,0.0,0
-0.4701492537313433,1.0,-0.6168375149630617,-0.12036040760448427,2.0,0.0,0.0,1.0,0.0,0.0,1.0,0.0,0.0,0.0,1.0,0.0,0.0,1
-0.055970149253731345,0.5,2.305574303207782,-0.7601294943894332,2.0,0.0,0.0,0.0,1.0,1.0,0.0,0.0,0.0,0.0,0.0,1.0,0.0,1
1.6417910447761195,1.5,0.41017865885901217,0.16844318094459326,1.0,0.0,0.0,1.0,0.0,1.0,0.0,0.0,0.0,0.0,0.0,0.0,1.0,1
0.3358208955223881,0.0,3.1860511517537438,-0.34145567629548107,-1.0,1.0,0.0,1.0,0.0,0.0,0.0,0.0,0.0,1.0,0.0,0.0,1.0,1
0.14925373134328357,1.0,1.6075967406176417,1.1073184684286952,1.0,0.0,1.0,0.0,0.0,1.0,0.0,0.0,0.0,0.0,1.0,0.0,0.0,1
-1.2350746268656716,1.0,-0.3485233220222871,-0.10093220535346659,-1.0,0.0,0.0,0.0,1.0,0.0,1.0,0.0,0.0,0.0,0.0,0.0,1.0,0
0.08582089552238806,1.0,0.3829734961812229,-0.47978746604427736,0.0,0.0,0.0,1.0,0.0,1.0,0.0,0.0,0.0,0.0,1.0,0.0,0.0,0
0.7761194029850746,0.0,1.780306770040186,0.5722492762536959,1.0,1.0,0.0,1.0,0.0,0.0,1.0,0.0,0.0,0.0,0.0,1.0,0.0,0
1.421641791044776,0.5,-0.047735786113918544,0.08576374297289369,1.0,1.0,0.0,1.0,0.0,0.0,1.0,0.0,0.0,0.0,0.0,0.0,1.0,1
-0.8432835820895522,0.5,-0.5992864350622539,-0.9871420559332431,0.0,0.0,0.0,0.0,1.0,1.0,0.0,0.0,0.0,0.0,0.0,0.0,1.0,0
0.8283582089552238,1.0,-0.5567644676965916,0.6458606014058427,0.0,0.0,0.0,1.0,0.0,1.0,0.0,0.0,0.0,0.0,0.0,0.0,1.0,0
-0.13805970149253732,1.0,1.5808688311276253,0.42145700035004746,3.0,0.0,0.0,1.0,0.0,1.0,0.0,0.0,0.0,0.0,0.0,1.0,0.0,1
-0.11194029850746269,0.0,-0.5024755056686402,-0.21135987847106952,1.0,0.0,0.0,1.0,0.0,0.0,0.0,1.0,0.0,0.0,0.0,0.0,1.0,0
0.34328358208955223,2.0,0.5989251972553987,0.6828553675181341,-1.0,1.0,0.0,1.0,0.0,0.0,1.0,0.0,0.0,0.0,0.0,1.0,0.0,1
-0.11567164179104478,-0.5,0.27939731875318924,0.3597988117895435,1.0,0.0,0.0,0.0,1.0,0.0,0.0,0.0,0.0,1.0,1.0,0.0,0.0,1
-0.7350746268656716,-1.0,-0.5274951717614821,0.8184640608746505,1.0,0.0,0.0,0.0,1.0,1.0,0.0,0.0,0.0,0.0,1.0,0.0,0.0,1
-0.6268656716417911,-1.0,2.682920323138365,0.926407212346323,-1.0,0.0,0.0,1.0,0.0,1.0,0.0,0.0,0.0,0.0,1.0,0.0,0.0,0
-1.6044776119402986,0.0,-0.41143092781922946,0.603770245682447,1.0,1.0,0.0,1.0,0.0,1.0,0.0,0.0,0.0,0.0,0.0,1.0,0.0,0
-1.3805970149253732,-0.5,0.28407072808674094,-0.7026714595431008,1.0,0.0,0.0,1.0,0.0,0.0,0.0,1.0,0.0,0.0,1.0,0.0,0.0,0
1.6156716417910448,-1.0,-0.18881102994193125,-0.19533024140029215,0.0,0.0,0.0,1.0,0.0,0.0,0.0,0.0,1.0,0.0,1.0,0.0,0.0,0
0.376865671641791,-1.5,-0.49563573153950535,0.44975613087013677,1.0,0.0,1.0,0.0,0.0,1.0,0.0,0.0,0.0,0.0,0.0,1.0,0.0,1
0.45149253731343286,-0.5,0.37319057204875294,-0.16569955316644697,-1.0,0.0,0.0,1.0,0.0,0.0,0.0,0.0,1.0,0.0,0.0,0.0,1.0,0
0.2798507462686567,-1.5,1.3351968757832375,-0.08264305861900814,0.0,1.0,0.0,1.0,0.0,1.0,0.0,0.0,0.0,0.0,0.0,1.0,0.0,0
-1.212686567164179,0.0,-0.277493246930408,-0.44093061991858346,3.0,0.0,0.0,1.0,0.0,1.0,0.0,0.0,0.0,0.0,1.0,0.0,0.0,1
0.6231343283582089,-1.0,-0.2232933575239806,0.783791327598163,0.0,1.0,0.0,1.0,0.0,1.0,0.0,0.0,0.0,0.0,0.0,1.0,0.0,0
-0.5410447761194029,2.0,-0.32543169662722043,0.7201067474462249,-1.0,0.0,0.0,0.0,1.0,0.0,0.0,1.0,0.0,0.0,0.0,0.0,1.0,1
0.5186567164179104,-0.5,0.6983885989807816,-0.453562841189855,1.0,0.0,0.0,1.0,0.0,1.0,0.0,0.0,0.0,0.0,1.0,0.0,0.0,0
-0.5970149253731343,-0.5,-0.3746916683297864,-0.3171465269700969,2.0,0.0,0.0,1.0,0.0,0.0,0.0,0.0,1.0,0.0,1.0,0.0,0.0,1
-0.27238805970149255,0.0,1.347839356499836,0.1294897592441076,0.0,0.0,0.0,0.0,1.0,1.0,0.0,0.0,0.0,0.0,1.0,0.0,0.0,0
-0.8582089552238806,1.0,1.4056795495130754,-0.017806810723105755,1.0,1.0,0.0,1.0,0.0,1.0,0.0,0.0,0.0,0.0,0.0,0.0,1.0,0
-0.3880597014925373,-1.0,-0.4195836914771659,-0.008302464658057783,1.0,0.0,0.0,1.0,0.0,1.0,0.0,0.0,0.0,0.0,1.0,0.0,0.0,0
-0.018656716417910446,0.0,0.2071004434972054,0.8101377130840735,-1.0,0.0,0.0,0.0,1.0,0.0,0.0,0.0,0.0,1.0,0.0,0.0,1.0,1
0.7238805970149254,-1.0,1.101017933407555,0.5671290486851506,0.0,0.0,0.0,0.0,1.0,1.0,0.0,0.0,0.0,0.0,0.0,1.0,0.0,0
0.1044776119402985,-1.5,-0.2680849016319207,0.28564823359391034,1.0,0.0,0.0,1.0,0.0,0.0,0.0,1.0,0.0,0.0,0.0,1.0,0.0,0
-0.26865671641791045,1.5,-0.26639677377508725,0.3004581254384925,2.0,0.0,0.0,1.0,0.0,0.0,0.0,1.0,0.0,0.0,0.0,0.0,1.0,1
0.1828358208955224,1.0,0.004421894394924762,-0.1184779052382979,0.0,0.0,0.0,0.0,1.0,0.0,0.0,1.0,0.0,0.0,0.0,0.0,1.0,0
0.8134328358208955,0.0,1.0515286160229211,0.2966929430855972,0.0,0.0,1.0,0.0,0.0,1.0,0.0,0.0,0.0,0.0,1.0,0.0,0.0,0
0.30223880597014924,1.0,-0.5013826779310239,1.1525675631048244,2.0,0.0,0.0,1.0,0.0,0.0,1.0,0.0,0.0,0.0,1.0,0.0,0.0,1
-0.5708955223880597,-1.5,2.3675654786113864,-0.48852725843244316,0.0,1.0,0.0,1.0,0.0,1.0,0.0,0.0,0.0,0.0,1.0,0.0,0.0,1
-0.26492537313432835,-0.5,0.22832406482608336,-0.34179548521460795,1.0,0.0,0.0,1.0,0.0,0.0,0.0,1.0,0.0,0.0,1.0,0.0,0.0,1
0.4253731343283582,0.0,2.1289586775036495,-0.014778533115245244,2.0,0.0,0.0,1.0,0.0,0.0,1.0,0.0,0.0,0.0,0.0,0.0,1.0,1
-0.5932835820895522,0.5,-0.6217278394225659,0.0840195886802096,0.0,1.0,0.0,0.0,1.0,0.0,0.0,0.0,0.0,1.0,0.0,1.0,0.0,1
-1.6194029850746268,-1.0,0.6740012603225431,-0.6509105251380438,1.0,0.0,0.0,1.0,0.0,0.0,0.0,0.0,1.0,0.0,0.0,1.0,0.0,0
-0.10820895522388059,0.0,1.1435648570517285,-0.3172677193220418,0.0,1.0,0.0,1.0,0.0,1.0,0.0,0.0,0.0,0.0,0.0,1.0,0.0,0
0.16417910447761194,0.0,0.34544401218038184,0.5244577995119625,0.0,0.0,0.0,1.0,0.0,1.0,0.0,0.0,0.0,0.0,0.0,1.0,0.0,0
-0.2574626865671642,-1.0,-0.43703777686152184,1.3565676526703039,1.0,0.0,0.0,0.0,1.0,1.0,0.0,0.0,0.0,0.0,0.0,0.0,1.0,1
0.055970149253731345,2.5,-0.5661411745999648,-0.595153063580231,0.0,0.0,0.0,1.0,0.0,1.0,0.0,0.0,0.0,0.0,0.0,1.0,0.0,1
-1.0485074626865671,1.0,0.7551941993023163,-0.6402435900570411,1.0,0.0,0.0,0.0,1.0,1.0,0.0,0.0,0.0,0.0,0.0,1.0,0.0,0
1.2462686567164178,-1.0,0.3295412880210538,1.1761949840534418,-1.0,0.0,0.0,1.0,0.0,1.0,0.0,0.0,0.0,0.0,1.0,0.0,0.0,1
0.332089552238806,-0.5,-0.20078090568782164,0.6045978952898883,0.0,0.0,0.0,0.0,1.0,1.0,0.0,0.0,0.0,0.0,1.0,0.0,0.0,0
-0.13432835820895522,-1.0,-0.2608614832393978,0.7282856783902105,0.0,0.0,0.0,1.0,0.0,0.0,0.0,1.0,0.0,0.0,1.0,0.0,0.0,0
-0.3358208955223881,-0.5,-0.4403066648787325,-0.5335998885363956,0.0,0.0,0.0,1.0,0.0,0.0,0.0,1.0,0.0,0.0,1.0,0.0,0.0,0
-0.664179104477612,0.0,0.12175488165230665,0.07526495019473352,-1.0,0.0,0.0,0.0,1.0,1.0,0.0,0.0,0.0,0.0,0.0,1.0,0.0,0
0.7201492537313433,-1.5,-0.006321206896350569,0.2277438485836574,0.0,0.0,0.0,1.0,0.0,1.0,0.0,0.0,0.0,0.0,1.0,0.0,0.0,1
-0.03731343283582089,0.5,-0.13792554331818965,0.04001406258595114,0.0,0.0,0.0,1.0,0.0,0.0,1.0,0.0,0.0,0.0,1.0,0.0,0.0,0
0.7313432835820896,-1.5,-0.3669307271714424,-1.0086452573596063,1.0,0.0,0.0,1.0,0.0,1.0,0.0,0.0,0.0,0.0,0.0,1.0,0.0,0
0.3208955223880597,0.0,0.7229808481553069,0.72578232905312,0.0,1.0,0.0,1.0,0.0,1.0,0.0,0.0,0.0,0.0,1.0,0.0,0.0,0
0.13805970149253732,-0.5,-0.6217278394225659,0.3509144104284418,0.0,0.0,0.0,1.0,0.0,0.0,0.0,1.0,0.0,0.0,1.0,0.0,0.0,0
-0.3283582089552239,0.5,0.5167160622444221,0.1917728348737123,-1.0,1.0,0.0,1.0,0.0,1.0,0.0,0.0,0.0,0.0,0.0,1.0,0.0,1
0.7649253731343284,0.0,-0.5046158658700821,-0.28006773765139636,2.0,0.0,1.0,0.0,0.0,1.0,0.0,0.0,0.0,0.0,0.0,0.0,1.0,1
0.417910447761194,-1.5,0.46638890433422125,0.10416566120266717,0.0,0.0,0.0,0.0,1.0,0.0,1.0,0.0,0.0,0.0,0.0,1.0,0.0,0
-1.0708955223880596,0.5,-0.3282120503665705,0.27677811505000793,0.0,0.0,0.0,1.0,0.0,1.0,0.0,0.0,0.0,0.0,0.0,0.0,1.0,1
0.2537313432835821,1.0,0.11588112363186251,0.2692392205117973,0.0,0.0,1.0,0.0,0.0,1.0,0.0,0.0,0.0,0.0,0.0,1.0,0.0,0
-0.746268656716418,-0.5,-0.1817586256754376,-1.0693196078992746,0.0,0.0,0.0,1.0,0.0,0.0,1.0,0.0,0.0,0.0,0.0,0.0,1.0,0
0.5261194029850746,0.0,-0.34432797430875123,0.19035063253259835,1.0,0.0,0.0,1.0,0.0,1.0,0.0,0.0,0.0,0.0,0.0,1.0,0.0,0
0.373134328358209,-0.5,-0.5164207463758382,0.042721494664401616,1.0,0.0,0.0,1.0,0.0,0.0,0.0,0.0,1.0,0.0,0.0,1.0,0.0,1
1.3171641791044777,1.0,-0.44862344366389273,0.03865558189957175,0.0,0.0,0.0,0.0,1.0,0.0,0.0,1.0,0.0,0.0,1.0,0.0,0.0,0
-1.6194029850746268,0.5,-0.004111781231589804,0.5789980707698998,1.0,0.0,0.0,1.0,0.0,1.0,0.0,0.0,0.0,0.0,1.0,0.0,0.0,0
-0.34328358208955223,0.0,-0.5312755220586458,0.8429779091509959,0.0,1.0,0.0,1.0,0.0,1.0,0.0,0.0,0.0,0.0,1.0,0.0,0.0,0
-0.31343283582089554,-0.5,-0.09111733842770879,1.3071175309622936,1.0,0.0,0.0,0.0,1.0,0.0,0.0,1.0,0.0,0.0,1.0,0.0,0.0,1
0.11567164179104478,-1.5,1.1289396260587563,1.4825440776698156,1.0,0.0,0.0,1.0,0.0,1.0,0.0,0.0,0.0,0.0,0.0,1.0,0.0,1
0.6305970149253731,-0.5,1.1595014028835904,-0.6306398037123329,0.0,0.0,0.0,1.0,0.0,0.0,0.0,0.0,0.0,1.0,1.0,0.0,0.0,1
-0.6492537313432836,-1.5,1.5472416308235486,0.23027253439327244,-1.0,0.0,0.0,1.0,0.0,0.0,0.0,0.0,1.0,0.0,1.0,0.0,0.0,0
-0.2798507462686567,1.0,-0.24066654852420938,0.2614247919231252,1.0,0.0,0.0,1.0,0.0,0.0,0.0,1.0,0.0,0.0,1.0,0.0,0.0,0
0.5111940298507462,2.5,1.087731487016523,-0.9159395643870178,2.0,0.0,0.0,1.0,0.0,0.0,0.0,1.0,0.0,0.0,1.0,0.0,0.0,1
-1.0895522388059702,1.5,0.06945891313572093,-0.42349808869342354,2.0,0.0,0.0,1.0,0.0,1.0,0.0,0.0,0.0,0.0,1.0,0.0,0.0,1
0.5335820895522388,-1.5,0.5633261331881815,0.2932606850895532,1.0,0.0,0.0,0.0,1.0,0.0,0.0,1.0,0.0,0.0,1.0,0.0,0.0,0
0.16044776119402984,0.5,-0.44475977486824525,-0.6681929203232136,1.0,0.0,0.0,1.0,0.0,1.0,0.0,0.0,0.0,0.0,0.0,0.0,1.0,0
-0.15671641791044777,0.0,0.20598387328984905,-0.17801689249797095,1.0,0.0,0.0,1.0,0.0,0.0,1.0,0.0,0.0,0.0,0.0,0.0,1.0,0
1.1082089552238805,0.5,-0.41024264238282354,0.7621624498143268,3.0,0.0,0.0,1.0,0.0,0.0,1.0,0.0,0.0,0.0,1.0,0.0,0.0,1
-0.7947761194029851,0.5,0.9001107191469019,-0.18538687217619615,0.0,0.0,0.0,0.0,1.0,1.0,0.0,0.0,0.0,0.0,1.0,0.0,0.0,1
-0.8395522388059702,0.5,-0.6217278394225659,-0.057260899727592504,0.0,0.0,0.0,1.0,0.0,0.0,0.0,1.0,0.0,0.0,1.0,0.0,0.0,0
-0.746268656716418,-1.0,0.8720466953920104,0.1743520879809356,1.0,0.0,0.0,1.0,0.0,1.0,0.0,0.0,0.0,0.0,1.0,0.0,0.0,0
1.0298507462686568,0.0,-0.08078377243506188,-0.4750399909602924,2.0,0.0,0.0,0.0,1.0,0.0,1.0,0.0,0.0,0.0,0.0,1.0,0.0,1
1.1753731343283582,0.5,0.10555180855908601,0.14735396829633926,1.0,0.0,0.0,0.0,1.0,1.0,0.0,0.0,0.0,0.0,1.0,0.0,0.0,0
0.26492537313432835,-1.0,0.7552163232105051,0.23368863848678026,2.0,0.0,0.0,1.0,0.0,1.0,0.0,0.0,0.0,0.0,1.0,0.0,0.0,1
-0.033582089552238806,0.5,0.4549686585928668,-0.16215323063660675,-1.0,1.0,0.0,0.0,1.0,1.0,0.0,0.0,0.0,0.0,1.0,0.0,0.0,0
0.20522388059701493,-1.0,-0.4152877572417188,0.7450905287284519,0.0,0.0,0.0,1.0,0.0,0.0,1.0,0.0,0.0,0.0,0.0,0.0,1.0,0
-0.41044776119402987,0.0,0.07551120104380936,0.5294445690010718,1.0,0.0,0.0,1.0,0.0,1.0,0.0,0.0,0.0,0.0,0.0,1.0,0.0,0
1.3843283582089552,1.5,-0.335610357941338,0.25824788221214756,1.0,0.0,0.0,1.0,0.0,0.0,0.0,1.0,0.0,0.0,0.0,1.0,0.0,1
-0.7649253731343284,1.0,1.4374190692270261,1.4633244346466254,0.0,0.0,0.0,0.0,1.0,1.0,0.0,0.0,0.0,0.0,0.0,0.0,1.0,1
1.0037313432835822,0.5,-0.20013920263740875,1.6852638266557283,2.0,0.0,0.0,0.0,1.0,1.0,0.0,0.0,0.0,0.0,0.0,1.0,0.0,1
0.3843283582089552,0.0,-0.43106789598845047,0.8564719008855807,-1.0,1.0,0.0,1.0,0.0,0.0,0.0,0.0,0.0,1.0,1.0,0.0,0.0,1
0.3619402985074627,-1.0,0.2168812803172409,-0.037804084651984884,1.0,0.0,0.0,1.0,0.0,1.0,0.0,0.0,0.0,0.0,1.0,0.0,0.0,0
-1.6194029850746268,0.5,-0.07220359865594551,1.1104594668793872,0.0,0.0,0.0,0.0,1.0,1.0,0.0,0.0,0.0,0.0,1.0,0.0,0.0,1
-0.018656716417910446,-1.0,-0.5612776526417468,-0.7087935065585304,3.0,0.0,0.0,1.0,0.0,1.0,0.0,0.0,0.0,0.0,1.0,0.0,0.0,1
-0.9664179104477612,-1.5,-0.2723896017303171,-0.6628116535296947,3.0,0.0,0.0,1.0,0.0,0.0,1.0,0.0,0.0,0.0,1.0,0.0,0.0,1
0.5708955223880597,0.0,-0.3253227530496829,-0.09089465218552586,0.0,0.0,0.0,1.0,0.0,0.0,0.0,1.0,0.0,0.0,1.0,0.0,0.0,0
-1.0298507462686568,0.0,0.04911444226854056,0.09769995112829012,-1.0,0.0,0.0,1.0,0.0,0.0,1.0,0.0,0.0,0.0,0.0,0.0,1.0,0
0.48507462686567165,-0.5,-0.18397257172250228,-0.2813725897534506,0.0,0.0,0.0,1.0,0.0,1.0,0.0,0.0,0.0,0.0,1.0,0.0,0.0,0
-0.30223880597014924,1.0,-0.11196057037479037,-0.65224123779289,0.0,0.0,0.0,1.0,0.0,1.0,0.0,0.0,0.0,0.0,0.0,0.0,1.0,0
0.9738805970149254,1.5,0.28988072735586223,-0.0629809418631665,0.0,0.0,0.0,1.0,0.0,0.0,1.0,0.0,0.0,0.0,0.0,0.0,1.0,1
-0.30223880597014924,-1.5,-0.14928334250205666,-0.001378196932674862,2.0,1.0,0.0,1.0,0.0,1.0,0.0,0.0,0.0,0.0,1.0,0.0,0.0,1
0.1417910447761194,-0.5,-0.3978291375972827,0.6952596204782507,0.0,1.0,0.0,0.0,1.0,1.0,0.0,0.0,0.0,0.0,1.0,0.0,0.0,1
-0.0708955223880597,-1.0,-0.26772927812515857,-0.9172511968075124,0.0,0.0,0.0,0.0,1.0,1.0,0.0,0.0,0.0,0.0,1.0,0.0,0.0,0
-0.6604477611940298,-0.5,0.030468877972594028,0.07906840275330536,1.0,0.0,0.0,1.0,0.0,0.0,1.0,0.0,0.0,0.0,0.0,1.0,0.0,0
-0.1044776119402985,1.0,-0.07953104721771043,0.6981274743247116,0.0,0.0,0.0,1.0,0.0,0.0,1.0,0.0,0.0,0.0,1.0,0.0,0.0,0
0.018656716417910446,0.0,2.1232229407381418,-0.04072618626374109,0.0,0.0,0.0,0.0,1.0,1.0,0.0,0.0,0.0,0.0,0.0,0.0,1.0,1
0.0708955223880597,0.5,-0.5851772985853705,0.0811028195030486,0.0,0.0,0.0,1.0,0.0,0.0,1.0,0.0,0.0,0.0,0.0,1.0,0.0,1
0.5634328358208955,0.0,-0.1394541725122354,0.001048857800876486,2.0,0.0,0.0,1.0,0.0,0.0,1.0,0.0,0.0,0.0,1.0,0.0,0.0,1
0.041044776119402986,-1.0,1.6189423639546858,0.5799152360063236,3.0,0.0,0.0,1.0,0.0,0.0,1.0,0.0,0.0,0.0,1.0,0.0,0.0,1
-0.7388059701492538,-0.5,-0.5482636153418536,0.30923657734117105,1.0,0.0,0.0,1.0,0.0,0.0,0.0,1.0,0.0,0.0,0.0,1.0,0.0,1
-0.27611940298507465,-1.0,-0.4391186071195652,0.18444799321264224,-1.0,0.0,0.0,1.0,0.0,1.0,0.0,0.0,0.0,0.0,0.0,1.0,0.0,0
0.8731343283582089,0.0,1.2727996471546688,-0.18925205473072557,1.0,0.0,0.0,1.0,0.0,0.0,0.0,0.0,0.0,1.0,0.0,1.0,0.0,1
0.8880597014925373,-0.5,-0.3786583695347189,-0.3549482054649145,1.0,0.0,0.0,0.0,1.0,1.0,0.0,0.0,0.0,0.0,1.0,0.0,0.0,0
0.7798507462686567,0.0,-0.24002615418092263,0.1084089862034371,-1.0,0.0,1.0,0.0,0.0,1.0,0.0,0.0,0.0,0.0,1.0,0.0,0.0,0
0.3843283582089552,0.5,0.3049927040625104,-0.1622929565493373,1.0,1.0,0.0,0.0,1.0,1.0,0.0,0.0,0.0,0.0,1.0,0.0,0.0,0
-0.30223880597014924,-1.5,0.8645456100568785,-0.8811463784360423,1.0,0.0,0.0,1.0,0.0,0.0,1.0,0.0,0.0,0.0,1.0,0.0,0.0,0
0.15298507462686567,-1.0,1.2724018813664246,-0.6780255403464219,1.0,0.0,0.0,1.0,0.0,0.0,0.0,0.0,1.0,0.0,1.0,0.0,0.0,1
-1.4029850746268657,-0.5,-0.5186805078263024,-0.6452360208870718,2.0,0.0,0.0,0.0,1.0,1.0,0.0,0.0,0.0,0.0,1.0,0.0,0.0,1
0.06343283582089553,-1.0,0.8952499321234896,-0.3406597270068997,2.0,0.0,0.0,1.0,0.0,1.0,0.0,0.0,0.0,0.0,1.0,0.0,0.0,1
0.5186567164179104,0.0,0.319580935170027,0.9183750973367141,1.0,1.0,0.0,1.0,0.0,0.0,1.0,0.0,0.0,0.0,0.0,1.0,0.0,0
0.7761194029850746,2.0,-0.4369230239565848,-0.32642976906491633,0.0,1.0,0.0,1.0,0.0,1.0,0.0,0.0,0.0,0.0,1.0,0.0,0.0,1
0.458955223880597,-1.0,0.11113353180088108,0.17762611900732755,2.0,0.0,0.0,1.0,0.0,1.0,0.0,0.0,0.0,0.0,1.0,0.0,0.0,1
0.6977611940298507,0.0,0.04026737873807266,-0.09566091579906379,1.0,0.0,0.0,1.0,0.0,0.0,0.0,0.0,1.0,0.0,0.0,1.0,0.0,0
0.23134328358208955,0.0,1.2475884812191715,-0.06220988357053493,0.0,1.0,0.0,0.0,1.0,1.0,0.0,0.0,0.0,0.0,0.0,1.0,0.0,0
-0.4253731343283582,-1.5,-0.33391253996573445,0.8376137922905021,1.0,0.0,0.0,1.0,0.0,1.0,0.0,0.0,0.0,0.0,0.0,0.0,1.0,0
-0.208955223880597,0.0,0.49290249580212464,0.02813771762427157,1.0,0.0,1.0,0.0,0.0,1.0,0.0,0.0,0.0,0.0,0.0,1.0,0.0,0
0.9328358208955224,0.5,1.117678531704411,0.02851434859603576,0.0,1.0,0.0,0.0,1.0,0.0,0.0,0.0,0.0,1.0,0.0,0.0,1.0,1
-0.0708955223880597,0.5,2.3409174371415746,-0.6407846946276473,2.0,0.0,0.0,1.0,0.0,0.0,1.0,0.0,0.0,0.0,0.0,1.0,0.0,1
-0.6119402985074627,0.0,3.488464304680498,-0.6605062721429954,0.0,0.0,0.0,1.0,0.0,0.0,0.0,1.0,0.0,0.0,1.0,0.0,0.0,0
0.7947761194029851,-1.0,-0.3933544727862369,-0.9076495921339591,0.0,0.0,1.0,0.0,0.0,0.0,0.0,0.0,0.0,1.0,1.0,0.0,0.0,0
-0.3880597014925373,-0.5,-0.48092096203693613,0.017882778623575332,3.0,0.0,0.0,1.0,0.0,1.0,0.0,0.0,0.0,0.0,0.0,1.0,0.0,1
-0.35447761194029853,0.5,0.8229137698921704,0.6701294852472146,1.0,0.0,0.0,1.0,0.0,0.0,0.0,0.0,0.0,1.0,0.0,1.0,0.0,1
0.14925373134328357,0.5,0.3542091214393042,0.146406768795034,2.0,0.0,0.0,1.0,0.0,1.0,0.0,0.0,0.0,0.0,1.0,0.0,0.0,1
-0.5261194029850746,2.0,-0.3690407098428192,0.7906425343008462,2.0,0.0,0.0,1.0,0.0,0.0,0.0,1.0,0.0,0.0,0.0,1.0,0.0,1
0.6194029850746269,2.0,-0.15322410974801054,0.21363064328752004,1.0,0.0,0.0,1.0,0.0,0.0,1.0,0.0,0.0,0.0,1.0,0.0,0.0,1
-0.029850746268656716,0.0,0.15501876202072815,1.7206757969526445,0.0,0.0,0.0,0.0,1.0,1.0,0.0,0.0,0.0,0.0,0.0,0.0,1.0,1
0.23507462686567165,1.5,0.018477179830536844,1.4128840884790796,2.0,0.0,1.0,0.0,0.0,1.0,0.0,0.0,0.0,0.0,0.0,0.0,1.0,1
0.9888059701492538,-0.5,-0.4846430722091183,-0.46525874290842445,1.0,0.0,0.0,1.0,0.0,1.0,0.0,0.0,0.0,0.0,1.0,0.0,0.0,0
-0.39552238805970147,-1.5,0.012585507529028525,0.13490225787255766,-1.0,0.0,0.0,1.0,0.0,1.0,0.0,0.0,0.0,0.0,0.0,1.0,0.0,0
0.11567164179104478,0.5,1.6607210522297267,1.1815179654475314,1.0,0.0,0.0,0.0,1.0,1.0,0.0,0.0,0.0,0.0,0.0,0.0,1.0,1
-0.5895522388059702,-1.0,0.890028490746503,-0.335807302697235,1.0,1.0,1.0,0.0,0.0,1.0,0.0,0.0,0.0,0.0,0.0,1.0,0.0,0
-0.6828358208955224,1.0,0.08953002203926973,0.936879732432789,0.0,0.0,0.0,1.0,0.0,0.0,1.0,0.0,0.0,0.0,1.0,0.0,0.0,0
0.5708955223880597,0.0,-0.307212154394221,0.3514694641812309,0.0,0.0,0.0,1.0,0.0,1.0,0.0,0.0,0.0,0.0,1.0,0.0,0.0,0
-0.20149253731343283,-1.0,-0.2719974781889806,-0.3866250168996272,0.0,0.0,0.0,0.0,1.0,1.0,0.0,0.0,0.0,0.0,1.0,0.0,0.0,1
-0.7798507462686567,0.0,-0.37922498707223806,0.014236976230264714,-1.0,0.0,0.0,1.0,0.0,1.0,0.0,0.0,0.0,0.0,0.0,0.0,1.0,0
-0.11940298507462686,2.0,1.2168575829969832,0.14202905498648374,2.0,0.0,0.0,1.0,0.0,1.0,0.0,0.0,0.0,0.0,0.0,1.0,0.0,1
0.7574626865671642,-1.0,2.9010878754396154,0.9832288305255645,-1.0,0.0,0.0,1.0,0.0,1.0,0.0,0.0,0.0,0.0,0.0,1.0,0.0,1
-0.20149253731343283,0.0,-0.34851273732148713,1.6070738522729273,0.0,0.0,0.0,1.0,0.0,0.0,1.0,0.0,0.0,0.0,0.0,0.0,1.0,1
1.462686567164179,-1.0,-0.33271554539803827,-0.6371566442926236,1.0,0.0,0.0,1.0,0.0,0.0,0.0,0.0,1.0,0.0,0.0,1.0,0.0,0
-0.9850746268656716,1.0,1.1779246711155387,-0.07515578145035584,1.0,0.0,0.0,0.0,1.0,1.0,0.0,0.0,0.0,0.0,1.0,0.0,0.0,0
-0.7425373134328358,0.0,1.5521570571900443,1.5451312541071047,-1.0,0.0,0.0,1.0,0.0,1.0,0.0,0.0,0.0,0.0,1.0,0.0,0.0,1
0.6529850746268657,0.0,-0.37593294602414407,-0.908999379161488,0.0,0.0,0.0,1.0,0.0,1.0,0.0,0.0,0.0,0.0,1.0,0.0,0.0,0
-0.1791044776119403,0.5,-0.36801293654842615,-0.13333839806802658,-1.0,0.0,0.0,1.0,0.0,1.0,0.0,0.0,0.0,0.0,1.0,0.0,0.0,0
-0.3246268656716418,0.0,0.5989675006414918,0.2092872357391356,0.0,1.0,0.0,1.0,0.0,1.0,0.0,0.0,0.0,0.0,0.0,1.0,0.0,0
-0.7723880597014925,0.5,2.651915592009177,0.25092388719801645,2.0,0.0,0.0,1.0,0.0,1.0,0.0,0.0,0.0,0.0,1.0,0.0,0.0,1
0.041044776119402986,-0.5,3.1530057045881423,-0.9906422208061002,2.0,0.0,0.0,1.0,0.0,1.0,0.0,0.0,0.0,0.0,0.0,1.0,0.0,1
0.8731343283582089,-1.0,0.8660115989678233,-0.46416854428920407,3.0,0.0,0.0,1.0,0.0,0.0,1.0,0.0,0.0,0.0,1.0,0.0,0.0,1
-0.041044776119402986,0.0,-0.6217278394225659,0.2572069609387821,1.0,0.0,0.0,1.0,0.0,1.0,0.0,0.0,0.0,0.0,1.0,0.0,0.0,1
0.13059701492537312,0.5,0.15624023361844708,-0.6136571054832322,0.0,0.0,0.0,1.0,0.0,1.0,0.0,0.0,0.0,0.0,1.0,0.0,0.0,0
1.2276119402985075,0.5,-0.4215202132087023,0.8311216490995613,1.0,0.0,0.0,1.0,0.0,0.0,0.0,1.0,0.0,0.0,1.0,0.0,0.0,0
-0.5,-0.5,1.1452326011240872,-0.0993582842583286,0.0,1.0,0.0,0.0,1.0,1.0,0.0,0.0,0.0,0.0,0.0,1.0,0.0,0
0.33955223880597013,-1.5,-0.0036651164040405566,-0.04125989597567579,0.0,0.0,0.0,1.0,0.0,1.0,0.0,0.0,0.0,0.0,0.0,1.0,0.0,0
-0.3283582089552239,0.0,0.26848797397992635,0.592239150539814,0.0,1.0,1.0,0.0,0.0,1.0,0.0,0.0,0.0,0.0,0.0,1.0,0.0,0
-0.9067164179104478,0.5,0.3532993761990152,1.3140658129009608,-1.0,0.0,0.0,1.0,0.0,0.0,1.0,0.0,0.0,0.0,0.0,1.0,0.0,1
-0.9067164179104478,-0.5,0.008183082010306677,-0.5123524564880554,1.0,0.0,0.0,0.0,1.0,0.0,0.0,1.0,0.0,0.0,0.0,1.0,0.0,0
-1.2164179104477613,-1.0,-0.11616692785758093,-0.4948522110054957,0.0,0.0,0.0,1.0,0.0,1.0,0.0,0.0,0.0,0.0,0.0,0.0,1.0,0
-0.45149253731343286,0.0,0.3837346503095346,0.5605187849906209,1.0,0.0,0.0,1.0,0.0,0.0,0.0,0.0,0.0,1.0,1.0,0.0,0.0,1
0.13059701492537312,-1.0,-0.49615369960868483,0.9718980325015426,1.0,0.0,0.0,1.0,0.0,0.0,1.0,0.0,0.0,0.0,1.0,0.0,0.0,0
-0.8395522388059702,1.0,0.9856838250613614,0.06137031335747991,0.0,0.0,0.0,1.0,0.0,1.0,0.0,0.0,0.0,0.0,0.0,1.0,0.0,0
-0.3283582089552239,-1.5,-0.2228877156227375,0.03716419468600866,0.0,0.0,0.0,1.0,0.0,1.0,0.0,0.0,0.0,0.0,0.0,0.0,1.0,0
-0.05223880597014925,2.5,-0.4519489547679232,0.681427124676387,0.0,1.0,0.0,0.0,1.0,1.0,0.0,0.0,0.0,0.0,0.0,0.0,1.0,1
0.30223880597014924,-0.5,3.4870011341077998,-0.023175697112831753,-1.0,1.0,0.0,1.0,0.0,1.0,0.0,0.0,0.0,0.0,0.0,0.0,1.0,1
-0.5335820895522388,0.5,-0.23579250010443806,0.7659887781728557,1.0,0.0,0.0,0.0,1.0,0.0,0.0,1.0,0.0,0.0,1.0,0.0,0.0,0
0.39925373134328357,2.0,1.7504196746701477,-0.6239047253508435,1.0,0.0,0.0,1.0,0.0,0.0,1.0,0.0,0.0,0.0,0.0,1.0,0.0,1
1.0485074626865671,-1.5,-0.5316104122937064,0.64305325521566,2.0,0.0,0.0,0.0,1.0,1.0,0.0,0.0,0.0,0.0,1.0,0.0,0.0,1
0.09701492537313433,0.5,-0.5395840212358464,-0.7940522000851917,2.0,1.0,1.0,0.0,0.0,1.0,0.0,0.0,0.0,0.0,0.0,0.0,1.0,1
0.5373134328358209,0.5,-0.060580436883785505,0.08907533952025265,0.0,1.0,0.0,1.0,0.0,1.0,0.0,0.0,0.0,0.0,1.0,0.0,0.0,1
-0.4253731343283582,-0.5,-0.33255549622793035,1.162552350704464,1.0,1.0,0.0,1.0,0.0,0.0,0.0,1.0,0.0,0.0,0.0,1.0,0.0,1
1.1753731343283582,-1.0,-0.43241006876871985,0.26191948015083066,1.0,0.0,0.0,1.0,0.0,0.0,0.0,1.0,0.0,0.0,1.0,0.0,0.0,1
0.19776119402985073,-1.5,0.5321838686892357,0.673159509680884,-1.0,0.0,0.0,1.0,0.0,1.0,0.0,0.0,0.0,0.0,1.0,0.0,0.0,0
1.1828358208955223,0.5,-0.5620674816074787,0.6505391883903909,-1.0,1.0,0.0,1.0,0.0,1.0,0.0,0.0,0.0,0.0,0.0,0.0,1.0,0
0.1417910447761194,0.5,-0.1524507554125872,-0.08211564100915814,0.0,1.0,0.0,1.0,0.0,1.0,0.0,0.0,0.0,0.0,1.0,0.0,0.0,0
-0.011194029850746268,-1.0,-0.592123122944561,1.3616647883750486,1.0,0.0,0.0,0.0,1.0,0.0,1.0,0.0,0.0,0.0,0.0,1.0,0.0,1
0.11194029850746269,-1.0,0.7389663215405372,1.7206757969526445,1.0,0.0,0.0,1.0,0.0,0.0,1.0,0.0,0.0,0.0,0.0,1.0,0.0,1
0.8134328358208955,-0.5,3.488464304680498,-0.8849697692685977,1.0,0.0,0.0,1.0,0.0,1.0,0.0,0.0,0.0,0.0,0.0,0.0,1.0,0
0.07462686567164178,-1.0,-0.4849325368746936,1.0201583192274826,1.0,0.0,0.0,1.0,0.0,0.0,0.0,1.0,0.0,0.0,0.0,1.0,0.0,1
-0.17164179104477612,1.0,0.2883746269120431,-0.3771090307005581,0.0,0.0,0.0,0.0,1.0,0.0,0.0,1.0,0.0,0.0,0.0,0.0,1.0,0
-1.1492537313432836,0.0,0.5629116743606735,0.4187682393196974,1.0,0.0,0.0,0.0,1.0,0.0,1.0,0.0,0.0,0.0,1.0,0.0,0.0,0
1.0597014925373134,0.0,0.014839439824532017,0.5332433637619522,1.0,0.0,0.0,1.0,0.0,1.0,0.0,0.0,0.0,0.0,1.0,0.0,0.0,0
0.26865671641791045,-1.0,-0.4029527224206797,0.10561917957336282,2.0,1.0,0.0,1.0,0.0,0.0,0.0,0.0,0.0,1.0,0.0,1.0,0.0,1
0.8283582089552238,0.0,-0.1252562087080129,-0.21590356352900164,1.0,0.0,0.0,1.0,0.0,0.0,1.0,0.0,0.0,0.0,1.0,0.0,0.0,0
1.5597014925373134,1.0,1.8040291008224036,0.363187217484859,0.0,0.0,0.0,1.0,0.0,0.0,0.0,1.0,0.0,0.0,1.0,0.0,0.0,0
-0.5708955223880597,0.0,-0.46285596671844,-0.13442160355443408,2.0,0.0,1.0,0.0,0.0,0.0,0.0,1.0,0.0,0.0,0.0,1.0,0.0,1
0.16044776119402984,-0.5,-0.35725245028990404,-0.9649872025469346,1.0,0.0,0.0,1.0,0.0,0.0,0.0,1.0,0.0,0.0,0.0,1.0,0.0,0
-0.018656716417910446,-1.0,-0.34256300744102963,-0.5745281592928773,0.0,0.0,0.0,1.0,0.0,0.0,1.0,0.0,0.0,0.0,0.0,1.0,0.0,0
-0.3843283582089552,-0.5,-0.5291689613300689,-0.36362390346518625,1.0,0.0,0.0,1.0,0.0,1.0,0.0,0.0,0.0,0.0,1.0,0.0,0.0,0
-0.13805970149253732,-0.5,-0.5278677142372826,0.3404340184761735,0.0,0.0,0.0,1.0,0.0,1.0,0.0,0.0,0.0,0.0,0.0,1.0,0.0,0
-0.39552238805970147,-1.5,0.2525316667632798,1.7206757969526445,0.0,0.0,0.0,1.0,0.0,1.0,0.0,0.0,0.0,0.0,0.0,0.0,1.0,1
0.5149253731343284,-0.5,1.6780107110946472,-0.32966275289611136,0.0,0.0,0.0,1.0,0.0,1.0,0.0,0.0,0.0,0.0,1.0,0.0,0.0,1
0.9253731343283582,-0.5,0.30576444747354625,-0.046238323147494764,2.0,0.0,0.0,1.0,0.0,1.0,0.0,0.0,0.0,0.0,1.0,0.0,0.0,1
1.208955223880597,-1.0,3.316730166675646,-0.6282296153886053,1.0,0.0,0.0,1.0,0.0,0.0,0.0,0.0,0.0,1.0,0.0,0.0,1.0,0
-1.3694029850746268,1.0,0.9453736046829379,0.4806819757456483,1.0,0.0,0.0,1.0,0.0,1.0,0.0,0.0,0.0,0.0,1.0,0.0,0.0,0
-0.6007462686567164,0.5,0.13558607633566844,-0.2965789440065088,-1.0,0.0,0.0,0.0,1.0,1.0,0.0,0.0,0.0,0.0,0.0,0.0,1.0,0
-0.332089552238806,-1.0,1.381720863434423,0.5399347520002523,0.0,0.0,0.0,1.0,0.0,1.0,0.0,0.0,0.0,0.0,1.0,0.0,0.0,0
-1.164179104477612,-0.5,-0.025234661453708365,-0.943158886331093,-1.0,0.0,0.0,0.0,1.0,0.0,1.0,0.0,0.0,0.0,1.0,0.0,0.0,0
-0.4664179104477612,-0.5,-0.4973590040247685,0.09077045298574295,1.0,0.0,0.0,1.0,0.0,0.0,0.0,1.0,0.0,0.0,1.0,0.0,0.0,0
-0.35447761194029853,1.5,1.2078921890352523,-0.9965408410388786,0.0,0.0,0.0,0.0,1.0,1.0,0.0,0.0,0.0,0.0,1.0,0.0,0.0,1
-1.6194029850746268,0.0,-0.604016446754772,0.4619608193469819,1.0,0.0,0.0,0.0,1.0,1.0,0.0,0.0,0.0,0.0,0.0,0.0,1.0,0
1.0597014925373134,-1.0,-0.3074336850788147,0.08213286038920728,2.0,0.0,0.0,1.0,0.0,1.0,0.0,0.0,0.0,0.0,1.0,0.0,0.0,1
1.0634328358208955,-1.0,0.07184759491243467,0.12100226166502887,1.0,0.0,0.0,1.0,0.0,1.0,0.0,0.0,0.0,0.0,1.0,0.0,0.0,0
0.07835820895522388,0.5,1.8300035840975166,-0.9293378806134697,1.0,0.0,0.0,1.0,0.0,1.0,0.0,0.0,0.0,0.0,0.0,0.0,1.0,0
-0.2873134328358209,-1.5,-0.37526117487544103,0.4922043466353343,1.0,0.0,1.0,0.0,0.0,1.0,0.0,0.0,0.0,0.0,0.0,0.0,1.0,0
0.007462686567164179,-0.5,3.269183993879584,0.14652787816712531,0.0,0.0,0.0,1.0,0.0,1.0,0.0,0.0,0.0,0.0,0.0,1.0,0.0,0
-0.44029850746268656,0.0,0.09744525132603135,0.7768092983311656,2.0,0.0,0.0,0.0,1.0,0.0,0.0,0.0,1.0,0.0,0.0,0.0,1.0,1
0.11567164179104478,1.5,-0.4817371312851553,-0.2766591310670781,2.0,0.0,0.0,1.0,0.0,0.0,0.0,1.0,0.0,0.0,1.0,0.0,0.0,1
0.5746268656716418,0.5,-0.6003799614644916,-0.14188641056245715,-1.0,0.0,0.0,1.0,0.0,1.0,0.0,0.0,0.0,0.0,0.0,1.0,0.0,1
-0.07462686567164178,-1.5,0.6865557755437361,-0.8572794454115371,2.0,0.0,0.0,0.0,1.0,0.0,0.0,1.0,0.0,0.0,0.0,1.0,0.0,1
-0.6044776119402985,-1.5,3.488464304680498,1.4190675536282646,1.0,1.0,0.0,0.0,1.0,1.0,0.0,0.0,0.0,0.0,1.0,0.0,0.0,1
-0.07835820895522388,1.0,2.1866902109243753,-0.6517494080875358,1.0,0.0,0.0,1.0,0.0,1.0,0.0,0.0,0.0,0.0,0.0,1.0,0.0,0
0.31343283582089554,0.0,0.41549167155850186,0.5226620129284875,2.0,0.0,0.0,1.0,0.0,1.0,0.0,0.0,0.0,0.0,1.0,0.0,0.0,1
0.585820895522388,-1.5,-0.1459890421370688,-0.34787813838537995,-1.0,0.0,0.0,1.0,0.0,1.0,0.0,0.0,0.0,0.0,0.0,1.0,0.0,1
-0.40671641791044777,-1.5,-0.05232616410096465,-0.027626272442028702,1.0,1.0,0.0,0.0,1.0,0.0,1.0,0.0,0.0,0.0,1.0,0.0,0.0,0
-1.578358208955224,-0.5,-0.5383690984701046,-0.41627212521247564,2.0,0.0,0.0,1.0,0.0,1.0,0.0,0.0,0.0,0.0,0.0,1.0,0.0,1
1.205223880597015,0.5,-0.5606522123647593,-0.153999458675149,1.0,0.0,0.0,0.0,1.0,0.0,1.0,0.0,0.0,0.0,1.0,0.0,0.0,0
-0.1417910447761194,0.5,0.16541788583093636,0.8148361694387148,0.0,1.0,0.0,0.0,1.0,1.0,0.0,0.0,0.0,0.0,0.0,0.0,1.0,0
-0.44776119402985076,1.0,-0.25352059874559346,-1.0693196078992746,1.0,0.0,0.0,1.0,0.0,1.0,0.0,0.0,0.0,0.0,0.0,0.0,1.0,0
0.06716417910447761,-1.0,-0.16515166193418132,-0.7964800809638655,-1.0,0.0,0.0,1.0,0.0,0.0,0.0,1.0,0.0,0.0,1.0,0.0,0.0,1
0.7350746268656716,-1.0,-0.43335506152821657,0.44565731637018485,-1.0,0.0,0.0,1.0,0.0,0.0,1.0,0.0,0.0,0.0,1.0,0.0,0.0,0
1.1567164179104477,0.5,0.14719697453570404,1.0641291816106566,2.0,0.0,0.0,1.0,0.0,1.0,0.0,0.0,0.0,0.0,1.0,0.0,0.0,1
1.3470149253731343,1.0,-0.422033670377415,0.25284665306284665,0.0,0.0,0.0,0.0,1.0,0.0,1.0,0.0,0.0,0.0,1.0,0.0,0.0,0
0.7164179104477612,-1.0,0.08727952697092661,0.5989002315905322,2.0,0.0,0.0,0.0,1.0,0.0,1.0,0.0,0.0,0.0,1.0,0.0,0.0,1
0.503731343283582,0.0,-0.0901101336427144,0.05306882142243701,1.0,0.0,0.0,0.0,1.0,1.0,0.0,0.0,0.0,0.0,0.0,0.0,1.0,0
-1.6194029850746268,0.5,1.0543638078020923,-0.14103444221363615,1.0,0.0,0.0,1.0,0.0,1.0,0.0,0.0,0.0,0.0,0.0,1.0,0.0,0
0.6119402985074627,-0.5,-0.45588954806557114,1.352966876342027,1.0,0.0,0.0,1.0,0.0,1.0,0.0,0.0,0.0,0.0,1.0,0.0,0.0,1
-0.24253731343283583,-1.5,-0.5991982602391195,-0.790295393449766,0.0,1.0,0.0,1.0,0.0,1.0,0.0,0.0,0.0,0.0,1.0,0.0,0.0,0
-1.5559701492537314,0.0,-0.6057495229387417,0.7963364445796557,-1.0,0.0,0.0,1.0,0.0,1.0,0.0,0.0,0.0,0.0,0.0,0.0,1.0,0
-0.05223880597014925,-1.5,1.6721628217523279,0.1558179867312222,0.0,0.0,0.0,1.0,0.0,0.0,0.0,1.0,0.0,0.0,1.0,0.0,0.0,0
0.11567164179104478,-0.5,0.8110747425898736,-0.5775814866708132,0.0,0.0,0.0,1.0,0.0,1.0,0.0,0.0,0.0,0.0,1.0,0.0,0.0,0
-0.33955223880597013,0.0,-0.561869942378062,0.9417984306818308,0.0,0.0,0.0,0.0,1.0,1.0,0.0,0.0,0.0,0.0,0.0,1.0,0.0,0
0.08955223880597014,-0.5,-0.2931489270939792,0.7106517468045795,2.0,0.0,0.0,1.0,0.0,1.0,0.0,0.0,0.0,0.0,0.0,1.0,0.0,1
0.0037313432835820895,-1.5,-0.39983387235504725,-0.006472802818317489,0.0,1.0,0.0,1.0,0.0,0.0,0.0,0.0,0.0,1.0,0.0,0.0,1.0,0
0.44402985074626866,0.5,1.7466857267017661,1.6723515412284748,0.0,0.0,0.0,1.0,0.0,0.0,0.0,1.0,0.0,0.0,1.0,0.0,0.0,1
1.376865671641791,-1.0,-0.4609260365480982,-0.585317978421266,1.0,0.0,0.0,0.0,1.0,0.0,0.0,1.0,0.0,0.0,1.0,0.0,0.0,1
-0.22014925373134328,2.0,-0.6051328001917481,1.7206757969526445,1.0,0.0,0.0,1.0,0.0,0.0,0.0,1.0,0.0,0.0,1.0,0.0,0.0,1
-0.26119402985074625,-0.5,-0.5570183809452962,1.7206757969526445,1.0,0.0,0.0,1.0,0.0,1.0,0.0,0.0,0.0,0.0,0.0,1.0,0.0,1
1.0895522388059702,1.0,-0.5101992269725895,0.5452955456461772,2.0,1.0,0.0,1.0,0.0,1.0,0.0,0.0,0.0,0.0,0.0,0.0,1.0,1
0.5447761194029851,-1.5,-0.45602013263893243,-1.0561957342343873,2.0,0.0,0.0,1.0,0.0,1.0,0.0,0.0,0.0,0.0,0.0,1.0,0.0,1
0.48507462686567165,-1.0,0.4557458042226811,-0.3648761716703695,2.0,0.0,0.0,0.0,1.0,1.0,0.0,0.0,0.0,0.0,0.0,1.0,0.0,1
1.7682089552238844,0.0,0.011524346607780948,0.10318734981922652,1.0,0.0,0.0,0.0,1.0,1.0,0.0,0.0,0.0,0.0,0.0,1.0,0.0,0
-0.35447761194029853,0.0,-0.6217278394225659,0.39631316424664026,1.0,0.0,0.0,1.0,0.0,0.0,0.0,1.0,0.0,0.0,1.0,0.0,0.0,0
1.3843283582089552,-1.5,-0.2685539025629937,-0.2512404448490662,2.0,0.0,0.0,1.0,0.0,1.0,0.0,0.0,0.0,0.0,0.0,0.0,1.0,1
-0.23880597014925373,0.5,-0.4102183679166144,-0.46994688852459626,1.0,0.0,0.0,1.0,0.0,1.0,0.0,0.0,0.0,0.0,1.0,0.0,0.0,1
0.582089552238806,-1.5,0.2506731349005667,1.456395591151246,2.0,0.0,0.0,0.0,1.0,0.0,1.0,0.0,0.0,0.0,1.0,0.0,0.0,1
0.8134328358208955,0.5,0.3634960458876272,1.0117115454889714,3.0,1.0,0.0,0.0,1.0,0.0,1.0,0.0,0.0,0.0,0.0,0.0,1.0,1
-0.6902985074626866,0.5,0.5115323590900239,-0.4579465959472521,1.0,0.0,0.0,1.0,0.0,1.0,0.0,0.0,0.0,0.0,0.0,1.0,0.0,0
0.8022388059701493,-0.5,0.6292055884837614,-1.0091345157687395,1.0,0.0,0.0,0.0,1.0,1.0,0.0,0.0,0.0,0.0,1.0,0.0,0.0,0
-0.39552238805970147,0.0,0.0075870127407767,-0.22682298880783613,1.0,0.0,0.0,0.0,1.0,0.0,0.0,0.0,0.0,1.0,0.0,1.0,0.0,1
0.1865671641791045,-1.0,1.6150204334023728,-0.5416338594665078,0.0,0.0,0.0,1.0,0.0,1.0,0.0,0.0,0.0,0.0,1.0,0.0,0.0,0
-0.3358208955223881,2.0,3.3971243929533896,-0.23020636402297917,1.0,0.0,0.0,1.0,0.0,0.0,0.0,0.0,0.0,1.0,1.0,0.0,0.0,1
0.9216417910447762,0.0,0.9282648688688735,0.310815838549966,0.0,0.0,0.0,1.0,0.0,0.0,1.0,0.0,0.0,0.0,1.0,0.0,0.0,0
-0.9104477611940298,-1.5,0.22209671457162858,1.7206757969526445,-1.0,0.0,0.0,1.0,0.0,1.0,0.0,0.0,0.0,0.0,1.0,0.0,0.0,1
-0.8134328358208955,-1.0,0.30577938414512107,-0.7336151708863371,1.0,0.0,0.0,1.0,0.0,1.0,0.0,0.0,0.0,0.0,0.0,1.0,0.0,0
0.417910447761194,0.0,0.6730109478308939,-0.6377901536025951,2.0,1.0,1.0,0.0,0.0,1.0,0.0,0.0,0.0,0.0,0.0,1.0,0.0,1
-0.17537313432835822,-1.5,-0.5880259031935654,-0.303758812556988,-1.0,0.0,0.0,1.0,0.0,0.0,0.0,1.0,0.0,0.0,1.0,0.0,0.0,0
0.8097014925373134,-1.5,-0.13945669471720337,-0.463938971799234,2.0,0.0,0.0,1.0,0.0,1.0,0.0,0.0,0.0,0.0,0.0,1.0,0.0,1
-0.9626865671641791,0.5,0.18210747111090372,0.20210290607862233,1.0,0.0,0.0,1.0,0.0,0.0,0.0,1.0,0.0,0.0,1.0,0.0,0.0,0
-0.7947761194029851,0.5,-0.13734315612868303,-0.9891066212551919,1.0,0.0,0.0,1.0,0.0,0.0,1.0,0.0,0.0,0.0,0.0,0.0,1.0,1
0.11940298507462686,-1.0,-0.1507121909780247,0.09566311910356597,2.0,0.0,0.0,0.0,1.0,1.0,0.0,0.0,0.0,0.0,0.0,0.0,1.0,1
-0.753731343283582,0.5,-0.24265159665203875,-0.4770685648741281,2.0,0.0,0.0,1.0,0.0,1.0,0.0,0.0,0.0,0.0,1.0,0.0,0.0,1
-1.1194029850746268,1.0,-0.3482882027976694,0.7521217838514657,0.0,0.0,0.0,1.0,0.0,0.0,0.0,0.0,1.0,0.0,1.0,0.0,0.0,0
-0.5298507462686567,-0.5,-0.11729025158949753,0.46671817603405,2.0,0.0,0.0,1.0,0.0,1.0,0.0,0.0,0.0,0.0,1.0,0.0,0.0,1
-0.10820895522388059,0.0,0.6933086627243527,-0.3768918158279958,0.0,0.0,0.0,1.0,0.0,0.0,0.0,1.0,0.0,0.0,1.0,0.0,0.0,0
0.48880597014925375,-0.5,0.859713172583924,0.6447825868255346,-1.0,0.0,0.0,1.0,0.0,1.0,0.0,0.0,0.0,0.0,1.0,0.0,0.0,0
0.3358208955223881,-0.5,1.5811178266822454,0.47796192238726276,-1.0,0.0,0.0,0.0,1.0,0.0,1.0,0.0,0.0,0.0,0.0,1.0,0.0,0
-0.5559701492537313,-1.5,0.025081562584838558,0.5124353564357694,0.0,0.0,0.0,1.0,0.0,0.0,0.0,0.0,0.0,1.0,1.0,0.0,0.0,0
-0.6791044776119403,0.0,-0.4421707292785572,-0.7983741417239748,0.0,0.0,0.0,1.0,0.0,0.0,1.0,0.0,0.0,0.0,0.0,0.0,1.0,0
1.4962686567164178,0.0,0.12341412969493858,0.5869224013672382,1.0,0.0,0.0,1.0,0.0,1.0,0.0,0.0,0.0,0.0,1.0,0.0,0.0,0
0.31343283582089554,0.0,-0.4742743835192877,1.035436684192977,2.0,0.0,0.0,1.0,0.0,0.0,1.0,0.0,0.0,0.0,0.0,1.0,0.0,1
-0.19402985074626866,-1.0,0.33827402320980526,0.986914437689558,0.0,0.0,0.0,1.0,0.0,1.0,0.0,0.0,0.0,0.0,1.0,0.0,0.0,0
0.23134328358208955,0.5,0.4109495994645047,-0.07849446281860405,1.0,0.0,0.0,1.0,0.0,1.0,0.0,0.0,0.0,0.0,0.0,1.0,0.0,0
-0.40298507462686567,-0.5,0.7907734938043086,-0.8142330486261945,-1.0,0.0,1.0,0.0,0.0,1.0,0.0,0.0,0.0,0.0,1.0,0.0,0.0,0
0.0,-1.5,1.4384463788238822,0.9889887148704678,1.0,0.0,0.0,1.0,0.0,0.0,0.0,0.0,1.0,0.0,1.0,0.0,0.0,0
1.537313432835821,-1.5,0.5194452904032714,3.937909623803527e-05,2.0,0.0,0.0,1.0,0.0,1.0,0.0,0.0,0.0,0.0,1.0,0.0,0.0,1
-0.20522388059701493,0.5,0.13297044130458055,0.24050011593941908,1.0,0.0,0.0,1.0,0.0,0.0,1.0,0.0,0.0,0.0,1.0,0.0,0.0,0
-0.35074626865671643,-1.5,2.0709229656314463,0.3061017380823857,1.0,0.0,0.0,0.0,1.0,1.0,0.0,0.0,0.0,0.0,1.0,0.0,0.0,0
0.2126865671641791,-0.5,0.4225075774546625,1.7206757969526445,0.0,1.0,0.0,0.0,1.0,1.0,0.0,0.0,0.0,0.0,0.0,1.0,0.0,1
-0.3619402985074627,1.0,0.13013514074003946,0.5246720694550525,0.0,0.0,0.0,1.0,0.0,0.0,0.0,1.0,0.0,0.0,0.0,0.0,1.0,1
-0.4291044776119403,-0.5,0.11868326411491345,-0.10706872571783882,1.0,1.0,0.0,0.0,1.0,0.0,0.0,1.0,0.0,0.0,1.0,0.0,0.0,0
-0.664179104477612,0.5,0.653888123188947,0.8839823905438942,0.0,0.0,0.0,1.0,0.0,1.0,0.0,0.0,0.0,0.0,1.0,0.0,0.0,0
-0.5634328358208955,0.5,-0.5464145361860369,0.3217780194686605,-1.0,0.0,0.0,1.0,0.0,1.0,0.0,0.0,0.0,0.0,1.0,0.0,0.0,0
-0.25,-1.5,-0.3423330717752806,0.12975817408291965,1.0,0.0,0.0,1.0,0.0,1.0,0.0,0.0,0.0,0.0,0.0,0.0,1.0,0
0.6194029850746269,-0.5,-0.5271308091336856,-0.24462392001398794,0.0,0.0,0.0,1.0,0.0,1.0,0.0,0.0,0.0,0.0,1.0,0.0,0.0,0
-0.9776119402985075,-1.0,3.456893767359726,-0.022531376897179867,0.0,0.0,0.0,0.0,1.0,0.0,1.0,0.0,0.0,0.0,1.0,0.0,0.0,0
-0.0037313432835820895,2.5,0.1383696626590439,1.3747119849546763,1.0,0.0,0.0,1.0,0.0,1.0,0.0,0.0,0.0,0.0,0.0,0.0,1.0,1
0.12686567164179105,-1.0,-0.33851370440983125,-0.8019675657923283,-1.0,1.0,0.0,1.0,0.0,0.0,0.0,1.0,0.0,0.0,0.0,1.0,0.0,0
0.8619402985074627,-1.5,-0.20077082806465546,0.23605179069005827,0.0,0.0,0.0,0.0,1.0,1.0,0.0,0.0,0.0,0.0,1.0,0.0,0.0,1
0.7238805970149254,0.0,-0.37107176142637865,-0.2663855474458676,-1.0,0.0,0.0,1.0,0.0,0.0,0.0,1.0,0.0,0.0,0.0,0.0,1.0,0
0.8805970149253731,-0.5,-0.00024899267665880756,-0.8837056786611428,0.0,0.0,0.0,1.0,0.0,0.0,0.0,1.0,0.0,0.0,0.0,0.0,1.0,0
1.0149253731343284,-1.0,0.24145406479965642,-0.4930977059153513,-1.0,0.0,1.0,0.0,0.0,1.0,0.0,0.0,0.0,0.0,1.0,0.0,0.0,1
-1.3880597014925373,-1.0,0.6497611442709578,-0.239443097203665,0.0,0.0,0.0,1.0,0.0,1.0,0.0,0.0,0.0,0.0,1.0,0.0,0.0,1
1.3470149253731343,0.5,0.06719378054979838,0.8478908188378539,0.0,0.0,0.0,0.0,1.0,0.0,0.0,0.0,1.0,0.0,0.0,0.0,1.0,0
-0.06716417910447761,0.0,-0.12800208855250017,0.24533978235825818,2.0,0.0,0.0,1.0,0.0,1.0,0.0,0.0,0.0,0.0,1.0,0.0,0.0,1
0.011194029850746268,0.5,-0.2907023846462245,0.7820841608001085,2.0,0.0,0.0,0.0,1.0,0.0,1.0,0.0,0.0,0.0,1.0,0.0,0.0,1
0.3246268656716418,1.0,-0.2198732823486019,0.9285711820233875,2.0,0.0,0.0,1.0,0.0,1.0,0.0,0.0,0.0,0.0,0.0,1.0,0.0,1
-0.291044776119403,-0.5,1.350771544134669,-0.936662319418843,0.0,1.0,0.0,1.0,0.0,0.0,1.0,0.0,0.0,0.0,0.0,0.0,1.0,0
0.8768656716417911,2.0,0.048989671717556034,-0.32220144950191937,-1.0,0.0,0.0,1.0,0.0,0.0,0.0,1.0,0.0,0.0,1.0,0.0,0.0,1
1.2462686567164178,0.5,1.590382902005522,-0.30527664654413045,0.0,0.0,0.0,1.0,0.0,0.0,1.0,0.0,0.0,0.0,1.0,0.0,0.0,1
0.19029850746268656,-1.0,-0.14223115096173897,0.6422179646546817,-1.0,0.0,0.0,0.0,1.0,0.0,0.0,1.0,0.0,0.0,1.0,0.0,0.0,0
0.8955223880597015,1.5,-0.37445079900421924,0.18629417838133633,1.0,1.0,0.0,1.0,0.0,0.0,1.0,0.0,0.0,0.0,1.0,0.0,0.0,1
-0.20522388059701493,1.0,1.0420719140087922,0.049417696673702674,1.0,0.0,0.0,1.0,0.0,1.0,0.0,0.0,0.0,0.0,0.0,1.0,0.0,0
-0.34701492537313433,0.0,1.8633270799746673,-0.41469907899478314,-1.0,0.0,0.0,0.0,1.0,0.0,0.0,0.0,0.0,1.0,0.0,1.0,0.0,1
-1.171641791044776,-1.5,0.2745228883187165,0.043061632737938706,0.0,0.0,0.0,0.0,1.0,0.0,1.0,0.0,0.0,0.0,0.0,0.0,1.0,0
-0.13059701492537312,-0.5,0.004605315150753057,-0.032789875609144696,1.0,0.0,0.0,1.0,0.0,0.0,0.0,1.0,0.0,0.0,0.0,1.0,0.0,0
-0.05970149253731343,0.5,1.0349413689203428,0.4810728023071206,1.0,0.0,0.0,1.0,0.0,1.0,0.0,0.0,0.0,0.0,0.0,0.0,1.0,0
0.6828358208955224,1.5,0.3027373242100042,0.18608819374032337,1.0,0.0,0.0,1.0,0.0,0.0,0.0,0.0,1.0,0.0,1.0,0.0,0.0,1
-0.7425373134328358,2.5,3.488464304680498,1.6978923347822275,0.0,0.0,0.0,0.0,1.0,1.0,0.0,0.0,0.0,0.0,1.0,0.0,0.0,1
1.7682089552238844,-1.0,-0.5995570699833289,-0.3001941414082946,3.0,0.0,0.0,1.0,0.0,0.0,0.0,1.0,0.0,0.0,1.0,0.0,0.0,1
1.0298507462686568,0.5,2.233544574587711,-0.5796229594529563,0.0,0.0,0.0,1.0,0.0,1.0,0.0,0.0,0.0,0.0,1.0,0.0,0.0,0
1.1492537313432836,-1.0,-0.4138962626816161,-0.7756595884811789,2.0,0.0,0.0,1.0,0.0,0.0,1.0,0.0,0.0,0.0,0.0,1.0,0.0,1
-0.19029850746268656,0.5,-0.4203747933095717,1.7206757969526445,3.0,0.0,0.0,1.0,0.0,1.0,0.0,0.0,0.0,0.0,0.0,1.0,0.0,1
-0.12686567164179105,0.5,-0.15659802841945675,0.04719251035295423,-1.0,1.0,0.0,1.0,0.0,1.0,0.0,0.0,0.0,0.0,1.0,0.0,0.0,1
0.12313432835820895,0.5,-0.3731429248028583,0.1609661103155181,0.0,0.0,0.0,1.0,0.0,0.0,0.0,0.0,0.0,1.0,0.0,1.0,0.0,1
-0.3283582089552239,0.0,0.06587947946147706,0.42478638290178033,-1.0,0.0,0.0,1.0,0.0,0.0,1.0,0.0,0.0,0.0,1.0,0.0,0.0,1
-0.5261194029850746,-0.5,0.8656954236677266,-0.8225873360873361,2.0,0.0,0.0,0.0,1.0,1.0,0.0,0.0,0.0,0.0,0.0,1.0,0.0,1
0.17537313432835822,1.5,0.2409919021741251,-0.06491674766346589,1.0,0.0,0.0,1.0,0.0,0.0,0.0,1.0,0.0,0.0,0.0,0.0,1.0,1
0.75,0.0,-0.5152129639771351,-0.3945990277719387,0.0,1.0,0.0,0.0,1.0,0.0,0.0,1.0,0.0,0.0,0.0,1.0,0.0,0
-0.43283582089552236,1.0,-0.5541384834035079,0.08390680071239741,0.0,0.0,0.0,1.0,0.0,0.0,1.0,0.0,0.0,0.0,0.0,1.0,0.0,0
-1.0597014925373134,1.0,-0.26551642800215497,0.3907478176320127,0.0,0.0,0.0,1.0,0.0,0.0,0.0,1.0,0.0,0.0,0.0,0.0,1.0,0
1.335820895522388,-0.5,0.6556584388899515,0.6785737194308846,-1.0,0.0,0.0,1.0,0.0,1.0,0.0,0.0,0.0,0.0,0.0,1.0,0.0,1
-0.6567164179104478,-0.5,2.014824896855628,0.3954520345143128,-1.0,1.0,0.0,0.0,1.0,0.0,0.0,1.0,0.0,0.0,0.0,1.0,0.0,0
-0.1791044776119403,-1.0,-0.5856757333055549,0.12438015741317167,-1.0,0.0,0.0,0.0,1.0,1.0,0.0,0.0,0.0,0.0,1.0,0.0,0.0,0
-0.9291044776119403,-0.5,3.366731632891299,-0.5469229431887435,1.0,0.0,0.0,0.0,1.0,1.0,0.0,0.0,0.0,0.0,1.0,0.0,0.0,0
-1.6194029850746268,0.0,-0.31951151284091334,0.018804664475104885,-1.0,0.0,0.0,1.0,0.0,1.0,0.0,0.0,0.0,0.0,1.0,0.0,0.0,0
-1.0,-1.0,0.34321135540491,-0.7712203720352673,1.0,0.0,0.0,1.0,0.0,1.0,0.0,0.0,0.0,0.0,1.0,0.0,0.0,0
-0.23134328358208955,-1.5,1.5484845719326847,0.40450460822660095,1.0,0.0,0.0,0.0,1.0,0.0,1.0,0.0,0.0,0.0,1.0,0.0,0.0,0
-0.5932835820895522,-0.5,0.6528033598295591,-0.642495460039005,0.0,0.0,0.0,1.0,0.0,0.0,0.0,0.0,1.0,0.0,1.0,0.0,0.0,0
0.3694029850746269,0.0,-0.18555235562267794,1.0171643195186566,0.0,0.0,0.0,1.0,0.0,0.0,0.0,1.0,0.0,0.0,1.0,0.0,0.0,0
-1.1604477611940298,-0.5,-0.552919015437868,-0.4695736940080258,1.0,0.0,0.0,1.0,0.0,0.0,0.0,0.0,0.0,1.0,0.0,0.0,1.0,0
1.0895522388059702,-1.5,0.9605195955013336,0.09417486014043028,1.0,0.0,0.0,1.0,0.0,0.0,0.0,0.0,0.0,1.0,1.0,0.0,0.0,0
-1.455223880597015,0.5,-0.28227963548265617,0.503019556405755,-1.0,1.0,0.0,0.0,1.0,0.0,0.0,1.0,0.0,0.0,1.0,0.0,0.0,0
0.373134328358209,-0.5,1.8210132419370708,0.10203922596137453,-1.0,0.0,0.0,1.0,0.0,1.0,0.0,0.0,0.0,0.0,0.0,0.0,1.0,0
-0.011194029850746268,0.0,-0.496119818675583,-0.868000950192869,1.0,0.0,0.0,0.0,1.0,1.0,0.0,0.0,0.0,0.0,0.0,0.0,1.0,0
-0.2947761194029851,0.0,-0.4510231947934133,0.8031899656461633,-1.0,0.0,0.0,0.0,1.0,0.0,1.0,0.0,0.0,0.0,0.0,0.0,1.0,0
-0.22014925373134328,0.5,0.021825961585878684,0.9211617937292715,1.0,0.0,1.0,0.0,0.0,0.0,0.0,1.0,0.0,0.0,1.0,0.0,0.0,0
-0.6044776119402985,0.0,0.5712610204444892,0.9265021297296044,0.0,0.0,0.0,1.0,0.0,1.0,0.0,0.0,0.0,0.0,1.0,0.0,0.0,0
1.6455223880597014,0.0,-0.6122165818067966,-0.6022082341156756,-1.0,0.0,0.0,0.0,1.0,0.0,1.0,0.0,0.0,0.0,1.0,0.0,0.0,0
-0.2947761194029851,-1.0,0.5605262135276725,-0.33646608428127933,0.0,1.0,0.0,1.0,0.0,1.0,0.0,0.0,0.0,0.0,0.0,0.0,1.0,0
0.5485074626865671,0.0,-0.4165708354972923,0.03216620050440252,0.0,0.0,0.0,1.0,0.0,0.0,0.0,1.0,0.0,0.0,0.0,0.0,1.0,1
-0.22388059701492538,-0.5,1.0873154698675611,-0.6443011324438087,1.0,0.0,0.0,1.0,0.0,0.0,0.0,0.0,1.0,0.0,1.0,0.0,0.0,1
-0.041044776119402986,-0.5,-0.5498940272087001,-0.06539934605356237,0.0,0.0,0.0,0.0,1.0,1.0,0.0,0.0,0.0,0.0,0.0,1.0,0.0,1
-0.47388059701492535,1.5,0.9894400703968859,0.9208258528509315,1.0,0.0,0.0,0.0,1.0,0.0,0.0,1.0,0.0,0.0,0.0,1.0,0.0,1
-0.5597014925373134,0.5,-0.4914633949767802,-0.12582015298610913,0.0,0.0,0.0,0.0,1.0,0.0,0.0,1.0,0.0,0.0,0.0,1.0,0.0,0
-0.5074626865671642,1.5,0.46783868089565717,0.4270607893167217,-1.0,0.0,0.0,1.0,0.0,1.0,0.0,0.0,0.0,0.0,0.0,1.0,0.0,1
-1.0970149253731343,0.5,-0.49691413134355,0.18806187460993704,0.0,0.0,0.0,1.0,0.0,1.0,0.0,0.0,0.0,0.0,1.0,0.0,0.0,0
1.0671641791044777,-0.5,1.3805980841050935,0.2395499124376015,0.0,0.0,1.0,0.0,0.0,0.0,0.0,0.0,1.0,0.0,0.0,1.0,0.0,0
-0.6828358208955224,1.0,0.8029929397421022,0.31357419116803814,-1.0,0.0,0.0,1.0,0.0,0.0,0.0,0.0,1.0,0.0,1.0,0.0,0.0,0
-1.6194029850746268,-0.5,-0.08114642363945816,0.14105935604735773,1.0,0.0,0.0,1.0,0.0,1.0,0.0,0.0,0.0,0.0,1.0,0.0,0.0,0
-0.664179104477612,0.5,-0.5791980471824267,-0.2800045675818414,-1.0,0.0,0.0,1.0,0.0,1.0,0.0,0.0,0.0,0.0,1.0,0.0,0.0,0
0.8768656716417911,-1.0,-0.3197768557889341,0.06664118093339012,1.0,0.0,0.0,1.0,0.0,1.0,0.0,0.0,0.0,0.0,0.0,1.0,0.0,0
-1.1828358208955223,-1.5,0.65114255743787,-0.9580845506450218,0.0,0.0,0.0,1.0,0.0,0.0,0.0,0.0,1.0,0.0,1.0,0.0,0.0,1
-0.44776119402985076,-0.5,3.1452214629710102,0.042391382305129684,-1.0,0.0,0.0,1.0,0.0,1.0,0.0,0.0,0.0,0.0,1.0,0.0,0.0,0
-0.7276119402985075,0.0,0.3594689440298292,0.2587318359050982,1.0,1.0,0.0,0.0,1.0,0.0,1.0,0.0,0.0,0.0,0.0,1.0,0.0,0
0.3843283582089552,0.5,-0.15188217984286112,-0.2142182468371439,-1.0,0.0,0.0,1.0,0.0,0.0,0.0,0.0,0.0,1.0,0.0,1.0,0.0,1
0.27238805970149255,0.0,-0.43072950111211766,0.07998349482607962,1.0,1.0,0.0,1.0,0.0,1.0,0.0,0.0,0.0,0.0,0.0,0.0,1.0,0
-0.13059701492537312,1.0,0.6199852542707794,1.7206757969526445,-1.0,1.0,0.0,0.0,1.0,1.0,0.0,0.0,0.0,0.0,0.0,1.0,0.0,1
-0.06716417910447761,0.0,2.1113362410852847,0.0484575685721226,-1.0,0.0,0.0,0.0,1.0,1.0,0.0,0.0,0.0,0.0,0.0,1.0,0.0,0
0.14925373134328357,-0.5,-0.4810412366688695,0.7597061923182741,0.0,0.0,0.0,1.0,0.0,0.0,0.0,0.0,1.0,0.0,1.0,0.0,0.0,0
-0.5970149253731343,1.0,1.4299413955693288,-0.6668711925370537,0.0,0.0,0.0,1.0,0.0,1.0,0.0,0.0,0.0,0.0,0.0,1.0,0.0,0
-0.8843283582089553,0.0,0.4286106136134395,0.36697410421553034,0.0,0.0,0.0,1.0,0.0,0.0,0.0,0.0,0.0,1.0,0.0,1.0,0.0,1
0.917910447761194,1.0,-0.3415196552098657,0.15626119132127994,0.0,0.0,0.0,1.0,0.0,1.0,0.0,0.0,0.0,0.0,0.0,1.0,0.0,0
-0.03731343283582089,0.5,0.03956241211398955,-0.5128676550845168,0.0,0.0,0.0,1.0,0.0,1.0,0.0,0.0,0.0,0.0,1.0,0.0,0.0,0
-0.40671641791044777,-1.5,-0.5736810251122183,-0.7832917071681857,2.0,0.0,0.0,1.0,0.0,1.0,0.0,0.0,0.0,0.0,0.0,1.0,0.0,1
-1.4253731343283582,-1.0,-0.5055723266226702,0.42886480429639173,-1.0,0.0,1.0,0.0,0.0,1.0,0.0,0.0,0.0,0.0,0.0,1.0,0.0,0
-0.7723880597014925,-1.0,-0.5777984586410247,-1.0293920736056532,1.0,0.0,0.0,1.0,0.0,1.0,0.0,0.0,0.0,0.0,1.0,0.0,0.0,1
1.0186567164179106,0.5,0.12737539364216463,-0.35044615022480047,0.0,0.0,0.0,0.0,1.0,1.0,0.0,0.0,0.0,0.0,1.0,0.0,0.0,0
1.0037313432835822,0.0,0.1459803109636143,-0.9063622876908884,-1.0,0.0,0.0,1.0,0.0,1.0,0.0,0.0,0.0,0.0,0.0,1.0,0.0,0
0.30597014925373134,1.5,-0.3985499336918405,0.9529513828710515,2.0,1.0,0.0,0.0,1.0,0.0,0.0,0.0,0.0,1.0,1.0,0.0,0.0,1
1.078358208955224,-1.5,0.714076795732105,-0.5955375004923945,1.0,0.0,0.0,1.0,0.0,0.0,0.0,0.0,0.0,1.0,0.0,1.0,0.0,0
0.27611940298507465,1.5,3.488464304680498,-0.06788838065697557,0.0,1.0,0.0,1.0,0.0,1.0,0.0,0.0,0.0,0.0,0.0,0.0,1.0,1
-0.40298507462686567,0.0,0.7483502697794998,-0.543828749752854,0.0,0.0,1.0,0.0,0.0,0.0,0.0,0.0,1.0,0.0,0.0,0.0,1.0,0
1.335820895522388,1.0,-0.044413415530940706,0.02171839683143017,1.0,0.0,0.0,0.0,1.0,1.0,0.0,0.0,0.0,0.0,1.0,0.0,0.0,0
0.8805970149253731,-1.0,-0.37342863133748416,0.7246787952033447,1.0,0.0,0.0,1.0,0.0,0.0,1.0,0.0,0.0,0.0,0.0,1.0,0.0,0
-0.5373134328358209,-0.5,-0.546133646684952,-0.6396365268824076,1.0,0.0,0.0,1.0,0.0,0.0,0.0,1.0,0.0,0.0,1.0,0.0,0.0,0
-0.08208955223880597,0.5,-0.49497909699897247,-0.5894619904049689,0.0,0.0,0.0,1.0,0.0,0.0,1.0,0.0,0.0,0.0,0.0,0.0,1.0,0
0.9850746268656716,-0.5,-0.28053074645137377,-0.7054320742337339,1.0,0.0,0.0,1.0,0.0,1.0,0.0,0.0,0.0,0.0,0.0,0.0,1.0,0
1.4253731343283582,-1.0,-0.6210232356183576,1.0457890802422343,0.0,0.0,0.0,1.0,0.0,1.0,0.0,0.0,0.0,0.0,0.0,1.0,0.0,0
0.5522388059701493,-1.5,-0.07257842935937624,0.7094236593768213,0.0,0.0,0.0,0.0,1.0,0.0,0.0,1.0,0.0,0.0,0.0,1.0,0.0,0
-0.4141791044776119,0.0,1.3837272322889393,0.5259141647702038,-1.0,0.0,0.0,1.0,0.0,1.0,0.0,0.0,0.0,0.0,0.0,0.0,1.0,0
-1.291044776119403,0.0,0.029693788757336033,-0.4336720133115416,-1.0,0.0,0.0,1.0,0.0,1.0,0.0,0.0,0.0,0.0,0.0,1.0,0.0,0
-1.2014925373134329,0.5,-0.2926462166033477,-0.30516259949773855,1.0,0.0,0.0,1.0,0.0,0.0,1.0,0.0,0.0,0.0,0.0,1.0,0.0,0
0.5485074626865671,-1.0,1.1735521569922363,-0.591740704394623,0.0,0.0,0.0,1.0,0.0,0.0,0.0,0.0,1.0,0.0,0.0,0.0,1.0,0
-0.40671641791044777,-1.0,1.1612098584006836,0.06830755428150148,0.0,0.0,0.0,1.0,0.0,0.0,0.0,0.0,0.0,1.0,0.0,0.0,1.0,0
0.23880597014925373,1.0,1.2292418181551235,-0.9142489960680689,0.0,0.0,0.0,1.0,0.0,0.0,1.0,0.0,0.0,0.0,0.0,1.0,0.0,0
0.20149253731343283,-1.0,-0.5919235782297474,-0.009926081709169247,-1.0,0.0,0.0,1.0,0.0,0.0,0.0,1.0,0.0,0.0,1.0,0.0,0.0,0
0.9029850746268657,1.5,0.2849658706562249,1.3466498730597647,0.0,0.0,0.0,1.0,0.0,0.0,1.0,0.0,0.0,0.0,1.0,0.0,0.0,1
0.6156716417910447,0.5,-0.02566289561415288,1.7206757969526445,1.0,0.0,0.0,1.0,0.0,0.0,0.0,0.0,1.0,0.0,1.0,0.0,0.0,1
0.3246268656716418,1.5,0.40883054967575805,-0.3131370627952482,-1.0,0.0,0.0,1.0,0.0,1.0,0.0,0.0,0.0,0.0,1.0,0.0,0.0,1
0.6865671641791045,0.0,2.572956470712792,-0.07557318691744859,1.0,0.0,0.0,1.0,0.0,1.0,0.0,0.0,0.0,0.0,1.0,0.0,0.0,0
-0.6865671641791045,1.5,0.006394354100539559,0.2260976122337345,2.0,0.0,0.0,1.0,0.0,0.0,0.0,1.0,0.0,0.0,0.0,0.0,1.0,1
1.3544776119402986,-0.5,-0.501951364671741,-0.06344309687842987,0.0,0.0,0.0,1.0,0.0,1.0,0.0,0.0,0.0,0.0,0.0,1.0,0.0,0
-1.044776119402985,0.5,-0.15599158223201867,-0.23795240621032276,0.0,1.0,0.0,1.0,0.0,1.0,0.0,0.0,0.0,0.0,0.0,1.0,0.0,0
-0.21641791044776118,-1.0,3.488464304680498,-0.1203663136290187,-1.0,0.0,0.0,0.0,1.0,0.0,0.0,1.0,0.0,0.0,1.0,0.0,0.0,1
-0.23507462686567165,-1.0,-0.471780226217723,-0.33155587342420206,2.0,1.0,0.0,0.0,1.0,0.0,1.0,0.0,0.0,0.0,1.0,0.0,0.0,1
0.17537313432835822,0.0,-0.10886576495932015,-0.19726607395884282,2.0,0.0,0.0,1.0,0.0,0.0,0.0,0.0,0.0,1.0,1.0,0.0,0.0,1
0.7574626865671642,-0.5,0.6984460391873563,0.7403709299146156,0.0,0.0,0.0,0.0,1.0,0.0,0.0,1.0,0.0,0.0,0.0,0.0,1.0,0
-0.6305970149253731,0.0,-0.26350802345945556,0.1719396600641646,-1.0,1.0,0.0,1.0,0.0,1.0,0.0,0.0,0.0,0.0,0.0,1.0,0.0,0
-1.3880597014925373,-0.5,1.2523155192944793,-0.34435005479503106,1.0,0.0,0.0,0.0,1.0,0.0,0.0,1.0,0.0,0.0,0.0,0.0,1.0,0
-0.3619402985074627,-1.0,0.7720376750352607,0.7384301428427407,2.0,0.0,0.0,1.0,0.0,0.0,1.0,0.0,0.0,0.0,1.0,0.0,0.0,1
1.044776119402985,-0.5,-0.5503478323264243,0.9287925498397729,-1.0,0.0,0.0,1.0,0.0,1.0,0.0,0.0,0.0,0.0,1.0,0.0,0.0,0
1.1194029850746268,2.5,3.488464304680498,0.10556822192586338,2.0,0.0,0.0,1.0,0.0,0.0,0.0,0.0,1.0,0.0,1.0,0.0,0.0,1
-0.4253731343283582,-1.5,-0.47221803975954973,-0.7898423561405248,2.0,0.0,0.0,1.0,0.0,1.0,0.0,0.0,0.0,0.0,0.0,1.0,0.0,1
0.6865671641791045,1.0,3.488464304680498,0.024028784719060427,1.0,0.0,0.0,0.0,1.0,1.0,0.0,0.0,0.0,0.0,1.0,0.0,0.0,0
0.2947761194029851,-1.0,0.31370781624631555,0.3276816870152873,0.0,0.0,0.0,0.0,1.0,0.0,0.0,1.0,0.0,0.0,1.0,0.0,0.0,0
-1.5634328358208955,1.0,-0.45372633739626367,0.9172417640051977,-1.0,0.0,0.0,1.0,0.0,0.0,1.0,0.0,0.0,0.0,0.0,1.0,0.0,0
1.25,0.0,-0.46980531987327584,-0.6706497543317235,0.0,0.0,0.0,1.0,0.0,0.0,0.0,0.0,0.0,1.0,0.0,0.0,1.0,1
-1.4738805970149254,-1.0,-0.5574492563241473,0.4044933936954121,1.0,0.0,0.0,1.0,0.0,0.0,0.0,0.0,0.0,1.0,1.0,0.0,0.0,0
-0.31716417910447764,-0.5,-0.3645691046711689,-1.0693196078992746,1.0,1.0,1.0,0.0,0.0,0.0,0.0,0.0,1.0,0.0,0.0,0.0,1.0,0
-0.08955223880597014,-0.5,0.0918103839079744,0.19577891972751882,1.0,0.0,0.0,1.0,0.0,0.0,1.0,0.0,0.0,0.0,0.0,1.0,0.0,0
0.8283582089552238,2.5,1.4313749294364084,0.12843503126802117,1.0,0.0,0.0,1.0,0.0,1.0,0.0,0.0,0.0,0.0,1.0,0.0,0.0,1
-0.7350746268656716,1.0,-0.6217278394225659,-0.6059840167521737,1.0,0.0,0.0,1.0,0.0,1.0,0.0,0.0,0.0,0.0,1.0,0.0,0.0,0
0.3582089552238806,0.5,1.17216692861142,0.8421417241737382,2.0,0.0,0.0,1.0,0.0,1.0,0.0,0.0,0.0,0.0,1.0,0.0,0.0,1
0.664179104477612,0.5,0.3545411073690118,0.010483813826829393,-1.0,0.0,0.0,1.0,0.0,1.0,0.0,0.0,0.0,0.0,1.0,0.0,0.0,0
-1.3507462686567164,1.0,0.1912549471791946,-0.9073172848676343,0.0,0.0,0.0,0.0,1.0,0.0,0.0,1.0,0.0,0.0,1.0,0.0,0.0,1
-0.6194029850746269,1.5,0.7787642409673164,0.46250695016413157,0.0,0.0,0.0,1.0,0.0,1.0,0.0,0.0,0.0,0.0,1.0,0.0,0.0,1
0.08955223880597014,-1.5,0.9822831612098929,0.06210235505582546,0.0,1.0,0.0,0.0,1.0,1.0,0.0,0.0,0.0,0.0,1.0,0.0,0.0,0
0.3917910447761194,-1.5,-0.07864303515171381,0.8238016048708395,-1.0,0.0,0.0,1.0,0.0,0.0,0.0,1.0,0.0,0.0,0.0,1.0,0.0,0
0.9253731343283582,-0.5,0.27893994251150833,-0.6850895205368195,0.0,0.0,0.0,1.0,0.0,0.0,1.0,0.0,0.0,0.0,0.0,0.0,1.0,0
0.43283582089552236,1.0,-0.48674385609666976,0.3133957762435058,2.0,1.0,0.0,0.0,1.0,0.0,1.0,0.0,0.0,0.0,0.0,0.0,1.0,1
0.23880597014925373,-0.5,2.7092855458536453,1.250177625391174,1.0,0.0,0.0,1.0,0.0,0.0,1.0,0.0,0.0,0.0,1.0,0.0,0.0,1
0.4291044776119403,0.0,-0.49479066791656245,0.49791671596930104,-1.0,0.0,0.0,0.0,1.0,0.0,0.0,1.0,0.0,0.0,0.0,0.0,1.0,0
0.2537313432835821,1.0,1.0832151246556212,-0.2094044180379575,1.0,0.0,0.0,1.0,0.0,1.0,0.0,0.0,0.0,0.0,1.0,0.0,0.0,0
0.5895522388059702,-1.0,0.3128065586913683,-0.626327963818005,0.0,0.0,0.0,1.0,0.0,1.0,0.0,0.0,0.0,0.0,1.0,0.0,0.0,0
-1.1679104477611941,0.5,-0.6111275375356521,-0.8324888464627473,0.0,1.0,0.0,1.0,0.0,1.0,0.0,0.0,0.0,0.0,0.0,1.0,0.0,0
-0.6343283582089553,0.0,3.488464304680498,1.4319267407538914,2.0,0.0,0.0,1.0,0.0,0.0,1.0,0.0,0.0,0.0,0.0,1.0,0.0,1
-0.30597014925373134,0.0,0.3899322546282052,0.22329670865975668,1.0,0.0,0.0,1.0,0.0,0.0,0.0,1.0,0.0,0.0,1.0,0.0,0.0,0
1.4477611940298507,0.0,-0.6058356299482786,-0.056881999399313904,-1.0,0.0,0.0,1.0,0.0,1.0,0.0,0.0,0.0,0.0,0.0,0.0,1.0,0
-0.041044776119402986,-0.5,-0.4741423895143125,-0.3291855635735665,1.0,0.0,0.0,1.0,0.0,1.0,0.0,0.0,0.0,0.0,1.0,0.0,0.0,1
0.2462686567164179,-1.5,-0.2357486008214994,0.5949781352211918,2.0,0.0,0.0,0.0,1.0,0.0,0.0,1.0,0.0,0.0,0.0,0.0,1.0,1
0.11940298507462686,0.5,-0.48117283293634505,-0.8566204044129759,0.0,0.0,0.0,1.0,0.0,0.0,1.0,0.0,0.0,0.0,1.0,0.0,0.0,1
0.4216417910447761,-1.5,-0.21313942227959046,0.7501975220800065,2.0,0.0,0.0,1.0,0.0,1.0,0.0,0.0,0.0,0.0,0.0,1.0,0.0,1
0.3656716417910448,-1.5,-0.6126452358894156,0.5464701622465503,0.0,0.0,0.0,0.0,1.0,0.0,0.0,0.0,1.0,0.0,1.0,0.0,0.0,0
-0.4925373134328358,-1.5,0.1914514591634659,0.6063119636222964,0.0,0.0,0.0,1.0,0.0,0.0,1.0,0.0,0.0,0.0,1.0,0.0,0.0,0
-1.6194029850746268,-0.5,-0.10684784051763135,0.5877230526053839,1.0,0.0,0.0,1.0,0.0,1.0,0.0,0.0,0.0,0.0,1.0,0.0,0.0,0
-0.3619402985074627,-1.0,-0.11412941467012809,0.12729603569953848,0.0,0.0,0.0,0.0,1.0,1.0,0.0,0.0,0.0,0.0,0.0,0.0,1.0,0
0.29850746268656714,-0.5,0.5067618410589781,0.8304001247944951,0.0,0.0,0.0,1.0,0.0,0.0,0.0,0.0,0.0,1.0,0.0,1.0,0.0,0
0.09701492537313433,0.0,-0.28274868595545943,1.3045770816804818,-1.0,0.0,0.0,1.0,0.0,0.0,1.0,0.0,0.0,0.0,1.0,0.0,0.0,1
0.8955223880597015,0.5,-0.5062047963731422,1.4449187007939033,0.0,0.0,0.0,1.0,0.0,1.0,0.0,0.0,0.0,0.0,0.0,1.0,0.0,1
-1.1119402985074627,2.5,-0.5778483706521289,0.40412327647837476,1.0,0.0,0.0,1.0,0.0,1.0,0.0,0.0,0.0,0.0,0.0,1.0,0.0,1
1.7682089552238844,0.0,-0.5844327732923121,0.8812804018032117,1.0,0.0,1.0,0.0,0.0,0.0,0.0,1.0,0.0,0.0,1.0,0.0,0.0,0
0.8582089552238806,-0.5,0.0180797033689796,0.5920174521299354,1.0,1.0,0.0,1.0,0.0,0.0,0.0,1.0,0.0,0.0,0.0,0.0,1.0,1
0.43283582089552236,0.0,0.2253074766257693,0.11057676613388885,-1.0,0.0,0.0,1.0,0.0,0.0,1.0,0.0,0.0,0.0,0.0,1.0,0.0,0
-0.041044776119402986,1.0,1.9653526365400114,0.3896183282988679,0.0,0.0,0.0,1.0,0.0,1.0,0.0,0.0,0.0,0.0,0.0,1.0,0.0,0
0.018656716417910446,0.0,-0.39052461535445887,0.4325524717715763,3.0,0.0,0.0,0.0,1.0,1.0,0.0,0.0,0.0,0.0,0.0,1.0,0.0,1
0.048507462686567165,-1.5,0.5295792186046748,-1.0502612940624643,1.0,0.0,0.0,1.0,0.0,0.0,1.0,0.0,0.0,0.0,1.0,0.0,0.0,0
0.15671641791044777,-1.5,-0.18576250710099232,1.0992780915689087,1.0,0.0,0.0,1.0,0.0,0.0,0.0,1.0,0.0,0.0,1.0,0.0,0.0,1
-0.8992537313432836,0.0,0.5673031661429824,0.10714750014112656,2.0,0.0,0.0,1.0,0.0,1.0,0.0,0.0,0.0,0.0,0.0,1.0,0.0,1
1.25,0.5,0.32434790754687426,-0.027636322063377062,-1.0,1.0,1.0,0.0,0.0,0.0,0.0,1.0,0.0,0.0,1.0,0.0,0.0,0
1.212686567164179,0.5,1.6106486913919171,-0.1026249427845381,-1.0,1.0,0.0,0.0,1.0,0.0,1.0,0.0,0.0,0.0,1.0,0.0,0.0,0
-0.35074626865671643,1.5,-0.32520235941101655,-0.007488255162298105,-1.0,0.0,0.0,1.0,0.0,0.0,1.0,0.0,0.0,0.0,1.0,0.0,0.0,1
0.16417910447761194,1.5,2.3152529517089953,-0.44376496386638736,1.0,1.0,0.0,1.0,0.0,1.0,0.0,0.0,0.0,0.0,1.0,0.0,0.0,1
-0.6417910447761194,-1.0,-0.5407529134474716,-0.13080472158116013,1.0,0.0,0.0,1.0,0.0,1.0,0.0,0.0,0.0,0.0,1.0,0.0,0.0,0
0.3619402985074627,0.0,0.32244905136784624,1.4107417735978915,-1.0,1.0,0.0,1.0,0.0,0.0,0.0,1.0,0.0,0.0,1.0,0.0,0.0,1
1.623134328358209,-1.0,-0.23354944854325008,0.34922024825273207,0.0,0.0,0.0,0.0,1.0,1.0,0.0,0.0,0.0,0.0,0.0,1.0,0.0,1
-0.917910447761194,-0.5,-0.4453844888261969,0.5386785709363038,-1.0,0.0,0.0,1.0,0.0,1.0,0.0,0.0,0.0,0.0,0.0,1.0,0.0,0
0.13805970149253732,0.0,1.1069659328772954,0.6052696505504334,1.0,0.0,0.0,1.0,0.0,0.0,0.0,1.0,0.0,0.0,0.0,1.0,0.0,0
0.5298507462686567,1.5,0.13353719857638505,0.4122012825957853,-1.0,0.0,0.0,1.0,0.0,1.0,0.0,0.0,0.0,0.0,0.0,1.0,0.0,1
-0.4626865671641791,-0.5,0.900322726799313,-0.7109785359252923,0.0,0.0,0.0,1.0,0.0,0.0,0.0,0.0,0.0,1.0,0.0,0.0,1.0,1
-0.503731343283582,1.5,-0.3296787099896643,0.14710246992443976,2.0,0.0,0.0,1.0,0.0,0.0,0.0,1.0,0.0,0.0,1.0,0.0,0.0,1
-0.0708955223880597,-1.0,-0.12370950776656461,0.8348633457283412,0.0,0.0,0.0,0.0,1.0,0.0,0.0,1.0,0.0,0.0,0.0,1.0,0.0,1
-0.09328358208955224,-0.5,-0.4693816344190994,-0.09591801405495186,0.0,0.0,0.0,0.0,1.0,0.0,0.0,1.0,0.0,0.0,0.0,0.0,1.0,1
0.1865671641791045,-0.5,2.8710269760030056,0.43928569045079924,2.0,0.0,0.0,0.0,1.0,1.0,0.0,0.0,0.0,0.0,1.0,0.0,0.0,1
-0.15671641791044777,-1.0,0.6417069423018364,-0.46746778469003125,1.0,1.0,0.0,0.0,1.0,1.0,0.0,0.0,0.0,0.0,1.0,0.0,0.0,0
-0.746268656716418,0.0,0.21091558464624965,-0.9196621292960806,1.0,0.0,0.0,0.0,1.0,0.0,1.0,0.0,0.0,0.0,0.0,1.0,0.0,0
-1.541044776119403,0.0,-0.3676578557502198,0.057655019544204995,0.0,0.0,0.0,0.0,1.0,1.0,0.0,0.0,0.0,0.0,0.0,1.0,0.0,0
-0.1455223880597015,0.0,0.13405032432583244,0.10875410018209183,2.0,0.0,0.0,1.0,0.0,0.0,0.0,1.0,0.0,0.0,1.0,0.0,0.0,1
-0.5261194029850746,1.5,-0.5169847349023037,0.26616389588564315,2.0,0.0,0.0,1.0,0.0,1.0,0.0,0.0,0.0,0.0,0.0,1.0,0.0,1
-0.033582089552238806,0.0,-0.6141954512430229,-0.5788304919448513,-1.0,1.0,0.0,1.0,0.0,1.0,0.0,0.0,0.0,0.0,0.0,0.0,1.0,0
-0.6567164179104478,0.0,0.1747610578905167,0.5626484161165862,1.0,0.0,0.0,1.0,0.0,1.0,0.0,0.0,0.0,0.0,0.0,0.0,1.0,0
-0.3656716417910448,0.0,1.1281587464608105,0.8849121994642698,1.0,0.0,0.0,1.0,0.0,1.0,0.0,0.0,0.0,0.0,0.0,0.0,1.0,1
1.7276119402985075,-1.5,0.09151944768177313,-0.37014585484973267,0.0,0.0,0.0,1.0,0.0,0.0,0.0,1.0,0.0,0.0,0.0,0.0,1.0,0
0.373134328358209,0.0,-0.6113046075453465,0.4581818066014859,0.0,0.0,0.0,1.0,0.0,0.0,0.0,1.0,0.0,0.0,1.0,0.0,0.0,0
-1.0634328358208955,2.5,-0.6217278394225659,-0.9045034640095118,1.0,0.0,1.0,0.0,0.0,0.0,0.0,1.0,0.0,0.0,1.0,0.0,0.0,1
-0.041044776119402986,0.5,-0.14241180097594974,0.42448907306241807,2.0,0.0,1.0,0.0,0.0,1.0,0.0,0.0,0.0,0.0,0.0,1.0,0.0,1
0.17164179104477612,-0.5,0.4080582401211844,0.043266950861897385,-1.0,0.0,0.0,1.0,0.0,0.0,1.0,0.0,0.0,0.0,1.0,0.0,0.0,0
-0.3582089552238806,2.0,0.47473540559852245,0.3870238473853537,1.0,0.0,0.0,1.0,0.0,1.0,0.0,0.0,0.0,0.0,1.0,0.0,0.0,1
-0.041044776119402986,1.5,-0.3886078397797999,0.4759744804422503,1.0,0.0,0.0,0.0,1.0,0.0,1.0,0.0,0.0,0.0,1.0,0.0,0.0,1
0.4962686567164179,-0.5,-0.23822529922737978,-0.1972593844492415,0.0,1.0,0.0,1.0,0.0,0.0,0.0,1.0,0.0,0.0,1.0,0.0,0.0,0
0.007462686567164179,-0.5,0.3138539130487696,0.7116575051709129,1.0,0.0,0.0,1.0,0.0,0.0,0.0,1.0,0.0,0.0,1.0,0.0,0.0,0
0.208955223880597,-1.0,0.30399575299941145,-0.7750931501932361,-1.0,0.0,0.0,1.0,0.0,0.0,1.0,0.0,0.0,0.0,1.0,0.0,0.0,0
0.8395522388059702,2.5,1.0348980621786574,0.43562787875786424,0.0,0.0,0.0,0.0,1.0,1.0,0.0,0.0,0.0,0.0,1.0,0.0,0.0,1
-0.45149253731343286,-1.5,-0.2084892418163211,-0.5871395012386579,0.0,0.0,0.0,0.0,1.0,1.0,0.0,0.0,0.0,0.0,0.0,1.0,0.0,0
-0.4552238805970149,1.0,-0.06939799390087144,-0.39279805255303585,0.0,0.0,0.0,0.0,1.0,0.0,0.0,0.0,1.0,0.0,0.0,0.0,1.0,0
-1.0559701492537314,2.0,-0.26767110524482346,0.5574742458165018,1.0,0.0,0.0,1.0,0.0,1.0,0.0,0.0,0.0,0.0,1.0,0.0,0.0,1
0.6194029850746269,0.0,1.6743114059752708,0.4561491990621567,2.0,0.0,0.0,1.0,0.0,0.0,1.0,0.0,0.0,0.0,0.0,1.0,0.0,1
0.6940298507462687,-1.0,-0.4341526000130455,-0.12634031478542443,1.0,0.0,0.0,1.0,0.0,1.0,0.0,0.0,0.0,0.0,1.0,0.0,0.0,0
-0.9552238805970149,0.5,1.225346434586815,1.2267085378328875,0.0,0.0,0.0,0.0,1.0,1.0,0.0,0.0,0.0,0.0,1.0,0.0,0.0,1
-0.20522388059701493,1.0,-0.6199343919056256,-0.5840161975157224,2.0,0.0,0.0,0.0,1.0,1.0,0.0,0.0,0.0,0.0,0.0,0.0,1.0,1
-1.1455223880597014,0.5,-0.2170845059114279,1.4016198774007165,0.0,0.0,0.0,0.0,1.0,1.0,0.0,0.0,0.0,0.0,1.0,0.0,0.0,1
0.44776119402985076,0.5,-0.30703405534107236,0.7162089156061537,0.0,0.0,0.0,1.0,0.0,1.0,0.0,0.0,0.0,0.0,1.0,0.0,0.0,0
0.6604477611940298,-0.5,-0.41386614805408,0.37761024248589076,0.0,0.0,1.0,0.0,0.0,0.0,1.0,0.0,0.0,0.0,0.0,0.0,1.0,0
0.14925373134328357,0.5,-0.15155746878910906,0.24384004645432464,1.0,0.0,0.0,1.0,0.0,1.0,0.0,0.0,0.0,0.0,1.0,0.0,0.0,0
0.7873134328358209,1.0,-0.48305724487417334,-0.4379335707690432,1.0,0.0,0.0,1.0,0.0,1.0,0.0,0.0,0.0,0.0,0.0,1.0,0.0,0
-0.7835820895522388,-0.5,-0.28817174383650224,-0.9327094118383739,1.0,1.0,0.0,1.0,0.0,0.0,1.0,0.0,0.0,0.0,1.0,0.0,0.0,0
-0.8544776119402985,0.5,0.39755661567004713,-0.3177173178251983,-1.0,0.0,0.0,1.0,0.0,0.0,0.0,1.0,0.0,0.0,0.0,1.0,0.0,0
-0.13432835820895522,0.0,0.3233306226712922,-0.7551359861918218,2.0,0.0,0.0,0.0,1.0,1.0,0.0,0.0,0.0,0.0,1.0,0.0,0.0,1
0.16417910447761194,0.0,1.0736939727289547,-0.6488405265697876,0.0,1.0,0.0,1.0,0.0,0.0,0.0,0.0,1.0,0.0,0.0,1.0,0.0,0
-1.1007462686567164,2.5,-0.19081332242085466,-0.1647394886439087,0.0,0.0,0.0,1.0,0.0,1.0,0.0,0.0,0.0,0.0,0.0,0.0,1.0,1
-0.7089552238805971,-0.5,1.0916343829022712,-0.8913479310261248,2.0,0.0,0.0,1.0,0.0,0.0,0.0,1.0,0.0,0.0,1.0,0.0,0.0,1
-0.20522388059701493,0.5,0.6309524944531119,-0.27640530264855206,0.0,0.0,1.0,0.0,0.0,1.0,0.0,0.0,0.0,0.0,1.0,0.0,0.0,0
-0.1044776119402985,0.5,-0.15934176384064058,0.49106976533074215,-1.0,0.0,0.0,0.0,1.0,1.0,0.0,0.0,0.0,0.0,1.0,0.0,0.0,0
-1.2985074626865671,0.5,2.822679775548671,-0.2015222726056334,2.0,0.0,0.0,0.0,1.0,0.0,0.0,1.0,0.0,0.0,1.0,0.0,0.0,1
1.462686567164179,1.0,0.462482283550616,0.5517054128140951,2.0,0.0,0.0,1.0,0.0,1.0,0.0,0.0,0.0,0.0,1.0,0.0,0.0,1
-0.029850746268656716,1.0,0.6615571697507414,0.36734035624490197,1.0,0.0,1.0,0.0,0.0,1.0,0.0,0.0,0.0,0.0,0.0,1.0,0.0,0
-1.257462686567164,0.5,1.171071177290817,0.5380896175847535,-1.0,0.0,0.0,1.0,0.0,0.0,0.0,1.0,0.0,0.0,0.0,0.0,1.0,0
-0.8731343283582089,1.0,0.8402548156807566,1.0422569391698122,1.0,0.0,0.0,1.0,0.0,0.0,0.0,1.0,0.0,0.0,0.0,1.0,0.0,0
-0.44776119402985076,0.0,-0.01100193447524262,0.0571714386833542,2.0,1.0,0.0,1.0,0.0,1.0,0.0,0.0,0.0,0.0,1.0,0.0,0.0,1
0.24253731343283583,0.5,-0.38508181737159897,1.178666509544186,0.0,0.0,0.0,0.0,1.0,1.0,0.0,0.0,0.0,0.0,1.0,0.0,0.0,1
-1.2313432835820894,0.0,-0.5350779391240064,0.5220804134341614,1.0,0.0,0.0,1.0,0.0,1.0,0.0,0.0,0.0,0.0,1.0,0.0,0.0,1
0.503731343283582,0.0,0.059970357169028085,0.378306444494285,0.0,0.0,0.0,0.0,1.0,0.0,1.0,0.0,0.0,0.0,1.0,0.0,0.0,0
0.6417910447761194,0.0,0.24040454552659343,0.13903076781673654,1.0,0.0,0.0,0.0,1.0,1.0,0.0,0.0,0.0,0.0,1.0,0.0,0.0,0
0.5298507462686567,0.5,-0.4992762949116505,-0.09196415654736653,2.0,0.0,0.0,1.0,0.0,0.0,1.0,0.0,0.0,0.0,0.0,1.0,0.0,1
0.9626865671641791,0.0,0.08836150371110742,0.07623907025653466,1.0,0.0,0.0,1.0,0.0,1.0,0.0,0.0,0.0,0.0,1.0,0.0,0.0,0
0.9104477611940298,1.0,-0.09152973481987445,-0.40726245834143265,-1.0,0.0,1.0,0.0,0.0,1.0,0.0,0.0,0.0,0.0,1.0,0.0,0.0,0
-1.376865671641791,-0.5,-0.3877441330717025,-0.7991097364480828,1.0,0.0,0.0,0.0,1.0,1.0,0.0,0.0,0.0,0.0,1.0,0.0,0.0,0
-0.31343283582089554,1.0,-0.40042275142005435,0.753348097710453,1.0,0.0,0.0,1.0,0.0,1.0,0.0,0.0,0.0,0.0,0.0,1.0,0.0,0
-0.30970149253731344,1.0,3.488464304680498,0.17686637751756976,0.0,0.0,0.0,1.0,0.0,1.0,0.0,0.0,0.0,0.0,1.0,0.0,0.0,0
-0.332089552238806,0.0,-0.02793750870993895,-0.636683260018643,0.0,0.0,0.0,0.0,1.0,0.0,0.0,0.0,0.0,1.0,1.0,0.0,0.0,1
-0.8619402985074627,-1.0,-0.610987790861467,1.0061778196668385,0.0,0.0,0.0,1.0,0.0,1.0,0.0,0.0,0.0,0.0,0.0,0.0,1.0,0
0.05970149253731343,-1.5,-0.5010291496468708,-0.1447000714095682,-1.0,0.0,0.0,1.0,0.0,1.0,0.0,0.0,0.0,0.0,1.0,0.0,0.0,0
-0.7910447761194029,1.0,2.828075746213231,-0.10058260337349477,0.0,0.0,0.0,1.0,0.0,0.0,1.0,0.0,0.0,0.0,1.0,0.0,0.0,0
0.5261194029850746,-0.5,1.1708395983412447,0.5235654153252305,1.0,0.0,0.0,0.0,1.0,0.0,0.0,0.0,1.0,0.0,1.0,0.0,0.0,0
0.5373134328358209,0.5,1.9366726518330006,1.5158369698216123,3.0,0.0,0.0,0.0,1.0,1.0,0.0,0.0,0.0,0.0,1.0,0.0,0.0,1
0.40298507462686567,-0.5,0.4555366604815246,0.13856561172136897,-1.0,0.0,0.0,1.0,0.0,0.0,0.0,0.0,1.0,0.0,1.0,0.0,0.0,0
0.5746268656716418,0.0,-0.3094028449898871,0.2541851947118475,1.0,0.0,0.0,1.0,0.0,0.0,1.0,0.0,0.0,0.0,1.0,0.0,0.0,0
0.7611940298507462,0.5,-0.3635066203013557,0.18231210406789491,1.0,0.0,0.0,1.0,0.0,1.0,0.0,0.0,0.0,0.0,0.0,1.0,0.0,1
0.8432835820895522,-1.5,3.4213080084406102,0.07933645373156821,-1.0,1.0,0.0,1.0,0.0,0.0,0.0,1.0,0.0,0.0,0.0,1.0,0.0,1
-0.34701492537313433,-0.5,1.0873926590667324,-0.3520309266179326,1.0,0.0,1.0,0.0,0.0,0.0,0.0,0.0,0.0,1.0,0.0,0.0,1.0,0
0.41044776119402987,-0.5,0.5917647036360026,0.2059917026859257,1.0,0.0,0.0,0.0,1.0,1.0,0.0,0.0,0.0,0.0,0.0,1.0,0.0,0
1.2201492537313432,1.0,0.9328299638274866,0.4380947263393747,2.0,0.0,0.0,1.0,0.0,1.0,0.0,0.0,0.0,0.0,0.0,1.0,0.0,1
0.07462686567164178,0.0,-0.5979217484129081,-0.545616362513941,0.0,0.0,0.0,1.0,0.0,1.0,0.0,0.0,0.0,0.0,0.0,1.0,0.0,1
0.7350746268656716,0.0,-0.2697644975043532,-0.6929751312651942,1.0,0.0,0.0,1.0,0.0,0.0,0.0,0.0,0.0,1.0,1.0,0.0,0.0,1
0.8208955223880597,0.0,1.4843677820894334,-0.6999899633761187,0.0,1.0,0.0,1.0,0.0,1.0,0.0,0.0,0.0,0.0,0.0,0.0,1.0,0
0.34701492537313433,-1.5,-0.32849588636849036,1.0962635142628445,0.0,0.0,0.0,0.0,1.0,1.0,0.0,0.0,0.0,0.0,0.0,1.0,0.0,1
0.8059701492537313,0.5,0.1081582617708249,0.6459312289247189,0.0,0.0,0.0,1.0,0.0,0.0,0.0,0.0,1.0,0.0,0.0,1.0,0.0,0
0.20149253731343283,0.0,0.5908616269262927,-0.29954005264107486,2.0,0.0,0.0,0.0,1.0,0.0,0.0,0.0,0.0,1.0,0.0,0.0,1.0,1
-1.462686567164179,0.5,-0.5850753206975459,-0.9517853869911875,-1.0,0.0,0.0,1.0,0.0,0.0,0.0,1.0,0.0,0.0,0.0,1.0,0.0,0
0.1791044776119403,-1.0,-0.2145362517491175,0.7403583052241431,-1.0,0.0,0.0,1.0,0.0,0.0,0.0,0.0,1.0,0.0,1.0,0.0,0.0,0
1.2313432835820894,0.5,0.03643242567521148,-0.454272948295878,-1.0,0.0,0.0,1.0,0.0,1.0,0.0,0.0,0.0,0.0,1.0,0.0,0.0,0
-0.5783582089552238,0.5,-0.6190062002698362,-0.6964489047892398,1.0,1.0,0.0,0.0,1.0,1.0,0.0,0.0,0.0,0.0,0.0,1.0,0.0,0
0.664179104477612,2.0,-0.4629706044029071,-0.3113840639531748,-1.0,0.0,0.0,1.0,0.0,1.0,0.0,0.0,0.0,0.0,0.0,0.0,1.0,1
-0.2462686567164179,-0.5,1.8820259463720548,1.0276890834293282,1.0,0.0,0.0,1.0,0.0,0.0,0.0,1.0,0.0,0.0,0.0,1.0,0.0,0
0.07462686567164178,0.0,-0.23334901161708507,0.5090312737355008,0.0,0.0,0.0,1.0,0.0,1.0,0.0,0.0,0.0,0.0,1.0,0.0,0.0,0
0.048507462686567165,0.5,-0.1732191466259383,-1.0473765056912239,2.0,0.0,0.0,0.0,1.0,0.0,1.0,0.0,0.0,0.0,1.0,0.0,0.0,1
-1.373134328358209,0.5,0.4106680072249564,-0.5071166300401648,-1.0,0.0,0.0,1.0,0.0,1.0,0.0,0.0,0.0,0.0,0.0,1.0,0.0,1
0.5783582089552238,0.0,0.1331748158435438,1.051026668208587,1.0,0.0,0.0,1.0,0.0,1.0,0.0,0.0,0.0,0.0,0.0,0.0,1.0,1
0.373134328358209,-0.5,-0.26931670562870036,1.4747860013379983,0.0,0.0,0.0,1.0,0.0,0.0,0.0,1.0,0.0,0.0,0.0,1.0,0.0,1
0.1455223880597015,0.0,-0.3621807146849477,0.5414796761079497,0.0,0.0,0.0,1.0,0.0,0.0,0.0,1.0,0.0,0.0,1.0,0.0,0.0,0
0.48880597014925375,-0.5,-0.5445698421593251,1.6062324760895115,1.0,0.0,0.0,1.0,0.0,1.0,0.0,0.0,0.0,0.0,0.0,1.0,0.0,1
-0.04477611940298507,-1.0,1.1793885381793465,-0.796229271659051,1.0,0.0,0.0,1.0,0.0,0.0,1.0,0.0,0.0,0.0,1.0,0.0,0.0,0
0.018656716417910446,-0.5,-0.43667317590044347,0.3271514315489198,1.0,0.0,0.0,0.0,1.0,0.0,1.0,0.0,0.0,0.0,1.0,0.0,0.0,0
-1.6194029850746268,2.0,0.6270196416068569,0.41249397225724277,0.0,0.0,0.0,1.0,0.0,0.0,0.0,1.0,0.0,0.0,0.0,1.0,0.0,1
0.07835820895522388,-0.5,-0.15135052205583904,0.7296900306060222,1.0,1.0,0.0,1.0,0.0,0.0,0.0,1.0,0.0,0.0,1.0,0.0,0.0,0
-0.8171641791044776,0.0,-0.3491165042580409,-0.015074688102961191,2.0,0.0,0.0,1.0,0.0,0.0,1.0,0.0,0.0,0.0,1.0,0.0,0.0,1
-0.4701492537313433,-1.5,-0.03034726413441208,0.36335148618668645,-1.0,1.0,0.0,1.0,0.0,1.0,0.0,0.0,0.0,0.0,1.0,0.0,0.0,0
0.2462686567164179,1.0,-0.3995037887903727,-0.37270256356796383,1.0,0.0,0.0,0.0,1.0,1.0,0.0,0.0,0.0,0.0,0.0,1.0,0.0,0
0.373134328358209,-1.5,0.25264637705445003,-0.750374195044621,0.0,0.0,0.0,1.0,0.0,1.0,0.0,0.0,0.0,0.0,0.0,0.0,1.0,0
0.1791044776119403,0.5,1.956458154188463,-0.7335913466477602,2.0,0.0,0.0,1.0,0.0,1.0,0.0,0.0,0.0,0.0,0.0,1.0,0.0,1
-0.8059701492537313,1.0,-0.20954219010505765,0.2188036733658855,0.0,0.0,0.0,1.0,0.0,1.0,0.0,0.0,0.0,0.0,1.0,0.0,0.0,0
1.0746268656716418,-1.0,0.35367473686348044,-0.23800783710111173,0.0,0.0,0.0,1.0,0.0,0.0,0.0,1.0,0.0,0.0,1.0,0.0,0.0,0
-0.917910447761194,0.5,2.4181846470111656,0.03149273669905129,1.0,0.0,0.0,0.0,1.0,0.0,0.0,1.0,0.0,0.0,0.0,1.0,0.0,0
1.4179104477611941,0.0,-0.28596648858660384,0.7913388143779166,0.0,0.0,0.0,0.0,1.0,0.0,1.0,0.0,0.0,0.0,1.0,0.0,0.0,0
0.10820895522388059,2.5,-0.6207537020613957,-0.18221525366969285,1.0,0.0,0.0,1.0,0.0,1.0,0.0,0.0,0.0,0.0,1.0,0.0,0.0,1
-1.5671641791044777,0.5,-0.5348889220127689,1.2176750656988955,2.0,1.0,0.0,1.0,0.0,0.0,0.0,1.0,0.0,0.0,0.0,1.0,0.0,1
-0.6007462686567164,1.5,0.1981113371373302,-0.2348215871278088,1.0,1.0,0.0,1.0,0.0,1.0,0.0,0.0,0.0,0.0,0.0,1.0,0.0,1
0.8059701492537313,-1.0,0.21260839975052237,0.18607076738977588,-1.0,0.0,0.0,1.0,0.0,1.0,0.0,0.0,0.0,0.0,1.0,0.0,0.0,0
-0.5261194029850746,-1.0,-0.4856929820411554,0.0720216824954738,1.0,0.0,0.0,0.0,1.0,0.0,0.0,0.0,1.0,0.0,0.0,1.0,0.0,0
0.08582089552238806,0.5,-0.3244867237709474,-0.5438628477943012,2.0,0.0,0.0,1.0,0.0,0.0,1.0,0.0,0.0,0.0,1.0,0.0,0.0,1
-0.6156716417910447,0.0,-0.5266758113716326,0.47273587853205773,-1.0,1.0,0.0,0.0,1.0,1.0,0.0,0.0,0.0,0.0,1.0,0.0,0.0,0
-0.8731343283582089,1.0,-0.3133620655779917,0.505948103636563,3.0,0.0,0.0,0.0,1.0,1.0,0.0,0.0,0.0,0.0,1.0,0.0,0.0,1
-0.1417910447761194,-1.0,-0.5971414473645679,1.1542119755183884,1.0,1.0,0.0,1.0,0.0,0.0,0.0,1.0,0.0,0.0,0.0,1.0,0.0,1
-0.8134328358208955,-0.5,0.006280501383204449,0.2302121382147624,1.0,0.0,0.0,1.0,0.0,0.0,0.0,1.0,0.0,0.0,1.0,0.0,0.0,0
0.503731343283582,1.0,0.4188536240145656,0.23425064832122955,-1.0,0.0,0.0,1.0,0.0,1.0,0.0,0.0,0.0,0.0,0.0,0.0,1.0,0
1.208955223880597,-1.5,3.2028664039747157,-0.5517870754133245,0.0,1.0,0.0,1.0,0.0,1.0,0.0,0.0,0.0,0.0,1.0,0.0,0.0,1
-0.018656716417910446,-0.5,0.9828262813173783,0.6135298560275718,0.0,0.0,0.0,1.0,0.0,1.0,0.0,0.0,0.0,0.0,1.0,0.0,0.0,0
-0.44029850746268656,-0.5,-0.29397941827980956,-0.9793105137744547,1.0,0.0,0.0,1.0,0.0,0.0,0.0,1.0,0.0,0.0,1.0,0.0,0.0,0
-0.4291044776119403,1.0,0.9871031013531811,-0.04430997350998118,-1.0,0.0,0.0,1.0,0.0,1.0,0.0,0.0,0.0,0.0,1.0,0.0,0.0,0
0.44402985074626866,-1.5,2.072509887223774,-0.38214305888663497,-1.0,0.0,0.0,1.0,0.0,0.0,0.0,0.0,0.0,1.0,1.0,0.0,0.0,0
-0.5410447761194029,0.5,2.0848190055226263,-0.6071752878048513,0.0,0.0,0.0,1.0,0.0,0.0,0.0,0.0,1.0,0.0,1.0,0.0,0.0,0
0.029850746268656716,0.0,0.06362228503674422,-0.3351832233231436,0.0,0.0,0.0,0.0,1.0,1.0,0.0,0.0,0.0,0.0,1.0,0.0,0.0,1
-0.8097014925373134,-0.5,-0.5051295562994051,1.2919931266788527,0.0,0.0,0.0,1.0,0.0,1.0,0.0,0.0,0.0,0.0,1.0,0.0,0.0,1
-0.21641791044776118,-0.5,-0.5535095184829402,1.4538052847134904,-1.0,1.0,1.0,0.0,0.0,0.0,0.0,1.0,0.0,0.0,0.0,0.0,1.0,1
0.40298507462686567,0.5,-0.36218286274588996,-0.6547058177388421,0.0,0.0,0.0,1.0,0.0,1.0,0.0,0.0,0.0,0.0,1.0,0.0,0.0,1
0.5186567164179104,-0.5,0.6240136923607756,0.05752286454201894,1.0,0.0,0.0,1.0,0.0,1.0,0.0,0.0,0.0,0.0,1.0,0.0,0.0,0
-0.22761194029850745,-1.0,-0.1912311053857253,0.6928228581044942,0.0,0.0,0.0,1.0,0.0,1.0,0.0,0.0,0.0,0.0,0.0,1.0,0.0,1
0.4664179104477612,0.5,0.7828173572079115,-0.6410865446433027,1.0,0.0,0.0,1.0,0.0,1.0,0.0,0.0,0.0,0.0,0.0,0.0,1.0,0
1.1417910447761195,1.5,0.554405593717918,-0.28208818604935604,3.0,0.0,0.0,0.0,1.0,0.0,0.0,1.0,0.0,0.0,1.0,0.0,0.0,1
-0.08582089552238806,2.0,-0.5802068114845552,0.48693118092374865,0.0,0.0,0.0,0.0,1.0,1.0,0.0,0.0,0.0,0.0,1.0,0.0,0.0,1
0.3805970149253731,0.5,-0.4919349771148451,0.637913814772511,1.0,1.0,0.0,0.0,1.0,0.0,0.0,1.0,0.0,0.0,1.0,0.0,0.0,0
0.3246268656716418,0.5,0.708773505379692,0.42471401195907904,1.0,0.0,0.0,1.0,0.0,1.0,0.0,0.0,0.0,0.0,1.0,0.0,0.0,0
0.5149253731343284,1.5,0.06353631254790665,-0.18829765572805499,0.0,0.0,0.0,0.0,1.0,1.0,0.0,0.0,0.0,0.0,0.0,1.0,0.0,1
-0.44776119402985076,2.0,-0.14981428239417047,0.11475354740312604,0.0,0.0,0.0,1.0,0.0,1.0,0.0,0.0,0.0,0.0,0.0,0.0,1.0,1
0.332089552238806,0.5,-0.3109571879153079,0.5296850934394906,1.0,0.0,0.0,1.0,0.0,1.0,0.0,0.0,0.0,0.0,0.0,1.0,0.0,0
-0.5932835820895522,-0.5,-0.45578815347732776,0.35594290880650564,1.0,0.0,0.0,1.0,0.0,0.0,0.0,1.0,0.0,0.0,0.0,1.0,0.0,0
-0.6268656716417911,1.0,-0.4386132092601699,0.13946421983391136,-1.0,0.0,0.0,1.0,0.0,0.0,1.0,0.0,0.0,0.0,0.0,1.0,0.0,1
-0.8619402985074627,-1.5,1.3109798928917828,0.5920797591221608,0.0,0.0,0.0,1.0,0.0,1.0,0.0,0.0,0.0,0.0,1.0,0.0,0.0,0
0.3208955223880597,-1.5,2.1085125114079135,-0.8747340245195344,1.0,0.0,0.0,0.0,1.0,0.0,1.0,0.0,0.0,0.0,0.0,1.0,0.0,0
0.9626865671641791,0.5,-0.002255071354088129,-0.11329401316965199,-1.0,0.0,0.0,0.0,1.0,0.0,0.0,0.0,0.0,1.0,1.0,0.0,0.0,1
0.25,2.5,1.6116060801045573,0.20317876125026035,2.0,0.0,0.0,0.0,1.0,1.0,0.0,0.0,0.0,0.0,1.0,0.0,0.0,1
1.0298507462686568,1.0,-0.13247626302923696,0.6693569939031985,0.0,0.0,0.0,0.0,1.0,0.0,1.0,0.0,0.0,0.0,0.0,1.0,0.0,0
0.8955223880597015,-0.5,-0.3927888447151488,-0.7122710280542602,-1.0,1.0,0.0,1.0,0.0,1.0,0.0,0.0,0.0,0.0,1.0,0.0,0.0,0
1.7682089552238844,0.5,-0.020832632620910205,1.0192893538240453,0.0,1.0,0.0,1.0,0.0,0.0,0.0,1.0,0.0,0.0,1.0,0.0,0.0,0
0.6156716417910447,1.5,-0.39571093812928143,0.04077407042707186,1.0,0.0,0.0,1.0,0.0,0.0,0.0,1.0,0.0,0.0,1.0,0.0,0.0,1
1.3470149253731343,-0.5,0.8199905257797464,-0.816856897465022,1.0,0.0,0.0,1.0,0.0,0.0,1.0,0.0,0.0,0.0,1.0,0.0,0.0,0
1.3880597014925373,-1.0,0.1409738944349808,-0.16082210225270818,0.0,0.0,0.0,0.0,1.0,1.0,0.0,0.0,0.0,0.0,0.0,1.0,0.0,1
-0.3208955223880597,-1.5,-0.05829600613020541,0.8611988939864801,2.0,0.0,0.0,1.0,0.0,0.0,0.0,0.0,0.0,1.0,0.0,1.0,0.0,1
-0.667910447761194,0.0,-0.6037148669350872,-0.3780519450356926,0.0,0.0,0.0,1.0,0.0,1.0,0.0,0.0,0.0,0.0,1.0,0.0,0.0,0
0.48880597014925375,0.0,0.935708393819712,0.9163659928048271,3.0,1.0,0.0,1.0,0.0,1.0,0.0,0.0,0.0,0.0,0.0,1.0,0.0,1
-0.19776119402985073,-0.5,-0.39001115075891873,0.07614525355207463,1.0,0.0,0.0,1.0,0.0,1.0,0.0,0.0,0.0,0.0,0.0,1.0,0.0,1
0.2574626865671642,-1.0,-0.15024840711730894,-0.5061511437589905,-1.0,0.0,0.0,1.0,0.0,0.0,1.0,0.0,0.0,0.0,1.0,0.0,0.0,0
0.291044776119403,-0.5,-0.6217278394225659,-0.4671991035928529,0.0,0.0,0.0,0.0,1.0,1.0,0.0,0.0,0.0,0.0,1.0,0.0,0.0,0
1.0298507462686568,0.0,-0.09374390922198056,-0.8879017889546935,-1.0,0.0,0.0,1.0,0.0,1.0,0.0,0.0,0.0,0.0,1.0,0.0,0.0,0
0.376865671641791,-1.0,0.2775725246907655,-0.20082663283260396,1.0,0.0,0.0,1.0,0.0,1.0,0.0,0.0,0.0,0.0,1.0,0.0,0.0,0
0.20522388059701493,1.0,0.5761272572468715,0.5453643643254515,1.0,0.0,0.0,0.0,1.0,1.0,0.0,0.0,0.0,0.0,0.0,0.0,1.0,0
0.4552238805970149,-1.0,1.7304932472496393,1.7040069801635809,-1.0,0.0,0.0,1.0,0.0,1.0,0.0,0.0,0.0,0.0,1.0,0.0,0.0,1
-1.3992537313432836,1.5,-0.6117072009518366,-0.01481718545327146,1.0,0.0,0.0,0.0,1.0,0.0,0.0,0.0,0.0,1.0,1.0,0.0,0.0,1
-1.164179104477612,-0.5,-0.48775778488111277,-0.5195108283847227,-1.0,1.0,0.0,1.0,0.0,0.0,1.0,0.0,0.0,0.0,0.0,1.0,0.0,0
0.026119402985074626,-0.5,-0.6217278394225659,1.5164720697164347,-1.0,0.0,0.0,0.0,1.0,0.0,0.0,0.0,0.0,1.0,1.0,0.0,0.0,1
1.7537313432835822,-1.0,0.183322485632119,0.40110003739693934,1.0,0.0,0.0,1.0,0.0,0.0,1.0,0.0,0.0,0.0,1.0,0.0,0.0,0
0.8395522388059702,0.0,-0.5620117198615189,0.12963831793912237,-1.0,0.0,0.0,1.0,0.0,0.0,0.0,1.0,0.0,0.0,1.0,0.0,0.0,0
-0.1791044776119403,-0.5,-0.18702535140920218,-0.4552689437581851,0.0,0.0,0.0,1.0,0.0,0.0,1.0,0.0,0.0,0.0,1.0,0.0,0.0,0
0.8544776119402985,-0.5,-0.03469898100534466,-0.7863700754085478,1.0,0.0,0.0,1.0,0.0,1.0,0.0,0.0,0.0,0.0,1.0,0.0,0.0,0
-0.6231343283582089,-1.0,-0.5821243483957694,0.30106297320203235,1.0,0.0,0.0,1.0,0.0,1.0,0.0,0.0,0.0,0.0,1.0,0.0,0.0,0
-0.2835820895522388,-0.5,3.488464304680498,0.8538523213342617,0.0,1.0,0.0,1.0,0.0,1.0,0.0,0.0,0.0,0.0,1.0,0.0,0.0,1
0.3656716417910448,2.5,0.015620425459687837,0.15013958899441082,1.0,0.0,0.0,1.0,0.0,0.0,0.0,0.0,1.0,0.0,1.0,0.0,0.0,1
0.832089552238806,-1.0,2.817665225380858,0.8561590049812084,-1.0,1.0,0.0,0.0,1.0,1.0,0.0,0.0,0.0,0.0,0.0,1.0,0.0,1
0.13059701492537312,1.5,1.208564801948419,0.038445073169727416,2.0,0.0,0.0,0.0,1.0,1.0,0.0,0.0,0.0,0.0,1.0,0.0,0.0,1
0.6343283582089553,1.0,0.27578670651491444,-0.35005160532052865,2.0,0.0,0.0,1.0,0.0,1.0,0.0,0.0,0.0,0.0,0.0,1.0,0.0,1
1.7682089552238844,-1.5,-0.5138108205957586,-0.6185575483423381,2.0,0.0,0.0,0.0,1.0,0.0,0.0,1.0,0.0,0.0,0.0,1.0,0.0,1
-0.4701492537313433,-0.5,-0.5976622865746534,0.8084499459257338,1.0,0.0,0.0,1.0,0.0,0.0,0.0,0.0,0.0,1.0,0.0,0.0,1.0,0
0.5074626865671642,0.0,-0.3740585258391557,-0.3305698425793807,1.0,0.0,0.0,1.0,0.0,1.0,0.0,0.0,0.0,0.0,0.0,0.0,1.0,0
0.7052238805970149,0.0,-0.12640144506624995,0.29114161295293467,1.0,0.0,0.0,0.0,1.0,1.0,0.0,0.0,0.0,0.0,1.0,0.0,0.0,0
-0.835820895522388,0.5,0.32512613494259707,-0.892665570099258,0.0,0.0,0.0,1.0,0.0,0.0,1.0,0.0,0.0,0.0,1.0,0.0,0.0,0
-0.007462686567164179,-0.5,1.3209048483370118,0.5153582166285868,1.0,0.0,0.0,1.0,0.0,0.0,0.0,0.0,0.0,1.0,0.0,1.0,0.0,1
-0.5559701492537313,2.0,0.10797760246695545,-0.27162032333572894,0.0,0.0,0.0,1.0,0.0,1.0,0.0,0.0,0.0,0.0,1.0,0.0,0.0,1
-0.029850746268656716,0.5,-0.4508717816565926,0.2945340278431021,2.0,0.0,0.0,1.0,0.0,0.0,1.0,0.0,0.0,0.0,0.0,1.0,0.0,1
-1.1305970149253732,-0.5,1.3507615586240107,0.34414340229956797,2.0,1.0,0.0,1.0,0.0,0.0,0.0,0.0,1.0,0.0,1.0,0.0,0.0,1
-0.8059701492537313,0.5,-0.15158806075011727,0.08347901883889919,2.0,0.0,0.0,1.0,0.0,0.0,0.0,1.0,0.0,0.0,1.0,0.0,0.0,1
-0.08955223880597014,-1.0,-0.5473631305652092,-0.8144828098294394,0.0,0.0,0.0,1.0,0.0,1.0,0.0,0.0,0.0,0.0,1.0,0.0,0.0,0
-0.376865671641791,0.5,-0.47125753741292215,1.4738960754017336,-1.0,0.0,0.0,1.0,0.0,0.0,0.0,0.0,1.0,0.0,0.0,1.0,0.0,1
-0.13805970149253732,-0.5,1.2397333527735135,-0.8488467685708541,0.0,0.0,0.0,1.0,0.0,0.0,1.0,0.0,0.0,0.0,0.0,1.0,0.0,1
-0.9253731343283582,1.5,-0.35078954341466884,1.0469257660226035,0.0,1.0,0.0,1.0,0.0,1.0,0.0,0.0,0.0,0.0,0.0,1.0,0.0,1
0.664179104477612,-0.5,-0.5368448555904799,-0.5934803119069771,-1.0,0.0,0.0,1.0,0.0,0.0,0.0,1.0,0.0,0.0,0.0,1.0,0.0,0
1.2686567164179106,2.5,0.42621925657305704,0.5555504079368673,-1.0,0.0,0.0,1.0,0.0,0.0,1.0,0.0,0.0,0.0,0.0,1.0,0.0,1
0.08582089552238806,-1.5,0.5517306951502872,0.8932059619385775,-1.0,0.0,0.0,1.0,0.0,1.0,0.0,0.0,0.0,0.0,1.0,0.0,0.0,0
0.17537313432835822,0.5,2.0266166361765277,0.8595780620237851,1.0,0.0,0.0,1.0,0.0,1.0,0.0,0.0,0.0,0.0,0.0,1.0,0.0,0
0.5186567164179104,0.0,-0.06945668588172967,-0.04984601653819516,2.0,0.0,0.0,1.0,0.0,0.0,0.0,1.0,0.0,0.0,0.0,1.0,0.0,1
0.6305970149253731,0.0,0.6881431624658886,-0.14698970316861734,0.0,0.0,0.0,1.0,0.0,1.0,0.0,0.0,0.0,0.0,1.0,0.0,0.0,0
-0.332089552238806,-1.0,-0.048217076207094596,0.6721635090180693,2.0,0.0,0.0,1.0,0.0,0.0,1.0,0.0,0.0,0.0,1.0,0.0,0.0,1
-0.26865671641791045,0.5,-0.10200549418225928,0.8566103403260028,-1.0,0.0,0.0,1.0,0.0,0.0,1.0,0.0,0.0,0.0,0.0,1.0,0.0,1
-0.6529850746268657,1.0,0.595063712331354,-0.2972742924302597,0.0,0.0,0.0,1.0,0.0,1.0,0.0,0.0,0.0,0.0,1.0,0.0,0.0,0
0.19776119402985073,0.5,-0.38796338749533593,0.18244962765847006,-1.0,0.0,0.0,1.0,0.0,0.0,0.0,0.0,1.0,0.0,1.0,0.0,0.0,1
-0.11567164179104478,-0.5,-0.6184304169180015,0.15041596193046816,1.0,0.0,0.0,1.0,0.0,0.0,0.0,1.0,0.0,0.0,0.0,1.0,0.0,0
0.8880597014925373,0.0,-0.006198030234556199,0.5850997936682809,2.0,0.0,0.0,1.0,0.0,1.0,0.0,0.0,0.0,0.0,1.0,0.0,0.0,1
-0.5597014925373134,-1.5,0.37578448964059863,0.621464756054258,0.0,0.0,0.0,1.0,0.0,0.0,1.0,0.0,0.0,0.0,1.0,0.0,0.0,0
-1.1753731343283582,-1.0,-0.6008207200675589,0.37519610617343063,0.0,0.0,1.0,0.0,0.0,0.0,1.0,0.0,0.0,0.0,0.0,0.0,1.0,0
-0.39552238805970147,0.5,0.8586313271872554,1.1663054508110158,3.0,0.0,0.0,1.0,0.0,0.0,1.0,0.0,0.0,0.0,0.0,1.0,0.0,1
-0.2126865671641791,-0.5,-0.27969141022106786,1.7206757969526445,-1.0,1.0,0.0,1.0,0.0,1.0,0.0,0.0,0.0,0.0,0.0,1.0,0.0,1
-0.7313432835820896,0.5,-0.27426475225740354,0.8961086865593092,1.0,0.0,0.0,1.0,0.0,0.0,0.0,1.0,0.0,0.0,0.0,0.0,1.0,0
-0.24253731343283583,-0.5,0.5236850548818895,0.4744532454580235,1.0,0.0,0.0,1.0,0.0,1.0,0.0,0.0,0.0,0.0,1.0,0.0,0.0,0
0.5335820895522388,0.0,0.21429911694393303,-0.13957859390423086,1.0,0.0,0.0,1.0,0.0,0.0,1.0,0.0,0.0,0.0,1.0,0.0,0.0,0
-0.44776119402985076,0.5,-0.56776004698226,1.4285438421620145,0.0,0.0,0.0,1.0,0.0,0.0,1.0,0.0,0.0,0.0,1.0,0.0,0.0,1
-1.5485074626865671,1.0,0.48132615708254706,-0.23992971964445262,1.0,0.0,0.0,1.0,0.0,0.0,1.0,0.0,0.0,0.0,1.0,0.0,0.0,1
-0.6940298507462687,0.0,1.2662863595039038,-0.2959381165603919,0.0,0.0,0.0,1.0,0.0,1.0,0.0,0.0,0.0,0.0,1.0,0.0,0.0,0
-0.458955223880597,0.0,1.2163486423522232,-0.823395104363562,0.0,0.0,0.0,1.0,0.0,0.0,0.0,0.0,0.0,1.0,0.0,1.0,0.0,1
0.30223880597014924,0.5,-0.05824080286686905,-0.9080852898225563,1.0,0.0,0.0,1.0,0.0,1.0,0.0,0.0,0.0,0.0,1.0,0.0,0.0,0
1.7682089552238844,1.0,-0.10730303403816464,-0.016264128751278712,1.0,1.0,0.0,1.0,0.0,1.0,0.0,0.0,0.0,0.0,0.0,1.0,0.0,0
-0.582089552238806,1.0,0.044181344491994,-0.07210905116324229,-1.0,0.0,0.0,1.0,0.0,1.0,0.0,0.0,0.0,0.0,1.0,0.0,0.0,0
0.5708955223880597,1.0,-0.33399283671095475,0.23064110444178546,1.0,0.0,0.0,1.0,0.0,1.0,0.0,0.0,0.0,0.0,0.0,0.0,1.0,0
0.5149253731343284,1.0,0.17647135974377912,0.5926568366101281,1.0,0.0,0.0,0.0,1.0,0.0,0.0,1.0,0.0,0.0,1.0,0.0,0.0,0
-0.5261194029850746,1.5,-0.6020599709254659,-0.2580411716976725,-1.0,0.0,0.0,1.0,0.0,0.0,1.0,0.0,0.0,0.0,0.0,1.0,0.0,1
0.8992537313432836,0.0,0.4056973688137879,-0.5369961845438772,1.0,0.0,0.0,1.0,0.0,1.0,0.0,0.0,0.0,0.0,1.0,0.0,0.0,0
-0.376865671641791,-0.5,-0.22600528441251616,-0.5432871332984653,0.0,1.0,0.0,1.0,0.0,1.0,0.0,0.0,0.0,0.0,1.0,0.0,0.0,0
0.664179104477612,-0.5,-0.19249296000106478,0.7447700794958202,0.0,0.0,0.0,1.0,0.0,0.0,1.0,0.0,0.0,0.0,1.0,0.0,0.0,0
-1.6194029850746268,0.5,0.9929771863832241,-0.6103284478090567,2.0,0.0,0.0,1.0,0.0,1.0,0.0,0.0,0.0,0.0,1.0,0.0,0.0,1
0.9253731343283582,1.5,-0.2698757963531883,-0.4711517875963945,2.0,0.0,0.0,1.0,0.0,1.0,0.0,0.0,0.0,0.0,0.0,1.0,0.0,1
-1.0037313432835822,-0.5,-0.06019907017035565,0.5598619075245815,0.0,0.0,0.0,1.0,0.0,1.0,0.0,0.0,0.0,0.0,1.0,0.0,0.0,0
-0.7835820895522388,0.5,0.2339818829413347,-0.9603902736387431,1.0,0.0,0.0,1.0,0.0,1.0,0.0,0.0,0.0,0.0,0.0,0.0,1.0,0
-0.048507462686567165,0.5,0.9072787988405124,-0.7329687465135755,0.0,1.0,1.0,0.0,0.0,0.0,1.0,0.0,0.0,0.0,1.0,0.0,0.0,0
-0.585820895522388,-0.5,-0.3752628594052008,0.04648797716763792,0.0,0.0,0.0,0.0,1.0,1.0,0.0,0.0,0.0,0.0,1.0,0.0,0.0,0
-0.041044776119402986,-0.5,-0.5963441548097295,-0.29199834073518044,2.0,1.0,0.0,1.0,0.0,0.0,1.0,0.0,0.0,0.0,0.0,0.0,1.0,1
0.3582089552238806,0.0,0.08152785023279513,1.7206757969526445,1.0,0.0,0.0,1.0,0.0,1.0,0.0,0.0,0.0,0.0,1.0,0.0,0.0,1
1.2649253731343284,1.5,1.727524693154477,-1.0253234504660715,2.0,0.0,0.0,1.0,0.0,1.0,0.0,0.0,0.0,0.0,1.0,0.0,0.0,1
-0.26492537313432835,1.0,-0.5891156129025039,-0.077641723351665,1.0,0.0,0.0,1.0,0.0,1.0,0.0,0.0,0.0,0.0,1.0,0.0,0.0,0
0.3582089552238806,0.0,0.7339236112962374,-0.5102985266144516,-1.0,0.0,0.0,0.0,1.0,1.0,0.0,0.0,0.0,0.0,0.0,1.0,0.0,1
1.5708955223880596,-1.0,0.22102154130956714,-0.2055667803853528,-1.0,0.0,0.0,1.0,0.0,0.0,0.0,1.0,0.0,0.0,1.0,0.0,0.0,0
-0.48134328358208955,-0.5,0.9387473297832227,0.7430060985861101,0.0,0.0,0.0,1.0,0.0,1.0,0.0,0.0,0.0,0.0,1.0,0.0,0.0,0
-0.011194029850746268,-1.5,-0.37804823370705465,1.1480333968573633,1.0,0.0,0.0,1.0,0.0,0.0,0.0,1.0,0.0,0.0,0.0,0.0,1.0,1
-1.037313432835821,-0.5,0.6464566811595843,-0.45539899088420754,0.0,0.0,0.0,1.0,0.0,1.0,0.0,0.0,0.0,0.0,0.0,0.0,1.0,0
0.291044776119403,1.0,0.623882999372009,0.4536841385827981,0.0,0.0,0.0,1.0,0.0,1.0,0.0,0.0,0.0,0.0,1.0,0.0,0.0,0
-0.6716417910447762,0.0,0.4590331753595438,-0.3420503185027119,1.0,0.0,0.0,1.0,0.0,1.0,0.0,0.0,0.0,0.0,0.0,1.0,0.0,0
-0.011194029850746268,-1.0,1.1437892524673854,-0.7771176853296807,1.0,0.0,0.0,1.0,0.0,0.0,1.0,0.0,0.0,0.0,1.0,0.0,0.0,0
0.7947761194029851,0.5,-0.3782491237247196,-0.4590046817766279,0.0,0.0,0.0,0.0,1.0,1.0,0.0,0.0,0.0,0.0,0.0,0.0,1.0,0
-1.0,2.0,0.12376630290515465,1.322967315108053,0.0,0.0,0.0,1.0,0.0,1.0,0.0,0.0,0.0,0.0,1.0,0.0,0.0,1
0.5298507462686567,-0.5,-0.11861536312231172,-0.4284593991776613,1.0,0.0,0.0,1.0,0.0,1.0,0.0,0.0,0.0,0.0,0.0,1.0,0.0,1
0.6716417910447762,0.5,2.4235833285526955,-0.7188035097680484,0.0,0.0,0.0,1.0,0.0,0.0,0.0,0.0,0.0,1.0,0.0,1.0,0.0,1
-0.13059701492537312,1.0,-0.542251972139837,0.5620538616686149,1.0,0.0,0.0,1.0,0.0,1.0,0.0,0.0,0.0,0.0,0.0,0.0,1.0,0
-0.2873134328358209,0.5,1.8983166091403454,-0.8358836330927778,0.0,0.0,0.0,1.0,0.0,1.0,0.0,0.0,0.0,0.0,0.0,1.0,0.0,0
-0.75,-0.5,-0.15143187857756352,-0.5510112854554297,2.0,0.0,0.0,0.0,1.0,1.0,0.0,0.0,0.0,0.0,0.0,0.0,1.0,1
-0.06716417910447761,-0.5,0.6318674128156436,0.12100449447923332,0.0,0.0,0.0,1.0,0.0,0.0,1.0,0.0,0.0,0.0,1.0,0.0,0.0,0
-0.9888059701492538,0.0,-0.5143644699712316,-0.961547517009666,0.0,0.0,0.0,1.0,0.0,1.0,0.0,0.0,0.0,0.0,0.0,1.0,0.0,0
1.492537313432836,0.5,0.24694702141597322,-0.5374369006393559,1.0,0.0,0.0,0.0,1.0,0.0,0.0,0.0,0.0,1.0,0.0,1.0,0.0,1
-0.26119402985074625,-1.0,-0.12136484266962193,-0.010659568918404689,0.0,0.0,0.0,1.0,0.0,1.0,0.0,0.0,0.0,0.0,1.0,0.0,0.0,0
-0.9813432835820896,1.0,-0.5178693336304104,0.36035920416629197,1.0,0.0,0.0,0.0,1.0,1.0,0.0,0.0,0.0,0.0,1.0,0.0,0.0,0
-0.373134328358209,1.0,-0.4052250860458689,-0.37561496034555153,0.0,0.0,0.0,0.0,1.0,1.0,0.0,0.0,0.0,0.0,1.0,0.0,0.0,0
0.667910447761194,-0.5,0.2790617648043533,-0.4486977628021934,1.0,0.0,0.0,0.0,1.0,1.0,0.0,0.0,0.0,0.0,1.0,0.0,0.0,0
-0.6082089552238806,0.5,-0.4957010993807521,-0.7662535039093801,-1.0,0.0,0.0,1.0,0.0,1.0,0.0,0.0,0.0,0.0,1.0,0.0,0.0,0
0.7201492537313433,0.5,-0.6036446294689345,0.2528419192766361,0.0,1.0,0.0,1.0,0.0,1.0,0.0,0.0,0.0,0.0,0.0,0.0,1.0,1
-0.17537313432835822,0.0,1.371080383666761,1.4891101254806263,0.0,0.0,0.0,1.0,0.0,0.0,0.0,1.0,0.0,0.0,1.0,0.0,0.0,1
0.5261194029850746,-1.5,0.5317442258436748,-0.03121181945066697,-1.0,0.0,0.0,0.0,1.0,0.0,0.0,0.0,0.0,1.0,0.0,0.0,1.0,0
0.35074626865671643,0.0,-0.3061461608049191,0.26855088000034516,1.0,0.0,0.0,1.0,0.0,0.0,0.0,1.0,0.0,0.0,0.0,1.0,0.0,0
-0.4664179104477612,2.5,-0.19482985919672746,-0.01668699115442217,-1.0,0.0,0.0,1.0,0.0,1.0,0.0,0.0,0.0,0.0,0.0,1.0,0.0,1
-0.7761194029850746,1.0,-0.24006789954849386,0.8237893849971204,0.0,0.0,0.0,0.0,1.0,1.0,0.0,0.0,0.0,0.0,0.0,0.0,1.0,0
0.458955223880597,2.0,1.1588827961252464,0.35046333043963984,0.0,0.0,0.0,1.0,0.0,1.0,0.0,0.0,0.0,0.0,0.0,1.0,0.0,1
1.0671641791044777,-1.0,0.6819780972172382,-0.04700506869187663,1.0,0.0,0.0,0.0,1.0,0.0,1.0,0.0,0.0,0.0,0.0,0.0,1.0,0
-1.1492537313432836,-1.0,-0.5563845228623564,0.4385738383961418,0.0,0.0,0.0,1.0,0.0,1.0,0.0,0.0,0.0,0.0,1.0,0.0,0.0,1
1.7682089552238844,0.0,0.3604152160811873,-0.44201919474784457,0.0,0.0,0.0,1.0,0.0,0.0,1.0,0.0,0.0,0.0,1.0,0.0,0.0,0
-0.9888059701492538,-1.5,-0.04513397833440506,-0.39983937318005774,1.0,0.0,0.0,1.0,0.0,1.0,0.0,0.0,0.0,0.0,1.0,0.0,0.0,0
1.3022388059701493,-1.5,-0.30338643590430636,0.3267227868242358,3.0,0.0,0.0,0.0,1.0,0.0,0.0,0.0,0.0,1.0,0.0,1.0,0.0,1
-0.5111940298507462,-1.0,0.6573093805606767,0.6699466737757978,0.0,0.0,0.0,1.0,0.0,1.0,0.0,0.0,0.0,0.0,0.0,1.0,0.0,0
0.7686567164179104,0.5,-0.40975656177744824,-0.6009520872223382,2.0,1.0,0.0,0.0,1.0,1.0,0.0,0.0,0.0,0.0,0.0,0.0,1.0,1
0.6977611940298507,1.5,0.27467866701291954,0.47515305850942985,2.0,0.0,0.0,0.0,1.0,1.0,0.0,0.0,0.0,0.0,0.0,0.0,1.0,1
-1.455223880597015,-1.5,2.706162695187154,-0.7845814867274963,2.0,0.0,0.0,1.0,0.0,0.0,1.0,0.0,0.0,0.0,0.0,0.0,1.0,1
-0.8656716417910447,-1.5,0.22976096704878063,-0.0055219331621240856,-1.0,0.0,0.0,1.0,0.0,1.0,0.0,0.0,0.0,0.0,0.0,1.0,0.0,0
0.3582089552238806,-0.5,-0.4716524659741797,0.4841926256377205,0.0,0.0,0.0,1.0,0.0,0.0,0.0,1.0,0.0,0.0,1.0,0.0,0.0,0
-0.6082089552238806,0.0,0.2669282241871282,0.36111734701885795,-1.0,0.0,0.0,1.0,0.0,0.0,0.0,0.0,1.0,0.0,1.0,0.0,0.0,0
0.19029850746268656,0.5,1.416917083427522,-0.8057941986707626,2.0,0.0,0.0,1.0,0.0,1.0,0.0,0.0,0.0,0.0,0.0,1.0,0.0,1
1.1305970149253732,0.0,0.4837690857181656,1.362504189729176,1.0,0.0,0.0,1.0,0.0,1.0,0.0,0.0,0.0,0.0,1.0,0.0,0.0,1
-0.5522388059701493,-1.0,0.1945760889811779,0.25817478693742835,2.0,0.0,0.0,1.0,0.0,1.0,0.0,0.0,0.0,0.0,0.0,0.0,1.0,1
-0.27238805970149255,-0.5,-0.2589079669108847,0.26097970700339085,0.0,0.0,0.0,0.0,1.0,1.0,0.0,0.0,0.0,0.0,1.0,0.0,0.0,0
0.9552238805970149,0.5,-0.45449189972287246,-0.24151425324956682,1.0,0.0,0.0,1.0,0.0,0.0,0.0,1.0,0.0,0.0,1.0,0.0,0.0,0
-0.30597014925373134,-0.5,0.12063144786508488,1.4516345400151291,-1.0,0.0,0.0,1.0,0.0,1.0,0.0,0.0,0.0,0.0,0.0,1.0,0.0,1
-0.6044776119402985,0.0,0.3400677551946073,-0.23340000396477859,1.0,0.0,0.0,1.0,0.0,0.0,1.0,0.0,0.0,0.0,1.0,0.0,0.0,0
0.8283582089552238,1.0,0.05573204718294544,0.25295504224679244,1.0,1.0,0.0,1.0,0.0,1.0,0.0,0.0,0.0,0.0,0.0,1.0,0.0,0
-0.029850746268656716,1.5,3.488464304680498,1.314761790343725,2.0,0.0,0.0,0.0,1.0,1.0,0.0,0.0,0.0,0.0,1.0,0.0,0.0,1
-0.5261194029850746,-0.5,-0.3475729382796703,0.22420330103806102,1.0,0.0,1.0,0.0,0.0,1.0,0.0,0.0,0.0,0.0,1.0,0.0,0.0,0
-0.1865671641791045,0.5,-0.13050160526089424,-0.07015890184145715,1.0,0.0,0.0,1.0,0.0,1.0,0.0,0.0,0.0,0.0,1.0,0.0,0.0,0
-0.05970149253731343,1.5,3.488464304680498,-0.7418406115169681,1.0,0.0,0.0,0.0,1.0,1.0,0.0,0.0,0.0,0.0,1.0,0.0,0.0,1
-0.27238805970149255,0.5,-0.31306278161838336,-0.8774783731856136,0.0,0.0,0.0,1.0,0.0,0.0,0.0,1.0,0.0,0.0,1.0,0.0,0.0,0
0.2537313432835821,0.0,0.2784061559355827,1.2055631545657626,0.0,0.0,0.0,1.0,0.0,1.0,0.0,0.0,0.0,0.0,1.0,0.0,0.0,1
-0.582089552238806,-1.0,2.1261615429899456,-0.6618867175450845,1.0,0.0,0.0,1.0,0.0,0.0,1.0,0.0,0.0,0.0,0.0,1.0,0.0,0
-0.31716417910447764,-1.0,-0.3817738110015283,0.19241767420955805,-1.0,0.0,0.0,0.0,1.0,1.0,0.0,0.0,0.0,0.0,0.0,1.0,0.0,0
-1.0708955223880596,0.0,0.27080197784285104,-0.3621639021149939,0.0,0.0,0.0,1.0,0.0,0.0,0.0,0.0,0.0,1.0,1.0,0.0,0.0,1
-0.6604477611940298,0.5,-0.3375751603378842,-0.2147555395082854,1.0,0.0,1.0,0.0,0.0,0.0,0.0,1.0,0.0,0.0,1.0,0.0,0.0,0
0.8880597014925373,0.5,-0.10572569272043428,-1.0317570868580042,1.0,1.0,0.0,1.0,0.0,0.0,1.0,0.0,0.0,0.0,0.0,1.0,0.0,0
-1.007462686567164,1.0,-0.5879018227726368,-0.10667701172138785,0.0,0.0,0.0,0.0,1.0,1.0,0.0,0.0,0.0,0.0,1.0,0.0,0.0,0
-1.2276119402985075,0.0,-0.4324280865290966,-0.9000686562881692,0.0,0.0,0.0,1.0,0.0,1.0,0.0,0.0,0.0,0.0,1.0,0.0,0.0,0
-0.3917910447761194,0.0,-0.35969959055487183,-0.37353257775800486,1.0,0.0,0.0,0.0,1.0,0.0,0.0,1.0,0.0,0.0,0.0,1.0,0.0,1
0.8768656716417911,-0.5,1.6049900843370613,-0.7527660047897847,0.0,0.0,0.0,1.0,0.0,0.0,0.0,1.0,0.0,0.0,1.0,0.0,0.0,0
0.6268656716417911,1.0,-0.37771885794641585,-0.46064568375438625,2.0,0.0,0.0,0.0,1.0,0.0,1.0,0.0,0.0,0.0,0.0,0.0,1.0,1
1.7682089552238844,-0.5,-0.22353563775584306,0.992483049215857,0.0,0.0,0.0,0.0,1.0,0.0,0.0,1.0,0.0,0.0,1.0,0.0,0.0,0
-0.10074626865671642,-0.5,0.45511662601354963,1.3590660381254458,0.0,1.0,0.0,1.0,0.0,0.0,1.0,0.0,0.0,0.0,1.0,0.0,0.0,1
0.3582089552238806,0.0,-0.5720536337644004,1.043290197806367,0.0,0.0,0.0,1.0,0.0,1.0,0.0,0.0,0.0,0.0,1.0,0.0,0.0,1
0.31343283582089554,0.5,0.3736225547398613,-0.10824938329440803,-1.0,1.0,0.0,1.0,0.0,1.0,0.0,0.0,0.0,0.0,1.0,0.0,0.0,0
-0.1791044776119403,-1.0,-0.11454199054887222,-0.11490475327015717,1.0,0.0,0.0,0.0,1.0,1.0,0.0,0.0,0.0,0.0,0.0,0.0,1.0,0
-0.1828358208955224,-0.5,-0.5614943702093468,-0.09794992336268218,0.0,0.0,0.0,1.0,0.0,1.0,0.0,0.0,0.0,0.0,1.0,0.0,0.0,0
1.414179104477612,0.0,-0.04247541433870635,-0.5034723415731105,-1.0,0.0,0.0,1.0,0.0,0.0,1.0,0.0,0.0,0.0,0.0,0.0,1.0,1
-0.10074626865671642,-1.5,-0.1365274608062614,-0.6824944187140687,1.0,0.0,0.0,1.0,0.0,1.0,0.0,0.0,0.0,0.0,0.0,1.0,0.0,1
-0.25,1.0,-0.58985296372071,-0.3146047858075018,0.0,0.0,0.0,1.0,0.0,0.0,0.0,1.0,0.0,0.0,1.0,0.0,0.0,1
-0.6380597014925373,-1.5,-0.5859242083449645,0.20989365443141123,2.0,0.0,0.0,1.0,0.0,1.0,0.0,0.0,0.0,0.0,1.0,0.0,0.0,1
-1.3171641791044777,-0.5,0.9408595798001413,-0.6152948680365451,1.0,0.0,0.0,1.0,0.0,0.0,0.0,1.0,0.0,0.0,0.0,0.0,1.0,0
0.029850746268656716,-0.5,0.10078911675236461,-1.0693196078992746,1.0,1.0,0.0,1.0,0.0,1.0,0.0,0.0,0.0,0.0,1.0,0.0,0.0,0
0.0708955223880597,0.5,0.05649938175212149,0.2203152851092991,2.0,0.0,0.0,1.0,0.0,0.0,1.0,0.0,0.0,0.0,1.0,0.0,0.0,1
0.41044776119402987,1.0,-0.28154524102630635,-0.004608902498239789,1.0,0.0,0.0,0.0,1.0,1.0,0.0,0.0,0.0,0.0,0.0,1.0,0.0,0
1.1492537313432836,0.0,-0.3518224991325167,-0.1213926846446747,0.0,0.0,0.0,0.0,1.0,0.0,1.0,0.0,0.0,0.0,1.0,0.0,0.0,0
-0.13059701492537312,0.5,-0.4592700717582833,-0.9115154182693976,1.0,0.0,0.0,0.0,1.0,1.0,0.0,0.0,0.0,0.0,0.0,1.0,0.0,0
-0.7350746268656716,1.5,1.9640424946854784,0.4548268299563867,0.0,0.0,0.0,1.0,0.0,0.0,0.0,1.0,0.0,0.0,1.0,0.0,0.0,1
-0.5,0.0,0.2445586724600357,1.5036070033783087,1.0,0.0,1.0,0.0,0.0,1.0,0.0,0.0,0.0,0.0,1.0,0.0,0.0,1
-0.9104477611940298,0.0,-0.34883440230369267,0.02198685491910802,0.0,0.0,0.0,1.0,0.0,0.0,1.0,0.0,0.0,0.0,0.0,0.0,1.0,0
-0.6044776119402985,1.5,1.9586721895355774,0.6321344301902787,0.0,0.0,0.0,1.0,0.0,1.0,0.0,0.0,0.0,0.0,0.0,1.0,0.0,1
0.2126865671641791,0.0,1.7350653438623083,-0.10293795538191373,0.0,0.0,0.0,1.0,0.0,0.0,0.0,1.0,0.0,0.0,1.0,0.0,0.0,0
-1.6194029850746268,-1.0,-0.09040764051862613,-0.08725580332112998,0.0,0.0,0.0,1.0,0.0,1.0,0.0,0.0,0.0,0.0,1.0,0.0,0.0,0
0.26492537313432835,-0.5,0.5108445557579961,0.40813508881373867,1.0,0.0,0.0,1.0,0.0,1.0,0.0,0.0,0.0,0.0,0.0,1.0,0.0,0
1.257462686567164,-1.5,-0.343299037067265,1.3646874481565598,-1.0,0.0,0.0,1.0,0.0,1.0,0.0,0.0,0.0,0.0,0.0,1.0,0.0,1
-1.6194029850746268,1.5,1.669631637794512,0.9488161973381035,1.0,0.0,0.0,1.0,0.0,0.0,0.0,0.0,1.0,0.0,0.0,1.0,0.0,1
0.27611940298507465,-1.5,-0.4084471991283779,-0.971512100787178,0.0,0.0,0.0,1.0,0.0,0.0,0.0,1.0,0.0,0.0,1.0,0.0,0.0,1
1.0,-1.5,-0.25545503906596484,-0.8396539994827625,1.0,1.0,0.0,1.0,0.0,0.0,1.0,0.0,0.0,0.0,0.0,1.0,0.0,0
0.503731343283582,0.0,2.446234842172319,0.49082543942481743,1.0,0.0,0.0,0.0,1.0,1.0,0.0,0.0,0.0,0.0,0.0,1.0,0.0,0
0.22014925373134328,-0.5,0.7428244472336099,-0.42867038209096886,0.0,0.0,0.0,1.0,0.0,1.0,0.0,0.0,0.0,0.0,1.0,0.0,0.0,0
0.5335820895522388,-1.0,0.407718988654384,0.06456635116691505,0.0,0.0,0.0,0.0,1.0,0.0,0.0,1.0,0.0,0.0,0.0,0.0,1.0,0
-0.6119402985074627,0.5,-0.049133581451065084,-0.7503781555459994,0.0,0.0,0.0,0.0,1.0,1.0,0.0,0.0,0.0,0.0,0.0,1.0,0.0,0
1.1529850746268657,-1.0,0.03787156430155972,-0.35771416091891234,-1.0,0.0,0.0,1.0,0.0,0.0,0.0,1.0,0.0,0.0,0.0,1.0,0.0,0
-0.6044776119402985,-0.5,0.27244499748245954,-0.9623204212572964,1.0,0.0,0.0,1.0,0.0,1.0,0.0,0.0,0.0,0.0,1.0,0.0,0.0,1
0.7835820895522388,0.0,0.9223281070641635,-0.3617432141395655,3.0,0.0,0.0,1.0,0.0,0.0,0.0,0.0,1.0,0.0,1.0,0.0,0.0,1
-1.1417910447761195,1.0,-0.6217278394225659,-0.4187483281418203,2.0,0.0,0.0,0.0,1.0,0.0,0.0,1.0,0.0,0.0,0.0,1.0,0.0,1
-0.3208955223880597,1.0,-0.320314619425409,-0.8183051821334898,0.0,0.0,0.0,0.0,1.0,1.0,0.0,0.0,0.0,0.0,0.0,0.0,1.0,0
-0.007462686567164179,0.0,0.12535723496252937,0.39337259766926236,0.0,0.0,0.0,1.0,0.0,1.0,0.0,0.0,0.0,0.0,1.0,0.0,0.0,0
0.664179104477612,0.0,0.13711648884294755,0.6191738439286186,1.0,0.0,0.0,1.0,0.0,0.0,1.0,0.0,0.0,0.0,0.0,1.0,0.0,0
0.8992537313432836,2.0,3.488464304680498,1.665421017443754,0.0,0.0,0.0,1.0,0.0,0.0,0.0,0.0,1.0,0.0,1.0,0.0,0.0,1
0.3917910447761194,1.0,-0.028040690303482104,0.47490371675825294,0.0,0.0,0.0,1.0,0.0,0.0,0.0,1.0,0.0,0.0,0.0,1.0,0.0,0
0.44029850746268656,-1.0,0.6111554486569686,-0.5827950570743542,0.0,0.0,0.0,1.0,0.0,1.0,0.0,0.0,0.0,0.0,0.0,1.0,0.0,0
0.6231343283582089,2.5,-0.2905211506871376,0.28639723196654676,-1.0,0.0,0.0,0.0,1.0,1.0,0.0,0.0,0.0,0.0,1.0,0.0,0.0,1
0.07835820895522388,-0.5,-0.5817612873076586,-0.8335828533113782,2.0,0.0,0.0,1.0,0.0,0.0,1.0,0.0,0.0,0.0,1.0,0.0,0.0,1
0.29850746268656714,0.5,-0.028157063255978887,-1.0350146801917668,-1.0,0.0,0.0,0.0,1.0,0.0,1.0,0.0,0.0,0.0,1.0,0.0,0.0,0
0.3880597014925373,1.5,-0.14731749087472581,-0.37643502024918934,2.0,0.0,0.0,1.0,0.0,0.0,1.0,0.0,0.0,0.0,1.0,0.0,0.0,1
0.10074626865671642,-0.5,0.8268384517508826,0.6927806096749913,1.0,0.0,0.0,1.0,0.0,0.0,0.0,0.0,0.0,1.0,1.0,0.0,0.0,0
0.05223880597014925,1.0,-0.4271985016315835,0.35734328718850034,0.0,0.0,0.0,1.0,0.0,1.0,0.0,0.0,0.0,0.0,0.0,1.0,0.0,0
-0.29850746268656714,0.0,-0.49346000835182435,0.7615798605506979,-1.0,0.0,0.0,1.0,0.0,0.0,0.0,1.0,0.0,0.0,1.0,0.0,0.0,0
0.40298507462686567,-0.5,-0.18225497204567745,0.8896107092584679,-1.0,0.0,0.0,1.0,0.0,1.0,0.0,0.0,0.0,0.0,0.0,1.0,0.0,1
0.3805970149253731,-0.5,0.8038884920678186,0.16622592532270106,1.0,0.0,0.0,1.0,0.0,0.0,0.0,0.0,1.0,0.0,1.0,0.0,0.0,0
-0.026119402985074626,1.0,-0.3673553352400063,0.3914078734596865,-1.0,0.0,0.0,1.0,0.0,0.0,0.0,0.0,0.0,1.0,1.0,0.0,0.0,1
1.287313432835821,-0.5,-0.36308479573441976,-0.558755127993542,-1.0,0.0,0.0,1.0,0.0,1.0,0.0,0.0,0.0,0.0,0.0,1.0,0.0,0
-0.6567164179104478,-1.5,0.09928617480335138,-0.43387781022109123,0.0,0.0,0.0,1.0,0.0,1.0,0.0,0.0,0.0,0.0,1.0,0.0,0.0,0
-0.11940298507462686,1.5,-0.47078164870188327,0.22049822136664277,0.0,0.0,0.0,1.0,0.0,1.0,0.0,0.0,0.0,0.0,0.0,0.0,1.0,1
-1.3022388059701493,-0.5,-0.5028556576894001,0.6360601177575428,0.0,0.0,0.0,1.0,0.0,0.0,0.0,0.0,0.0,1.0,0.0,0.0,1.0,0
0.34328358208955223,-0.5,0.1139969426614894,-0.5183028568931384,0.0,0.0,0.0,1.0,0.0,1.0,0.0,0.0,0.0,0.0,1.0,0.0,0.0,0
0.7723880597014925,0.5,0.20084249275786517,0.5278071698579897,0.0,0.0,0.0,1.0,0.0,0.0,0.0,1.0,0.0,0.0,0.0,0.0,1.0,1
-0.08208955223880597,-0.5,-0.5972474766812902,0.4030326748549172,0.0,0.0,0.0,1.0,0.0,1.0,0.0,0.0,0.0,0.0,1.0,0.0,0.0,0
0.8582089552238806,-0.5,0.4591174593618454,0.9355635719924112,-1.0,0.0,0.0,1.0,0.0,1.0,0.0,0.0,0.0,0.0,1.0,0.0,0.0,0
-0.2835820895522388,1.5,1.921112000479226,-0.1761257589569512,2.0,0.0,0.0,1.0,0.0,0.0,0.0,0.0,0.0,1.0,1.0,0.0,0.0,1
0.0,-0.5,1.5287145339056918,-0.3404496190399516,0.0,0.0,0.0,1.0,0.0,1.0,0.0,0.0,0.0,0.0,0.0,1.0,0.0,1
-0.041044776119402986,0.5,2.5493149377490383,-0.6849592834909094,0.0,0.0,1.0,0.0,0.0,0.0,1.0,0.0,0.0,0.0,0.0,1.0,0.0,0
-1.3097014925373134,1.5,-0.402993731615389,0.4612709210953473,1.0,0.0,0.0,1.0,0.0,1.0,0.0,0.0,0.0,0.0,1.0,0.0,0.0,1
0.17164179104477612,0.0,-0.1822497583948267,-0.12302600888284058,2.0,0.0,0.0,1.0,0.0,0.0,0.0,1.0,0.0,0.0,0.0,1.0,0.0,1
-0.15671641791044777,1.0,0.26121379213283935,-0.4914362084249123,0.0,0.0,0.0,1.0,0.0,1.0,0.0,0.0,0.0,0.0,1.0,0.0,0.0,0
-0.25,0.5,0.707624855750186,-0.5567616970696625,1.0,0.0,0.0,1.0,0.0,1.0,0.0,0.0,0.0,0.0,1.0,0.0,0.0,0
0.30970149253731344,-1.0,-0.3974928500804621,0.513712761131895,1.0,0.0,0.0,1.0,0.0,1.0,0.0,0.0,0.0,0.0,1.0,0.0,0.0,0
-0.9925373134328358,0.0,0.046505253879775686,0.3116185435905585,2.0,0.0,0.0,1.0,0.0,1.0,0.0,0.0,0.0,0.0,1.0,0.0,0.0,1
-0.6716417910447762,-0.5,-0.03822613804271009,-0.2706278578267902,0.0,0.0,0.0,1.0,0.0,0.0,0.0,1.0,0.0,0.0,0.0,0.0,1.0,0
0.5373134328358209,1.0,-0.12094989192121795,0.015299422428762295,-1.0,0.0,0.0,1.0,0.0,0.0,0.0,1.0,0.0,0.0,0.0,1.0,0.0,0
-1.2462686567164178,0.5,0.5424564248789226,-0.8073339979745835,1.0,0.0,0.0,1.0,0.0,1.0,0.0,0.0,0.0,0.0,1.0,0.0,0.0,0
0.4925373134328358,0.5,-0.1958704683850583,-0.28235603269547055,1.0,1.0,0.0,1.0,0.0,1.0,0.0,0.0,0.0,0.0,0.0,1.0,0.0,0
-0.13432835820895522,0.5,-0.47611135920396214,-0.7275622988592969,-1.0,0.0,0.0,1.0,0.0,0.0,1.0,0.0,0.0,0.0,0.0,0.0,1.0,0
0.19029850746268656,0.0,0.7121408913618811,-0.5193370496066739,-1.0,0.0,0.0,0.0,1.0,0.0,1.0,0.0,0.0,0.0,1.0,0.0,0.0,0
0.30597014925373134,1.5,1.612756619970763,-0.38271769501526454,3.0,0.0,0.0,1.0,0.0,1.0,0.0,0.0,0.0,0.0,1.0,0.0,0.0,1
0.12686567164179105,-1.0,1.224280587812386,-0.3815691923773611,0.0,0.0,0.0,1.0,0.0,0.0,1.0,0.0,0.0,0.0,0.0,0.0,1.0,1
-0.27238805970149255,0.0,0.24443562814983735,-0.28114954904947537,0.0,0.0,0.0,1.0,0.0,1.0,0.0,0.0,0.0,0.0,1.0,0.0,0.0,0
0.1417910447761194,-0.5,-0.06791767782258323,0.4160050933576786,-1.0,0.0,0.0,1.0,0.0,0.0,0.0,1.0,0.0,0.0,0.0,1.0,0.0,0
0.15671641791044777,1.0,1.4709970203051392,-0.5145779533902367,2.0,1.0,0.0,1.0,0.0,0.0,1.0,0.0,0.0,0.0,0.0,0.0,1.0,1
-0.7201492537313433,-1.0,-0.46996420809317413,-0.37410528653052594,-1.0,0.0,1.0,0.0,0.0,1.0,0.0,0.0,0.0,0.0,0.0,1.0,0.0,0
-0.3843283582089552,-0.5,-0.612811643635693,0.9064803696230055,0.0,0.0,0.0,1.0,0.0,0.0,0.0,0.0,1.0,0.0,1.0,0.0,0.0,0
-1.6007462686567164,1.0,0.23025322921331196,-0.14192766120314024,2.0,1.0,0.0,1.0,0.0,1.0,0.0,0.0,0.0,0.0,0.0,1.0,0.0,1
-0.3694029850746269,-1.5,-0.5788369486284545,0.3931890530242622,1.0,0.0,0.0,1.0,0.0,0.0,1.0,0.0,0.0,0.0,1.0,0.0,0.0,0
0.31343283582089554,1.0,1.024829377037002,0.9789727403478018,3.0,0.0,0.0,1.0,0.0,1.0,0.0,0.0,0.0,0.0,1.0,0.0,0.0,1
0.31716417910447764,1.0,-0.4426769810276093,0.39378084468118285,0.0,0.0,1.0,0.0,0.0,1.0,0.0,0.0,0.0,0.0,0.0,1.0,0.0,0
0.1828358208955224,-1.0,0.7160203792856267,-0.7226203691970359,0.0,0.0,0.0,1.0,0.0,1.0,0.0,0.0,0.0,0.0,1.0,0.0,0.0,0
-0.12686567164179105,1.0,0.3575639201735212,-0.8402700187497718,1.0,0.0,0.0,0.0,1.0,1.0,0.0,0.0,0.0,0.0,1.0,0.0,0.0,0
-0.208955223880597,0.5,2.51488748242527,0.3550704163702995,1.0,0.0,0.0,1.0,0.0,1.0,0.0,0.0,0.0,0.0,0.0,1.0,0.0,0
-0.2873134328358209,0.0,-0.09801730600363548,0.5089817343241835,0.0,0.0,0.0,1.0,0.0,0.0,1.0,0.0,0.0,0.0,0.0,1.0,0.0,0
0.44402985074626866,2.5,-0.4725977848802965,0.4923828630116978,-1.0,0.0,0.0,0.0,1.0,1.0,0.0,0.0,0.0,0.0,0.0,1.0,0.0,1
0.11567164179104478,-0.5,0.2730210506408929,0.07681018653673154,0.0,0.0,0.0,1.0,0.0,1.0,0.0,0.0,0.0,0.0,0.0,0.0,1.0,0
-0.2462686567164179,0.5,0.9155120354715298,0.6625064080722838,0.0,1.0,0.0,1.0,0.0,1.0,0.0,0.0,0.0,0.0,0.0,1.0,0.0,0
1.6455223880597014,0.0,-0.5697091746605683,0.8272078154110285,-1.0,0.0,1.0,0.0,0.0,0.0,0.0,1.0,0.0,0.0,1.0,0.0,0.0,1
-0.6529850746268657,0.5,-0.5965624679853667,-0.1398406890075931,0.0,0.0,0.0,0.0,1.0,1.0,0.0,0.0,0.0,0.0,0.0,1.0,0.0,0
0.6529850746268657,0.0,-0.035238046507588425,-0.11538584622363483,0.0,0.0,0.0,1.0,0.0,0.0,0.0,1.0,0.0,0.0,1.0,0.0,0.0,0
-0.022388059701492536,0.5,-0.0904650637594379,-0.9983988482177049,3.0,1.0,0.0,1.0,0.0,1.0,0.0,0.0,0.0,0.0,1.0,0.0,0.0,1
-1.2350746268656716,1.0,0.47420338843024995,0.6196232505028862,0.0,1.0,0.0,1.0,0.0,1.0,0.0,0.0,0.0,0.0,0.0,1.0,0.0,0
-0.667910447761194,-1.0,1.014355803907923,-0.46063174328863954,0.0,0.0,0.0,1.0,0.0,1.0,0.0,0.0,0.0,0.0,0.0,1.0,0.0,1
-0.041044776119402986,0.0,1.5351430697215043,-0.727179409054908,1.0,0.0,0.0,1.0,0.0,0.0,1.0,0.0,0.0,0.0,0.0,0.0,1.0,1
1.0708955223880596,1.0,-0.17464947563025632,-0.3901703988981299,2.0,0.0,0.0,0.0,1.0,1.0,0.0,0.0,0.0,0.0,1.0,0.0,0.0,1
-0.5298507462686567,-1.0,0.23041294813868157,0.5606741144906426,0.0,0.0,0.0,1.0,0.0,1.0,0.0,0.0,0.0,0.0,1.0,0.0,0.0,0
-1.1529850746268657,-1.0,2.401855435382768,-0.07205621718299449,1.0,0.0,0.0,1.0,0.0,0.0,1.0,0.0,0.0,0.0,1.0,0.0,0.0,0
1.4701492537313432,0.5,1.324904945739153,0.6984103348119808,1.0,0.0,0.0,1.0,0.0,0.0,0.0,0.0,1.0,0.0,1.0,0.0,0.0,0
0.9291044776119403,-0.5,0.6473375737853893,0.13328289608049804,1.0,1.0,0.0,1.0,0.0,0.0,1.0,0.0,0.0,0.0,1.0,0.0,0.0,0
0.27238805970149255,0.5,0.6296304635395842,0.6326519175485513,1.0,1.0,0.0,1.0,0.0,1.0,0.0,0.0,0.0,0.0,0.0,1.0,0.0,0
-1.0186567164179106,0.0,1.8871533902362363,0.3050628084474827,1.0,0.0,0.0,0.0,1.0,0.0,0.0,0.0,0.0,1.0,1.0,0.0,0.0,1
-0.17164179104477612,-0.5,-0.2711559885800583,-0.7120937461742782,2.0,0.0,0.0,1.0,0.0,1.0,0.0,0.0,0.0,0.0,0.0,1.0,0.0,1
-0.9104477611940298,-0.5,2.6441265078959937,-0.6707836547431535,-1.0,0.0,0.0,1.0,0.0,1.0,0.0,0.0,0.0,0.0,1.0,0.0,0.0,0
0.8694029850746269,-1.0,0.5935930637002557,-0.6306884103123302,0.0,0.0,1.0,0.0,0.0,1.0,0.0,0.0,0.0,0.0,1.0,0.0,0.0,0
0.5634328358208955,2.0,0.49095762565541645,-0.10059233196981372,0.0,0.0,1.0,0.0,0.0,0.0,1.0,0.0,0.0,0.0,0.0,0.0,1.0,1
-0.6455223880597015,-0.5,0.09962745448817399,0.023939836121327402,0.0,0.0,0.0,1.0,0.0,0.0,0.0,1.0,0.0,0.0,1.0,0.0,0.0,0
-0.13059701492537312,-0.5,0.908400293178864,1.3755019287091568,0.0,0.0,0.0,1.0,0.0,0.0,0.0,1.0,0.0,0.0,1.0,0.0,0.0,1
0.08208955223880597,-1.0,0.31456620927635565,-0.29398106809661795,1.0,0.0,0.0,1.0,0.0,1.0,0.0,0.0,0.0,0.0,1.0,0.0,0.0,0
0.20522388059701493,-0.5,0.0979065712427546,-0.6225424782359414,1.0,0.0,0.0,1.0,0.0,0.0,1.0,0.0,0.0,0.0,0.0,1.0,0.0,0
0.6380597014925373,0.0,-0.4976557334799045,-0.6380063870384578,1.0,0.0,1.0,0.0,0.0,0.0,0.0,0.0,1.0,0.0,0.0,0.0,1.0,0
-0.27238805970149255,-1.0,1.4721651072433606,0.3993241344746642,0.0,0.0,0.0,1.0,0.0,1.0,0.0,0.0,0.0,0.0,0.0,0.0,1.0,0
0.055970149253731345,1.0,0.6720298025529836,0.432283528796517,-1.0,0.0,0.0,0.0,1.0,0.0,0.0,1.0,0.0,0.0,1.0,0.0,0.0,0
0.5,1.5,-0.5088424271403839,0.3064095649687533,0.0,0.0,1.0,0.0,0.0,1.0,0.0,0.0,0.0,0.0,0.0,1.0,0.0,1
0.25,0.0,0.9996772853819702,-0.7157696985747556,-1.0,0.0,0.0,0.0,1.0,0.0,0.0,1.0,0.0,0.0,1.0,0.0,0.0,0
1.1455223880597014,0.0,-0.14480569270304147,-0.5035194739842195,2.0,0.0,0.0,0.0,1.0,0.0,0.0,1.0,0.0,0.0,0.0,0.0,1.0,1
0.13432835820895522,0.5,-0.42329522415541315,-0.24221033999389022,1.0,1.0,0.0,1.0,0.0,1.0,0.0,0.0,0.0,0.0,0.0,0.0,1.0,0
-1.1679104477611941,0.5,-0.321058119225622,0.550832260585102,1.0,1.0,0.0,1.0,0.0,1.0,0.0,0.0,0.0,0.0,0.0,0.0,1.0,0
1.5634328358208955,-1.5,-0.043621604596879554,-0.1284713568265082,0.0,0.0,0.0,1.0,0.0,1.0,0.0,0.0,0.0,0.0,0.0,1.0,0.0,1
0.33955223880597013,1.0,-0.12775684975967871,-0.8095027337218899,1.0,1.0,0.0,0.0,1.0,1.0,0.0,0.0,0.0,0.0,1.0,0.0,0.0,0
0.33955223880597013,-0.5,0.09341543249322663,-1.0693196078992746,-1.0,1.0,0.0,1.0,0.0,1.0,0.0,0.0,0.0,0.0,0.0,1.0,0.0,0
0.2873134328358209,-0.5,3.129165224831557,0.4005477825620913,-1.0,0.0,0.0,1.0,0.0,1.0,0.0,0.0,0.0,0.0,0.0,1.0,0.0,0
0.8246268656716418,-1.0,0.9656782464755859,-0.33646269160461406,0.0,1.0,0.0,0.0,1.0,0.0,0.0,1.0,0.0,0.0,1.0,0.0,0.0,1
0.11567164179104478,-1.5,-0.1638685214666089,-1.0693196078992746,1.0,0.0,0.0,0.0,1.0,1.0,0.0,0.0,0.0,0.0,0.0,0.0,1.0,0
-0.6380597014925373,-0.5,1.1813005110146786,-0.0049975395323429254,1.0,0.0,0.0,1.0,0.0,0.0,0.0,1.0,0.0,0.0,1.0,0.0,0.0,0
-0.17537313432835822,-1.5,0.9912745543218994,0.09738474353461965,1.0,0.0,0.0,1.0,0.0,0.0,1.0,0.0,0.0,0.0,1.0,0.0,0.0,0
-0.8880597014925373,0.5,3.488464304680498,0.12227207143514776,-1.0,0.0,0.0,1.0,0.0,0.0,1.0,0.0,0.0,0.0,0.0,0.0,1.0,1
0.6940298507462687,1.5,0.31932945678190094,0.20204174308432418,0.0,0.0,0.0,1.0,0.0,1.0,0.0,0.0,0.0,0.0,1.0,0.0,0.0,1
-1.1940298507462686,0.0,-0.4235045670281375,-0.5758304199580746,2.0,0.0,1.0,0.0,0.0,1.0,0.0,0.0,0.0,0.0,1.0,0.0,0.0,1
-0.5522388059701493,0.0,-0.3867643169927023,0.017670697909160916,2.0,0.0,0.0,1.0,0.0,1.0,0.0,0.0,0.0,0.0,1.0,0.0,0.0,1
0.19776119402985073,1.5,2.051439867506642,-0.39980037758510034,-1.0,0.0,0.0,0.0,1.0,0.0,0.0,0.0,0.0,1.0,0.0,1.0,0.0,1
0.44029850746268656,0.0,2.4058169351439345,1.1731927796530994,-1.0,0.0,0.0,1.0,0.0,0.0,0.0,0.0,1.0,0.0,0.0,1.0,0.0,1
0.5970149253731343,-0.5,0.3647453752939814,0.5060647362264519,0.0,0.0,0.0,1.0,0.0,1.0,0.0,0.0,0.0,0.0,1.0,0.0,0.0,0
-1.1044776119402986,1.0,0.037448203717556264,-0.7299393788385105,1.0,0.0,0.0,0.0,1.0,1.0,0.0,0.0,0.0,0.0,0.0,1.0,0.0,0
-0.47761194029850745,-0.5,0.2949611384449651,0.030302640159137948,0.0,0.0,0.0,1.0,0.0,0.0,0.0,0.0,0.0,1.0,0.0,1.0,0.0,0
-1.0111940298507462,-1.5,-0.22018214434155933,-0.4527544164904227,-1.0,1.0,0.0,0.0,1.0,1.0,0.0,0.0,0.0,0.0,1.0,0.0,0.0,0
0.40298507462686567,-0.5,-0.21376669418347702,1.0557348379462708,-1.0,0.0,0.0,1.0,0.0,1.0,0.0,0.0,0.0,0.0,1.0,0.0,0.0,0
1.123134328358209,0.5,-0.448152438401804,-0.4496663007311061,-1.0,0.0,0.0,1.0,0.0,1.0,0.0,0.0,0.0,0.0,1.0,0.0,0.0,0
0.5783582089552238,2.0,-0.6202146893164545,-0.6841068184125687,0.0,0.0,0.0,0.0,1.0,0.0,0.0,1.0,0.0,0.0,1.0,0.0,0.0,1
1.7682089552238844,-0.5,0.7457543828498167,-0.436197033773613,1.0,0.0,0.0,1.0,0.0,1.0,0.0,0.0,0.0,0.0,1.0,0.0,0.0,0
0.2798507462686567,-0.5,0.9441784169552102,0.011423003298695644,2.0,0.0,0.0,1.0,0.0,0.0,0.0,0.0,0.0,1.0,0.0,1.0,0.0,1
0.11567164179104478,-1.5,1.3495870834322372,-0.361789167324173,0.0,0.0,0.0,1.0,0.0,1.0,0.0,0.0,0.0,0.0,1.0,0.0,0.0,0
-0.5186567164179104,0.0,1.1206287036138587,-0.25370326209422084,3.0,0.0,0.0,1.0,0.0,1.0,0.0,0.0,0.0,0.0,0.0,1.0,0.0,1
0.6417910447761194,-1.5,-0.5629829545563164,0.5752080962166041,-1.0,0.0,0.0,1.0,0.0,1.0,0.0,0.0,0.0,0.0,0.0,0.0,1.0,0
-0.1417910447761194,-1.5,0.06359770574740622,-0.027835082175687507,1.0,0.0,0.0,1.0,0.0,0.0,1.0,0.0,0.0,0.0,1.0,0.0,0.0,0
0.8246268656716418,0.5,2.7451250765212474,-0.8657444623836066,-1.0,0.0,0.0,0.0,1.0,1.0,0.0,0.0,0.0,0.0,0.0,1.0,0.0,1
-0.33955223880597013,-1.0,0.0341371204869055,-0.5128623850128508,1.0,0.0,0.0,1.0,0.0,1.0,0.0,0.0,0.0,0.0,0.0,0.0,1.0,0
0.5746268656716418,0.5,-0.26003091698619113,-0.12069889754482452,-1.0,0.0,0.0,0.0,1.0,0.0,0.0,1.0,0.0,0.0,1.0,0.0,0.0,0
0.048507462686567165,0.0,-0.5530097844228763,1.187347487377276,1.0,0.0,0.0,0.0,1.0,1.0,0.0,0.0,0.0,0.0,0.0,1.0,0.0,1
-0.15298507462686567,-1.0,-0.3083082729701439,-0.5579756620550173,1.0,0.0,0.0,1.0,0.0,0.0,0.0,1.0,0.0,0.0,1.0,0.0,0.0,0
-0.48134328358208955,0.5,0.04596171636227657,0.7777240776496628,1.0,0.0,0.0,1.0,0.0,1.0,0.0,0.0,0.0,0.0,1.0,0.0,0.0,0
-0.4141791044776119,-1.0,-0.05306622274259686,-0.7205356510626838,0.0,0.0,0.0,1.0,0.0,0.0,0.0,0.0,1.0,0.0,0.0,1.0,0.0,1
-0.6604477611940298,0.0,-0.0939026777118673,0.5967954530793628,1.0,0.0,0.0,1.0,0.0,0.0,0.0,1.0,0.0,0.0,1.0,0.0,0.0,0
-0.9477611940298507,-0.5,-0.5986675852764413,1.377346925770794,1.0,0.0,0.0,1.0,0.0,1.0,0.0,0.0,0.0,0.0,0.0,1.0,0.0,1
0.43656716417910446,0.0,-0.3995153258500609,-0.17113056797461051,-1.0,0.0,0.0,1.0,0.0,0.0,0.0,1.0,0.0,0.0,0.0,1.0,0.0,0
0.13059701492537312,2.5,-0.03477963154832756,-0.2278045107419155,1.0,0.0,0.0,0.0,1.0,0.0,0.0,0.0,1.0,0.0,0.0,0.0,1.0,1
-0.7835820895522388,-0.5,-0.40148862460633744,-0.21876394692909734,0.0,0.0,0.0,1.0,0.0,1.0,0.0,0.0,0.0,0.0,0.0,0.0,1.0,0
0.6119402985074627,-1.0,-0.4667031835329664,1.7206757969526445,-1.0,0.0,0.0,0.0,1.0,1.0,0.0,0.0,0.0,0.0,1.0,0.0,0.0,1
-0.13805970149253732,0.0,-0.24671658545974087,-0.2864372036214368,1.0,0.0,0.0,1.0,0.0,0.0,0.0,0.0,0.0,1.0,1.0,0.0,0.0,1
0.208955223880597,0.5,1.948174791919073,0.0006882922886976405,0.0,0.0,0.0,1.0,0.0,1.0,0.0,0.0,0.0,0.0,1.0,0.0,0.0,0
0.24253731343283583,0.0,-0.4656527958992672,-0.7305624381362136,0.0,0.0,0.0,1.0,0.0,1.0,0.0,0.0,0.0,0.0,0.0,1.0,0.0,1
0.12313432835820895,0.5,0.2818206878465971,-0.8513833436609488,0.0,1.0,0.0,1.0,0.0,0.0,0.0,1.0,0.0,0.0,1.0,0.0,0.0,0
-0.6380597014925373,-1.0,0.5501727893515583,-0.8032850308625881,0.0,0.0,0.0,1.0,0.0,0.0,1.0,0.0,0.0,0.0,0.0,0.0,1.0,0
1.7682089552238844,0.5,-0.5090491946527719,-0.12302544644106368,0.0,0.0,0.0,1.0,0.0,1.0,0.0,0.0,0.0,0.0,0.0,1.0,0.0,0
0.029850746268656716,-0.5,0.39219361176512574,0.8953754073175533,0.0,0.0,0.0,0.0,1.0,0.0,0.0,1.0,0.0,0.0,0.0,1.0,0.0,0
0.25,-0.5,-0.5941108649858872,0.02546974471615994,1.0,0.0,0.0,1.0,0.0,1.0,0.0,0.0,0.0,0.0,1.0,0.0,0.0,0
-1.5895522388059702,-0.5,-0.4262466446856718,-0.9168915966405905,0.0,1.0,0.0,0.0,1.0,1.0,0.0,0.0,0.0,0.0,1.0,0.0,0.0,0
-1.3134328358208955,1.5,0.183183355561991,0.820040901884713,1.0,0.0,0.0,1.0,0.0,1.0,0.0,0.0,0.0,0.0,1.0,0.0,0.0,1
-0.2574626865671642,1.0,-0.33210178975694776,0.03874721720955773,0.0,1.0,0.0,1.0,0.0,0.0,1.0,0.0,0.0,0.0,0.0,1.0,0.0,0
1.7682089552238844,-1.0,0.24117866293567433,-1.0292509886449819,0.0,0.0,0.0,1.0,0.0,0.0,0.0,1.0,0.0,0.0,0.0,1.0,0.0,0
0.16791044776119404,1.0,2.0450314413161874,1.210742878592017,1.0,0.0,0.0,1.0,0.0,0.0,1.0,0.0,0.0,0.0,0.0,1.0,0.0,1
0.6417910447761194,0.5,0.48024635852303216,-0.4662507713245536,0.0,0.0,0.0,0.0,1.0,1.0,0.0,0.0,0.0,0.0,0.0,1.0,0.0,0
-0.7835820895522388,0.5,0.48959152697581965,-0.1702052383138014,1.0,0.0,0.0,1.0,0.0,0.0,0.0,0.0,1.0,0.0,0.0,1.0,0.0,0
-0.5559701492537313,2.5,0.14384771552586118,-0.5356173249129882,0.0,0.0,0.0,1.0,0.0,0.0,1.0,0.0,0.0,0.0,1.0,0.0,0.0,1
0.5522388059701493,-0.5,-0.2903316024900605,-0.6017063536244669,0.0,0.0,0.0,1.0,0.0,0.0,0.0,1.0,0.0,0.0,0.0,1.0,0.0,0
0.9253731343283582,0.0,-0.27677513806017034,0.8362492622600934,0.0,0.0,0.0,1.0,0.0,1.0,0.0,0.0,0.0,0.0,1.0,0.0,0.0,0
0.10074626865671642,-1.5,-0.4999918522053903,-1.0670159518245907,0.0,0.0,0.0,1.0,0.0,0.0,0.0,0.0,0.0,1.0,1.0,0.0,0.0,0
-0.4253731343283582,1.5,0.9132648770552522,0.5584456774649157,1.0,0.0,0.0,0.0,1.0,0.0,0.0,1.0,0.0,0.0,0.0,0.0,1.0,1
0.30223880597014924,0.0,1.49448535824421,0.7258756708336735,0.0,1.0,1.0,0.0,0.0,1.0,0.0,0.0,0.0,0.0,0.0,0.0,1.0,0
-0.9813432835820896,-1.5,0.7614923261632461,-0.6149131042947384,0.0,0.0,0.0,0.0,1.0,1.0,0.0,0.0,0.0,0.0,1.0,0.0,0.0,0
0.8955223880597015,0.5,0.14372616706630306,-0.5598808482655286,0.0,0.0,0.0,1.0,0.0,1.0,0.0,0.0,0.0,0.0,0.0,0.0,1.0,0
-1.6194029850746268,0.0,-0.08776286319816538,-0.671051286322247,-1.0,0.0,0.0,1.0,0.0,0.0,0.0,0.0,0.0,1.0,0.0,1.0,0.0,1
0.3843283582089552,-1.5,3.169944516235982,0.7634790633524137,0.0,0.0,0.0,1.0,0.0,1.0,0.0,0.0,0.0,0.0,0.0,1.0,0.0,0
0.0708955223880597,1.5,-0.45424700522579575,0.4442207841102523,2.0,0.0,0.0,1.0,0.0,0.0,0.0,1.0,0.0,0.0,0.0,1.0,0.0,1
0.2126865671641791,-0.5,1.201506349127535,-0.9181288734447981,-1.0,0.0,0.0,1.0,0.0,0.0,0.0,0.0,1.0,0.0,0.0,1.0,0.0,0
-0.7164179104477612,-0.5,1.215795266340492,0.8283306217951361,1.0,0.0,0.0,0.0,1.0,1.0,0.0,0.0,0.0,0.0,0.0,0.0,1.0,0
-0.835820895522388,0.0,-0.04178586625405408,-0.24573174339628687,0.0,0.0,0.0,1.0,0.0,0.0,0.0,1.0,0.0,0.0,1.0,0.0,0.0,0
-0.9402985074626866,-1.0,-0.37066228308755045,0.4796653868234636,1.0,0.0,0.0,1.0,0.0,0.0,0.0,0.0,1.0,0.0,1.0,0.0,0.0,0
-0.033582089552238806,0.0,0.28579637608860664,0.4014777727836854,0.0,0.0,1.0,0.0,0.0,1.0,0.0,0.0,0.0,0.0,0.0,1.0,0.0,0
-0.40671641791044777,0.0,2.7276784347288183,-0.5677225501660309,1.0,0.0,0.0,1.0,0.0,1.0,0.0,0.0,0.0,0.0,0.0,1.0,0.0,0
0.40298507462686567,0.0,-0.47910678585999406,1.5464360116227864,0.0,0.0,0.0,1.0,0.0,1.0,0.0,0.0,0.0,0.0,1.0,0.0,0.0,1
0.6940298507462687,0.5,1.8614249677282895,-0.42838135914195374,1.0,0.0,0.0,1.0,0.0,1.0,0.0,0.0,0.0,0.0,0.0,0.0,1.0,0
-1.492537313432836,-1.0,0.6625086897989718,-0.28494527068187087,-1.0,0.0,0.0,1.0,0.0,1.0,0.0,0.0,0.0,0.0,1.0,0.0,0.0,0
-0.07835820895522388,-1.0,0.2435235278413276,-1.0693196078992746,1.0,1.0,0.0,0.0,1.0,0.0,0.0,0.0,1.0,0.0,1.0,0.0,0.0,0
0.26865671641791045,-1.0,1.4092450369267802,-0.6289389105996029,0.0,0.0,0.0,1.0,0.0,0.0,1.0,0.0,0.0,0.0,0.0,1.0,0.0,0
1.212686567164179,1.0,-0.4179424862717226,1.1279595591077018,1.0,0.0,0.0,1.0,0.0,0.0,0.0,1.0,0.0,0.0,0.0,0.0,1.0,1
0.018656716417910446,0.5,-0.11271459355230855,-0.08534369636034915,0.0,0.0,0.0,1.0,0.0,0.0,1.0,0.0,0.0,0.0,0.0,0.0,1.0,0
-0.1417910447761194,0.5,1.6573399424504818,0.7142275961729243,0.0,0.0,0.0,1.0,0.0,0.0,0.0,1.0,0.0,0.0,1.0,0.0,0.0,1
-0.9216417910447762,-1.5,-0.08560987330135333,0.7149333810054035,1.0,0.0,0.0,0.0,1.0,1.0,0.0,0.0,0.0,0.0,1.0,0.0,0.0,0
0.03731343283582089,-1.5,0.34263792066897336,-0.3184950969318553,2.0,1.0,0.0,1.0,0.0,0.0,1.0,0.0,0.0,0.0,0.0,0.0,1.0,1
1.1082089552238805,0.0,-0.5265786777738896,-0.9977794507641493,1.0,0.0,0.0,1.0,0.0,0.0,0.0,0.0,0.0,1.0,0.0,0.0,1.0,1
0.07462686567164178,-0.5,-0.31648176709153775,1.474133072067491,0.0,0.0,0.0,1.0,0.0,0.0,1.0,0.0,0.0,0.0,1.0,0.0,0.0,1
-1.0298507462686568,-0.5,-0.43756757907790106,-0.5655723831775818,1.0,1.0,0.0,0.0,1.0,0.0,0.0,1.0,0.0,0.0,0.0,0.0,1.0,0
-0.503731343283582,-0.5,0.9991635688876256,-0.14413497708976028,2.0,0.0,0.0,0.0,1.0,1.0,0.0,0.0,0.0,0.0,1.0,0.0,0.0,1
1.1791044776119404,1.0,-0.35325339228830754,-0.3061528629217294,1.0,0.0,0.0,1.0,0.0,1.0,0.0,0.0,0.0,0.0,1.0,0.0,0.0,0
-0.40671641791044777,0.0,2.931708285085212,-0.7731352133852365,0.0,0.0,0.0,1.0,0.0,1.0,0.0,0.0,0.0,0.0,1.0,0.0,0.0,0
-0.5746268656716418,-1.0,-0.3337001083051538,0.539460771173322,1.0,0.0,0.0,1.0,0.0,1.0,0.0,0.0,0.0,0.0,0.0,0.0,1.0,0
-0.24253731343283583,0.0,0.3000836702679104,1.0953589937466328,-1.0,0.0,0.0,0.0,1.0,1.0,0.0,0.0,0.0,0.0,1.0,0.0,0.0,1
-0.20522388059701493,-0.5,1.0958116877838382,0.21620099625407893,0.0,1.0,0.0,1.0,0.0,0.0,1.0,0.0,0.0,0.0,1.0,0.0,0.0,0
0.3619402985074627,0.5,-0.29940122247830186,-0.3499579875674062,3.0,0.0,0.0,1.0,0.0,0.0,0.0,0.0,0.0,1.0,0.0,1.0,0.0,1
-0.2126865671641791,0.5,-0.0472083632177359,0.23518606729095903,2.0,0.0,0.0,1.0,0.0,1.0,0.0,0.0,0.0,0.0,0.0,0.0,1.0,1
0.055970149253731345,0.0,-0.501876569383487,0.8382754804131638,1.0,0.0,0.0,1.0,0.0,0.0,0.0,0.0,0.0,1.0,1.0,0.0,0.0,1
-0.5634328358208955,1.5,-0.051419241524147785,-0.6114018226447678,1.0,0.0,1.0,0.0,0.0,1.0,0.0,0.0,0.0,0.0,1.0,0.0,0.0,1
-0.09701492537313433,-1.0,-0.3296651792784424,0.23414914057675593,2.0,0.0,0.0,1.0,0.0,1.0,0.0,0.0,0.0,0.0,0.0,0.0,1.0,1
-0.47388059701492535,0.5,2.4726844828954038,-0.5643640825484055,2.0,0.0,0.0,1.0,0.0,0.0,1.0,0.0,0.0,0.0,1.0,0.0,0.0,1
-0.9104477611940298,-0.5,0.06009283745683161,0.6964409726766294,1.0,0.0,0.0,1.0,0.0,1.0,0.0,0.0,0.0,0.0,1.0,0.0,0.0,0
1.5559701492537314,-1.0,-0.5795040169807381,-0.9465287737374124,0.0,0.0,0.0,1.0,0.0,1.0,0.0,0.0,0.0,0.0,1.0,0.0,0.0,1
0.22761194029850745,0.0,-0.11024644330894592,-0.3169785155103585,0.0,0.0,0.0,1.0,0.0,1.0,0.0,0.0,0.0,0.0,1.0,0.0,0.0,0
-0.3694029850746269,0.5,0.3386596036132395,0.06433578106037184,0.0,0.0,0.0,0.0,1.0,1.0,0.0,0.0,0.0,0.0,1.0,0.0,0.0,0
0.4216417910447761,-1.0,-0.3701387720421305,-0.07077847353890088,1.0,1.0,0.0,0.0,1.0,0.0,1.0,0.0,0.0,0.0,1.0,0.0,0.0,0
0.5597014925373134,-1.0,3.488464304680498,-0.8542551913644206,1.0,1.0,0.0,1.0,0.0,1.0,0.0,0.0,0.0,0.0,1.0,0.0,0.0,1
-0.6305970149253731,-1.5,1.2110767866725995,0.1983948303700096,2.0,0.0,0.0,1.0,0.0,0.0,1.0,0.0,0.0,0.0,0.0,0.0,1.0,1
1.0895522388059702,0.0,0.5521359437823945,-0.25803883845967895,-1.0,1.0,0.0,1.0,0.0,1.0,0.0,0.0,0.0,0.0,1.0,0.0,0.0,0
0.9776119402985075,0.0,-0.42006230623182733,-0.4428718764486691,2.0,0.0,0.0,0.0,1.0,1.0,0.0,0.0,0.0,0.0,0.0,0.0,1.0,1
-0.5708955223880597,-1.5,1.9363785958495001,0.8387856096588692,-1.0,0.0,0.0,1.0,0.0,0.0,1.0,0.0,0.0,0.0,0.0,0.0,1.0,1
0.30597014925373134,0.0,1.7901454338365586,-0.09070926238560073,1.0,0.0,0.0,1.0,0.0,1.0,0.0,0.0,0.0,0.0,1.0,0.0,0.0,0
0.022388059701492536,-0.5,-0.5072978334614231,0.8895785892746138,0.0,0.0,0.0,1.0,0.0,0.0,0.0,1.0,0.0,0.0,1.0,0.0,0.0,0
1.25,1.0,-0.15753373186429853,-0.5930693087527128,0.0,0.0,0.0,0.0,1.0,1.0,0.0,0.0,0.0,0.0,1.0,0.0,0.0,1
0.27611940298507465,0.0,0.6131466038671999,-0.9442445296860043,0.0,0.0,0.0,0.0,1.0,0.0,0.0,1.0,0.0,0.0,0.0,1.0,0.0,0
-0.5522388059701493,1.0,-0.5629434399540256,-0.5303298053554671,0.0,0.0,0.0,0.0,1.0,1.0,0.0,0.0,0.0,0.0,0.0,1.0,0.0,1
-0.7798507462686567,0.5,-0.46622079942063993,-0.5638781231983307,0.0,0.0,0.0,1.0,0.0,1.0,0.0,0.0,0.0,0.0,1.0,0.0,0.0,0
0.914179104477612,-1.0,0.23631639963366075,0.2634514028009672,1.0,0.0,0.0,0.0,1.0,0.0,0.0,1.0,0.0,0.0,1.0,0.0,0.0,0
0.16044776119402984,0.0,-0.5889771209227995,0.39406413532396467,0.0,0.0,0.0,1.0,0.0,0.0,1.0,0.0,0.0,0.0,0.0,0.0,1.0,1
0.06716417910447761,1.0,-0.3796003745375177,1.4022120407241139,1.0,0.0,0.0,0.0,1.0,0.0,1.0,0.0,0.0,0.0,1.0,0.0,0.0,1
-0.1865671641791045,0.0,0.8698153505276699,-0.4532762325243155,-1.0,0.0,0.0,1.0,0.0,1.0,0.0,0.0,0.0,0.0,1.0,0.0,0.0,0
-0.13059701492537312,-1.5,-0.2698995636363575,0.9415801427324253,0.0,1.0,0.0,0.0,1.0,1.0,0.0,0.0,0.0,0.0,0.0,1.0,0.0,1
-0.3694029850746269,0.5,1.0265277531789962,0.6890612729046457,0.0,0.0,0.0,0.0,1.0,0.0,1.0,0.0,0.0,0.0,1.0,0.0,0.0,1
1.541044776119403,-1.0,0.15908698733740975,-0.3844083023243252,1.0,0.0,0.0,1.0,0.0,0.0,1.0,0.0,0.0,0.0,1.0,0.0,0.0,0
0.6119402985074627,-1.0,2.825036933327995,-0.4122499188227591,-1.0,0.0,0.0,1.0,0.0,1.0,0.0,0.0,0.0,0.0,0.0,0.0,1.0,0
-1.0746268656716418,1.5,-0.39815419089600973,0.6224561368336674,0.0,1.0,0.0,1.0,0.0,1.0,0.0,0.0,0.0,0.0,0.0,1.0,0.0,1
0.6231343283582089,0.0,1.2875970230301688,-0.23462110232706812,1.0,0.0,0.0,1.0,0.0,1.0,0.0,0.0,0.0,0.0,0.0,0.0,1.0,0
-0.6828358208955224,-1.5,0.26286427934571366,-0.7046687598714243,1.0,1.0,0.0,1.0,0.0,1.0,0.0,0.0,0.0,0.0,0.0,1.0,0.0,0
0.3619402985074627,0.0,0.7969166232509772,0.5415272852911672,1.0,0.0,0.0,0.0,1.0,1.0,0.0,0.0,0.0,0.0,0.0,1.0,0.0,1
0.43283582089552236,-1.0,-0.4791799414977394,-0.9621740526573976,0.0,0.0,0.0,1.0,0.0,0.0,1.0,0.0,0.0,0.0,0.0,1.0,0.0,0
0.3805970149253731,-1.0,-0.3999618868903453,-1.046865075727341,1.0,0.0,0.0,1.0,0.0,1.0,0.0,0.0,0.0,0.0,1.0,0.0,0.0,0
-0.33955223880597013,2.0,0.28720493926247076,-0.10128664740734433,2.0,0.0,0.0,1.0,0.0,1.0,0.0,0.0,0.0,0.0,0.0,0.0,1.0,1
0.05970149253731343,0.5,1.6427460798238862,0.21018830124681506,0.0,0.0,0.0,1.0,0.0,1.0,0.0,0.0,0.0,0.0,0.0,1.0,0.0,0
-0.9626865671641791,0.5,-0.6204114891560896,-0.026124574601865177,1.0,0.0,0.0,0.0,1.0,1.0,0.0,0.0,0.0,0.0,0.0,1.0,0.0,0
0.5335820895522388,2.5,-0.5226304768217346,-0.42998964236273834,-1.0,0.0,0.0,0.0,1.0,0.0,0.0,1.0,0.0,0.0,0.0,1.0,0.0,1
-1.541044776119403,0.5,3.488464304680498,-0.7923979816978945,0.0,0.0,0.0,1.0,0.0,0.0,0.0,1.0,0.0,0.0,1.0,0.0,0.0,0
-0.2462686567164179,-1.0,1.8073889752932015,-0.6738911048017163,1.0,0.0,0.0,1.0,0.0,0.0,0.0,0.0,1.0,0.0,0.0,0.0,1.0,0
-0.832089552238806,1.0,1.8653780754439766,-0.6729086397500639,1.0,0.0,0.0,0.0,1.0,1.0,0.0,0.0,0.0,0.0,0.0,1.0,0.0,1
-0.8171641791044776,0.0,-0.2529048421251443,-0.3089508251680552,2.0,0.0,0.0,1.0,0.0,0.0,0.0,0.0,1.0,0.0,0.0,1.0,0.0,1
0.048507462686567165,0.5,-0.587944636247787,-0.22337767602055367,-1.0,0.0,0.0,1.0,0.0,1.0,0.0,0.0,0.0,0.0,0.0,1.0,0.0,0
-0.31343283582089554,0.5,-0.18896854933956236,0.8879943282479821,2.0,0.0,0.0,1.0,0.0,1.0,0.0,0.0,0.0,0.0,0.0,0.0,1.0,1
-0.44776119402985076,-0.5,0.44773044720211713,0.3657089080948609,2.0,0.0,0.0,1.0,0.0,1.0,0.0,0.0,0.0,0.0,1.0,0.0,0.0,1
0.8246268656716418,-0.5,0.05863267303726033,0.14363217758655572,2.0,0.0,0.0,1.0,0.0,0.0,0.0,0.0,0.0,1.0,1.0,0.0,0.0,1
-0.022388059701492536,0.0,-0.1841798215524539,0.15318331865610832,1.0,0.0,0.0,1.0,0.0,0.0,0.0,1.0,0.0,0.0,0.0,0.0,1.0,0
-1.2276119402985075,-0.5,1.2225176624794978,-0.7378345953843352,2.0,0.0,0.0,1.0,0.0,0.0,1.0,0.0,0.0,0.0,1.0,0.0,0.0,1
0.08208955223880597,0.5,0.791839768901101,1.0141207530582965,1.0,1.0,0.0,1.0,0.0,0.0,0.0,1.0,0.0,0.0,1.0,0.0,0.0,0
-0.0708955223880597,-1.5,0.26708202218750554,-0.553229716644119,-1.0,0.0,0.0,1.0,0.0,1.0,0.0,0.0,0.0,0.0,0.0,1.0,0.0,0
-1.1604477611940298,-0.5,0.5109431983433618,1.7206757969526445,1.0,0.0,0.0,1.0,0.0,1.0,0.0,0.0,0.0,0.0,1.0,0.0,0.0,1
0.585820895522388,1.5,-0.07247122944360883,0.8965734281694283,1.0,0.0,0.0,0.0,1.0,0.0,1.0,0.0,0.0,0.0,1.0,0.0,0.0,1
-0.1455223880597015,-1.5,0.5571685491899107,-0.18764434369466781,-1.0,0.0,0.0,1.0,0.0,0.0,0.0,1.0,0.0,0.0,0.0,1.0,0.0,0
0.2873134328358209,2.5,-0.2513808139530159,0.1039230778627539,1.0,0.0,0.0,1.0,0.0,1.0,0.0,0.0,0.0,0.0,1.0,0.0,0.0,1
1.0149253731343284,0.5,1.662712397609399,1.373659952770569,1.0,1.0,1.0,0.0,0.0,0.0,0.0,1.0,0.0,0.0,1.0,0.0,0.0,1
-0.05223880597014925,1.0,-0.6113168328082655,-0.38454504615611934,1.0,0.0,0.0,1.0,0.0,1.0,0.0,0.0,0.0,0.0,1.0,0.0,0.0,0
-0.5,-0.5,-0.5954349936825496,0.21271323006085122,-1.0,0.0,0.0,1.0,0.0,1.0,0.0,0.0,0.0,0.0,1.0,0.0,0.0,1
0.9626865671641791,-1.0,0.7523905997729522,0.060919511134759574,0.0,0.0,0.0,1.0,0.0,0.0,1.0,0.0,0.0,0.0,1.0,0.0,0.0,1
0.26865671641791045,-0.5,-0.5680045639835583,-0.36153590295756605,0.0,0.0,0.0,1.0,0.0,0.0,0.0,1.0,0.0,0.0,1.0,0.0,0.0,0
-0.6828358208955224,-1.5,-0.6217278394225659,0.4283984142692578,1.0,0.0,0.0,1.0,0.0,0.0,1.0,0.0,0.0,0.0,1.0,0.0,0.0,0
0.8283582089552238,-1.5,0.3282734109344581,1.217433279869722,2.0,0.0,0.0,1.0,0.0,1.0,0.0,0.0,0.0,0.0,0.0,1.0,0.0,1
-0.018656716417910446,-0.5,-0.4588033762754722,1.3152464156330093,0.0,0.0,0.0,1.0,0.0,1.0,0.0,0.0,0.0,0.0,1.0,0.0,0.0,1
-0.4291044776119403,1.0,-0.5396203385791412,-1.0693196078992746,-1.0,0.0,0.0,1.0,0.0,1.0,0.0,0.0,0.0,0.0,0.0,1.0,0.0,0
0.4962686567164179,-0.5,1.1667850779400852,-0.6461966388370247,-1.0,0.0,0.0,0.0,1.0,1.0,0.0,0.0,0.0,0.0,1.0,0.0,0.0,0
0.6082089552238806,0.5,0.5566355170210503,1.13127994147131,2.0,0.0,0.0,0.0,1.0,1.0,0.0,0.0,0.0,0.0,0.0,0.0,1.0,1
0.6380597014925373,2.0,-0.5004494535751768,-1.0043192389507363,1.0,0.0,0.0,1.0,0.0,1.0,0.0,0.0,0.0,0.0,0.0,0.0,1.0,1
0.7761194029850746,-1.0,-0.3424071322231973,0.6464128925578346,0.0,0.0,0.0,1.0,0.0,0.0,0.0,1.0,0.0,0.0,0.0,1.0,0.0,1
-0.3880597014925373,-1.0,-0.14919738158188403,-0.3373460839186319,0.0,0.0,0.0,0.0,1.0,1.0,0.0,0.0,0.0,0.0,1.0,0.0,0.0,0
0.34701492537313433,0.0,1.4591451866783314,0.8638337493296944,2.0,0.0,0.0,1.0,0.0,1.0,0.0,0.0,0.0,0.0,0.0,1.0,0.0,1
0.47761194029850745,0.0,1.7650608293477705,-0.11772350400529027,0.0,1.0,0.0,1.0,0.0,1.0,0.0,0.0,0.0,0.0,1.0,0.0,0.0,0
0.35074626865671643,-0.5,-0.411695486304645,0.6955735386732484,2.0,0.0,0.0,1.0,0.0,0.0,0.0,1.0,0.0,0.0,1.0,0.0,0.0,1
-0.6231343283582089,0.0,0.8174564060326462,-0.44015280634499643,2.0,0.0,0.0,0.0,1.0,0.0,1.0,0.0,0.0,0.0,1.0,0.0,0.0,1
0.0037313432835820895,-1.0,-0.06162928211828785,-0.6561255247074567,-1.0,0.0,0.0,1.0,0.0,1.0,0.0,0.0,0.0,0.0,1.0,0.0,0.0,0
0.6305970149253731,0.5,-0.3792946406329505,0.37020424516880984,1.0,0.0,0.0,1.0,0.0,0.0,0.0,0.0,1.0,0.0,1.0,0.0,0.0,0
0.17537313432835822,0.0,-0.042201984936015506,0.1156849895568951,1.0,0.0,0.0,1.0,0.0,0.0,0.0,1.0,0.0,0.0,1.0,0.0,0.0,0
1.7682089552238844,0.5,-0.4010813336861644,0.5165356834938796,1.0,0.0,0.0,0.0,1.0,0.0,0.0,0.0,1.0,0.0,0.0,0.0,1.0,0
-0.3582089552238806,-1.5,1.2271384552587086,0.9749973033323044,1.0,0.0,0.0,0.0,1.0,0.0,0.0,1.0,0.0,0.0,0.0,1.0,0.0,0
0.2947761194029851,2.5,1.1430374298667973,0.5121202046439398,1.0,0.0,0.0,0.0,1.0,0.0,1.0,0.0,0.0,0.0,1.0,0.0,0.0,1
0.08582089552238806,2.5,-0.5561564554424223,-0.5418053726839055,-1.0,0.0,0.0,1.0,0.0,0.0,1.0,0.0,0.0,0.0,0.0,1.0,0.0,1
-0.5485074626865671,-1.0,-0.4178611883757346,-0.12812594500979174,1.0,0.0,0.0,1.0,0.0,1.0,0.0,0.0,0.0,0.0,0.0,1.0,0.0,0
0.4253731343283582,-0.5,-0.4158753495152541,0.8307919764886014,1.0,0.0,0.0,0.0,1.0,0.0,0.0,0.0,1.0,0.0,0.0,1.0,0.0,0
0.5,1.0,1.149191164148525,0.29290553268786546,0.0,0.0,0.0,0.0,1.0,1.0,0.0,0.0,0.0,0.0,1.0,0.0,0.0,0
1.0970149253731343,-1.0,0.09393817479729032,0.2139010799577611,0.0,0.0,0.0,1.0,0.0,1.0,0.0,0.0,0.0,0.0,1.0,0.0,0.0,0
-0.041044776119402986,1.5,-0.6217278394225659,0.5571542543042064,1.0,0.0,0.0,1.0,0.0,1.0,0.0,0.0,0.0,0.0,0.0,1.0,0.0,1
0.585820895522388,0.5,-0.4699123235296025,0.5422110132392867,-1.0,1.0,0.0,0.0,1.0,1.0,0.0,0.0,0.0,0.0,1.0,0.0,0.0,0
-0.16791044776119404,0.0,1.2999884354230702,-0.14939554655224052,-1.0,0.0,0.0,1.0,0.0,1.0,0.0,0.0,0.0,0.0,1.0,0.0,0.0,0
0.31716417910447764,-1.5,0.15610423288028966,1.2828087042110379,0.0,0.0,0.0,1.0,0.0,0.0,1.0,0.0,0.0,0.0,1.0,0.0,0.0,1
0.1791044776119403,1.0,-0.07529166499204293,0.8822805145725592,1.0,0.0,0.0,1.0,0.0,1.0,0.0,0.0,0.0,0.0,1.0,0.0,0.0,0
0.3656716417910448,0.0,-0.14012050091214465,0.2899216016446192,0.0,0.0,0.0,1.0,0.0,0.0,0.0,1.0,0.0,0.0,0.0,0.0,1.0,0
0.7947761194029851,-0.5,-0.5587682134567712,1.535807064524197,1.0,1.0,0.0,1.0,0.0,1.0,0.0,0.0,0.0,0.0,0.0,0.0,1.0,1
-0.2574626865671642,-1.0,-0.48203154998742215,1.0339754831097492,1.0,1.0,0.0,0.0,1.0,1.0,0.0,0.0,0.0,0.0,1.0,0.0,0.0,1
-0.48134328358208955,0.5,-0.23437107650957797,0.2045150011955341,1.0,0.0,1.0,0.0,0.0,1.0,0.0,0.0,0.0,0.0,1.0,0.0,0.0,0
-0.13059701492537312,1.0,-0.12878911814073749,-0.9028558862304517,0.0,0.0,0.0,0.0,1.0,0.0,0.0,0.0,1.0,0.0,1.0,0.0,0.0,1
0.5522388059701493,1.0,-0.5938864392909535,-0.7761528408150438,0.0,0.0,0.0,1.0,0.0,1.0,0.0,0.0,0.0,0.0,0.0,1.0,0.0,0
-0.1417910447761194,2.0,-0.45059478911116324,-0.08409744574765571,1.0,0.0,0.0,0.0,1.0,1.0,0.0,0.0,0.0,0.0,1.0,0.0,0.0,1
0.2537313432835821,-1.5,2.38247302963554,-0.8450697134168453,1.0,1.0,0.0,1.0,0.0,1.0,0.0,0.0,0.0,0.0,0.0,0.0,1.0,1
-0.27611940298507465,1.0,0.5997960503247681,0.5485431178718182,2.0,0.0,0.0,1.0,0.0,1.0,0.0,0.0,0.0,0.0,1.0,0.0,0.0,1
-0.27611940298507465,0.5,-0.10545940329355712,0.20615506028961234,2.0,0.0,0.0,0.0,1.0,1.0,0.0,0.0,0.0,0.0,1.0,0.0,0.0,1
0.0708955223880597,-0.5,-0.5337992408467975,-0.22207629641615878,1.0,0.0,0.0,1.0,0.0,0.0,0.0,1.0,0.0,0.0,1.0,0.0,0.0,0
-1.6194029850746268,-1.5,-0.35719520130990245,-0.02687054793672392,-1.0,1.0,0.0,1.0,0.0,1.0,0.0,0.0,0.0,0.0,1.0,0.0,0.0,0
-1.044776119402985,0.0,1.069311866949155,1.2401226412284698,0.0,0.0,0.0,1.0,0.0,1.0,0.0,0.0,0.0,0.0,1.0,0.0,0.0,1
0.7985074626865671,0.5,-0.44943381950935224,0.991526500923588,2.0,0.0,0.0,1.0,0.0,0.0,1.0,0.0,0.0,0.0,1.0,0.0,0.0,1
-0.08955223880597014,1.0,1.6514765108945093,0.5584947177398604,1.0,0.0,0.0,1.0,0.0,0.0,1.0,0.0,0.0,0.0,0.0,0.0,1.0,0
-0.19402985074626866,1.5,-0.3661945439633937,0.17470363945476022,0.0,0.0,0.0,1.0,0.0,0.0,1.0,0.0,0.0,0.0,0.0,1.0,0.0,1
-0.014925373134328358,2.0,-0.4710315149855846,1.64802863193142,2.0,0.0,0.0,1.0,0.0,0.0,0.0,1.0,0.0,0.0,1.0,0.0,0.0,1
0.8805970149253731,0.5,0.6299971722762111,-0.8181607683615602,0.0,0.0,0.0,1.0,0.0,1.0,0.0,0.0,0.0,0.0,1.0,0.0,0.0,0
-1.1194029850746268,0.5,-0.42916968528012067,0.267360295903627,2.0,0.0,0.0,1.0,0.0,0.0,1.0,0.0,0.0,0.0,0.0,1.0,0.0,1
-0.5932835820895522,0.0,1.2376722018767685,-0.2985129125459609,0.0,0.0,0.0,1.0,0.0,1.0,0.0,0.0,0.0,0.0,1.0,0.0,0.0,0
-0.09701492537313433,-0.5,1.1519958429581072,-0.04928487563675151,-1.0,0.0,0.0,1.0,0.0,0.0,0.0,1.0,0.0,0.0,0.0,1.0,0.0,0
-1.0970149253731343,-0.5,0.6321698000912861,-0.648079636157934,-1.0,0.0,0.0,0.0,1.0,0.0,1.0,0.0,0.0,0.0,1.0,0.0,0.0,0
0.2873134328358209,0.0,3.1233206643549267,-0.5202663609253871,0.0,0.0,0.0,0.0,1.0,1.0,0.0,0.0,0.0,0.0,1.0,0.0,0.0,0
0.22014925373134328,-1.5,-0.4115856693789024,0.2448621835193624,0.0,0.0,0.0,0.0,1.0,0.0,0.0,1.0,0.0,0.0,0.0,1.0,0.0,0
0.06343283582089553,-0.5,-0.5647059225144023,0.08564263135523291,0.0,1.0,0.0,1.0,0.0,0.0,0.0,1.0,0.0,0.0,1.0,0.0,0.0,0
-0.04477611940298507,-0.5,0.5073658050578783,1.3909852059462358,1.0,0.0,0.0,1.0,0.0,0.0,1.0,0.0,0.0,0.0,1.0,0.0,0.0,1
-1.1380597014925373,-0.5,0.06138738369762466,0.47388027686554496,0.0,0.0,1.0,0.0,0.0,1.0,0.0,0.0,0.0,0.0,0.0,1.0,0.0,0
0.7350746268656716,0.5,0.14089073248890724,1.3038444222389345,0.0,0.0,0.0,1.0,0.0,0.0,0.0,1.0,0.0,0.0,0.0,0.0,1.0,1
-0.48134328358208955,-0.5,2.4787608551707874,-0.8597063744067677,0.0,0.0,0.0,1.0,0.0,1.0,0.0,0.0,0.0,0.0,1.0,0.0,0.0,1
-0.13059701492537312,-0.5,-0.38478866475716045,0.22742369094222412,1.0,0.0,0.0,1.0,0.0,1.0,0.0,0.0,0.0,0.0,1.0,0.0,0.0,1
0.05970149253731343,0.5,1.8571680430512643,0.6596143278689656,0.0,0.0,0.0,0.0,1.0,1.0,0.0,0.0,0.0,0.0,1.0,0.0,0.0,0
0.9664179104477612,0.5,-0.6217278394225659,1.1482289458230246,-1.0,0.0,0.0,1.0,0.0,0.0,0.0,1.0,0.0,0.0,1.0,0.0,0.0,1
0.6455223880597015,-1.0,0.6313285345333471,1.2313354472641356,-1.0,0.0,0.0,1.0,0.0,0.0,1.0,0.0,0.0,0.0,0.0,1.0,0.0,1
-0.30970149253731344,0.5,0.17444025966227167,-0.1989687272216153,0.0,0.0,1.0,0.0,0.0,1.0,0.0,0.0,0.0,0.0,0.0,1.0,0.0,0
-1.078358208955224,-1.0,1.7204779076524164,-0.32001356866162856,2.0,0.0,1.0,0.0,0.0,0.0,0.0,1.0,0.0,0.0,1.0,0.0,0.0,1
0.27238805970149255,0.0,3.488464304680498,-0.9425566691980739,0.0,0.0,0.0,1.0,0.0,1.0,0.0,0.0,0.0,0.0,0.0,0.0,1.0,0
-0.22761194029850745,-0.5,1.181483574805383,1.6206996809019554,1.0,0.0,0.0,1.0,0.0,0.0,0.0,1.0,0.0,0.0,0.0,1.0,0.0,1
-0.048507462686567165,1.5,1.071566950305082,-0.7175895917937288,0.0,0.0,0.0,0.0,1.0,1.0,0.0,0.0,0.0,0.0,0.0,0.0,1.0,1
-0.007462686567164179,-0.5,-0.38086714847132414,0.030439606226611127,0.0,0.0,0.0,1.0,0.0,0.0,0.0,1.0,0.0,0.0,1.0,0.0,0.0,1
0.7798507462686567,-1.5,-0.5699037440956873,0.9438664895563518,0.0,1.0,0.0,1.0,0.0,1.0,0.0,0.0,0.0,0.0,0.0,1.0,0.0,0
0.3283582089552239,0.5,3.488464304680498,-0.6193986494147894,0.0,1.0,0.0,1.0,0.0,1.0,0.0,0.0,0.0,0.0,1.0,0.0,0.0,1
-0.055970149253731345,0.5,0.473900983318334,-0.8117943864029491,0.0,0.0,0.0,0.0,1.0,0.0,1.0,0.0,0.0,0.0,1.0,0.0,0.0,0
0.30223880597014924,-0.5,0.10297333307697885,-0.347328137790604,-1.0,0.0,0.0,1.0,0.0,0.0,0.0,0.0,0.0,1.0,1.0,0.0,0.0,0
-0.16417910447761194,0.5,-0.43757524847918106,-0.723753748853744,0.0,0.0,0.0,1.0,0.0,1.0,0.0,0.0,0.0,0.0,1.0,0.0,0.0,0
1.3507462686567164,0.0,-0.3249843648749193,-0.29584195799391033,2.0,0.0,0.0,0.0,1.0,1.0,0.0,0.0,0.0,0.0,0.0,1.0,0.0,1
0.75,2.0,0.3914454860002318,-0.30026313419100503,-1.0,0.0,0.0,1.0,0.0,0.0,1.0,0.0,0.0,0.0,1.0,0.0,0.0,1
-0.3694029850746269,-0.5,0.5512425292111468,-0.23073998292830272,-1.0,0.0,0.0,1.0,0.0,0.0,0.0,1.0,0.0,0.0,0.0,0.0,1.0,0
-1.044776119402985,0.0,-0.2871167587395036,-0.29912441027664044,0.0,0.0,0.0,1.0,0.0,1.0,0.0,0.0,0.0,0.0,0.0,1.0,0.0,0
1.0186567164179106,0.0,0.8789393844079414,-0.13674648100901546,3.0,0.0,0.0,0.0,1.0,1.0,0.0,0.0,0.0,0.0,0.0,1.0,0.0,1
0.9552238805970149,-1.0,0.26884474585846263,-0.68637763954999,0.0,0.0,1.0,0.0,0.0,0.0,1.0,0.0,0.0,0.0,1.0,0.0,0.0,1
-0.2835820895522388,1.0,-0.5989168884638079,-0.7544628017017119,-1.0,0.0,0.0,0.0,1.0,0.0,0.0,1.0,0.0,0.0,0.0,1.0,0.0,0
-1.25,0.5,-0.5997777853550038,0.4503322888893828,0.0,0.0,0.0,1.0,0.0,1.0,0.0,0.0,0.0,0.0,1.0,0.0,0.0,0
0.47761194029850745,1.0,0.614805471819926,-0.18572579283220716,1.0,0.0,0.0,1.0,0.0,1.0,0.0,0.0,0.0,0.0,1.0,0.0,0.0,0
0.7985074626865671,-1.5,-0.009250806872331615,-0.26499982427655777,0.0,0.0,0.0,0.0,1.0,0.0,1.0,0.0,0.0,0.0,0.0,1.0,0.0,0
0.43283582089552236,-0.5,-0.19994215949441987,-0.3510685475546284,1.0,0.0,0.0,0.0,1.0,1.0,0.0,0.0,0.0,0.0,0.0,1.0,0.0,0
0.9925373134328358,-1.0,0.008814877992768927,1.1812278527926285,0.0,0.0,0.0,1.0,0.0,1.0,0.0,0.0,0.0,0.0,1.0,0.0,0.0,1
-0.6194029850746269,1.0,0.4625987511333284,1.0140581048345807,0.0,0.0,0.0,0.0,1.0,1.0,0.0,0.0,0.0,0.0,0.0,0.0,1.0,0
1.2723880597014925,-0.5,0.05292312731555595,-0.3523290950057711,0.0,0.0,0.0,1.0,0.0,0.0,0.0,0.0,1.0,0.0,0.0,1.0,0.0,0
1.414179104477612,1.5,-0.05765849574347083,0.2613825304003396,1.0,0.0,0.0,1.0,0.0,0.0,0.0,1.0,0.0,0.0,0.0,0.0,1.0,1
-0.5186567164179104,0.0,-0.41655955468267725,0.9899954671519318,0.0,0.0,0.0,1.0,0.0,1.0,0.0,0.0,0.0,0.0,1.0,0.0,0.0,0
1.0634328358208955,-1.0,0.1614374323679001,0.08142457263446527,-1.0,0.0,0.0,1.0,0.0,0.0,1.0,0.0,0.0,0.0,0.0,0.0,1.0,0
0.44402985074626866,-1.0,-0.5289681973307746,0.30368228311819906,0.0,0.0,0.0,0.0,1.0,0.0,0.0,1.0,0.0,0.0,1.0,0.0,0.0,0
-0.3358208955223881,1.5,1.9615057864789567,-0.880535856945247,1.0,0.0,0.0,1.0,0.0,1.0,0.0,0.0,0.0,0.0,1.0,0.0,0.0,1
0.5298507462686567,0.5,0.02275658312600102,-0.8801678950601206,0.0,0.0,0.0,1.0,0.0,1.0,0.0,0.0,0.0,0.0,1.0,0.0,0.0,0
-0.6156716417910447,-0.5,1.6338055586854863,0.4289238551967577,1.0,0.0,0.0,1.0,0.0,0.0,1.0,0.0,0.0,0.0,0.0,1.0,0.0,0
-0.7089552238805971,-1.5,0.23079157505722872,1.261799989717263,1.0,0.0,0.0,1.0,0.0,0.0,1.0,0.0,0.0,0.0,0.0,0.0,1.0,1
-0.7873134328358209,1.0,-0.5132862875427672,-0.9486691925855572,0.0,0.0,0.0,1.0,0.0,1.0,0.0,0.0,0.0,0.0,0.0,0.0,1.0,1
-0.2873134328358209,-1.5,-0.18325710704515072,-0.28592736338389735,-1.0,0.0,0.0,1.0,0.0,1.0,0.0,0.0,0.0,0.0,0.0,0.0,1.0,0
0.007462686567164179,-1.0,0.3490362427885836,0.040531785019994104,0.0,0.0,0.0,0.0,1.0,1.0,0.0,0.0,0.0,0.0,1.0,0.0,0.0,0
0.7873134328358209,-1.0,1.2706740991514596,1.269799936975182,0.0,0.0,0.0,1.0,0.0,1.0,0.0,0.0,0.0,0.0,0.0,1.0,0.0,1
0.0,1.0,0.9093356291286935,-0.350882411069341,1.0,0.0,0.0,0.0,1.0,1.0,0.0,0.0,0.0,0.0,1.0,0.0,0.0,0
0.007462686567164179,-1.0,2.022678318003942,-0.5916789373542236,1.0,0.0,0.0,0.0,1.0,1.0,0.0,0.0,0.0,0.0,1.0,0.0,0.0,0
0.7761194029850746,1.5,-0.08442938986090655,0.2797249664487549,2.0,0.0,0.0,0.0,1.0,1.0,0.0,0.0,0.0,0.0,1.0,0.0,0.0,1
-0.7425373134328358,0.5,0.23863033910610038,-1.0573097045715212,0.0,0.0,1.0,0.0,0.0,1.0,0.0,0.0,0.0,0.0,1.0,0.0,0.0,0
0.4141791044776119,0.0,-0.5324066157337094,-0.8204000455750396,0.0,0.0,0.0,0.0,1.0,0.0,0.0,1.0,0.0,0.0,0.0,1.0,0.0,0
-0.31716417910447764,-1.5,1.1708163481379605,0.39769757081382473,-1.0,0.0,0.0,0.0,1.0,0.0,0.0,0.0,1.0,0.0,1.0,0.0,0.0,0
0.6380597014925373,-1.5,0.992861949143599,0.5228999684738191,0.0,1.0,0.0,1.0,0.0,1.0,0.0,0.0,0.0,0.0,1.0,0.0,0.0,0
1.085820895522388,-0.5,2.9379610426577685,0.6109618607087866,2.0,0.0,0.0,1.0,0.0,1.0,0.0,0.0,0.0,0.0,0.0,1.0,0.0,1
-1.3805970149253732,-1.5,0.7271678663806563,0.1735608621706717,1.0,1.0,0.0,0.0,1.0,1.0,0.0,0.0,0.0,0.0,1.0,0.0,0.0,0
-0.9328358208955224,0.5,3.3190512270754224,-0.023386512755306472,0.0,0.0,0.0,0.0,1.0,1.0,0.0,0.0,0.0,0.0,1.0,0.0,0.0,0
0.5485074626865671,0.5,-0.49408390441894834,-0.5601063941643144,1.0,0.0,0.0,0.0,1.0,0.0,0.0,1.0,0.0,0.0,0.0,1.0,0.0,0
1.7682089552238844,1.5,-0.6217278394225659,-0.39779270759034063,0.0,0.0,0.0,1.0,0.0,0.0,0.0,1.0,0.0,0.0,1.0,0.0,0.0,1
0.3358208955223881,-0.5,-0.47871638798394617,0.5233736237081352,1.0,1.0,0.0,0.0,1.0,1.0,0.0,0.0,0.0,0.0,0.0,1.0,0.0,0
1.2537313432835822,-1.5,3.488464304680498,-0.6742074657427019,0.0,1.0,1.0,0.0,0.0,1.0,0.0,0.0,0.0,0.0,1.0,0.0,0.0,1
-0.4291044776119403,0.5,-0.5775958326704967,0.036356695512003406,0.0,0.0,1.0,0.0,0.0,0.0,0.0,1.0,0.0,0.0,0.0,1.0,0.0,0
0.14925373134328357,1.0,1.1869714105573865,-0.1487461980849677,1.0,0.0,0.0,0.0,1.0,1.0,0.0,0.0,0.0,0.0,0.0,1.0,0.0,1
-0.06343283582089553,2.0,-0.23065709620015667,-0.05457077674195926,2.0,0.0,0.0,0.0,1.0,1.0,0.0,0.0,0.0,0.0,0.0,0.0,1.0,1
-0.14925373134328357,-0.5,1.7061218699909595,-0.7188493081127402,3.0,0.0,0.0,1.0,0.0,0.0,0.0,1.0,0.0,0.0,0.0,0.0,1.0,1
-1.6194029850746268,0.0,-0.6015312859917998,0.0047262565291464,2.0,1.0,0.0,0.0,1.0,1.0,0.0,0.0,0.0,0.0,1.0,0.0,0.0,1
-0.835820895522388,0.5,1.1117544049214414,-0.5305741534022662,2.0,1.0,1.0,0.0,0.0,1.0,0.0,0.0,0.0,0.0,0.0,0.0,1.0,1
-0.14925373134328357,0.5,0.014921883386505503,0.39303549666202164,2.0,0.0,0.0,0.0,1.0,1.0,0.0,0.0,0.0,0.0,0.0,0.0,1.0,1
0.373134328358209,-1.0,-0.30396764072311183,-0.03137529138152107,-1.0,0.0,0.0,1.0,0.0,1.0,0.0,0.0,0.0,0.0,1.0,0.0,0.0,0
0.6716417910447762,1.5,0.9556398787418254,-0.15131831178315236,1.0,0.0,0.0,1.0,0.0,0.0,0.0,0.0,1.0,0.0,0.0,0.0,1.0,1
-0.06343283582089553,0.5,-0.3819641805868672,-0.8469775279989268,1.0,0.0,0.0,1.0,0.0,0.0,1.0,0.0,0.0,0.0,1.0,0.0,0.0,0
-1.0,0.0,-0.4898088230746283,0.7585104854530834,-1.0,0.0,0.0,0.0,1.0,0.0,0.0,0.0,1.0,0.0,1.0,0.0,0.0,0
0.19029850746268656,0.5,-0.24896682840637405,-0.5759345935740313,0.0,0.0,0.0,0.0,1.0,1.0,0.0,0.0,0.0,0.0,1.0,0.0,0.0,0
0.1865671641791045,1.0,3.488464304680498,-0.5187127160336523,-1.0,0.0,0.0,0.0,1.0,0.0,0.0,1.0,0.0,0.0,1.0,0.0,0.0,1
-0.3843283582089552,0.5,-0.17307951061084456,-0.20690033611213485,0.0,0.0,0.0,0.0,1.0,1.0,0.0,0.0,0.0,0.0,0.0,0.0,1.0,0
-0.25,1.0,0.6861918860639006,-1.0693196078992746,0.0,0.0,0.0,1.0,0.0,1.0,0.0,0.0,0.0,0.0,1.0,0.0,0.0,0
-1.1007462686567164,-1.0,0.09815689648603385,0.6765124894422642,2.0,0.0,0.0,1.0,0.0,1.0,0.0,0.0,0.0,0.0,1.0,0.0,0.0,1
-0.6529850746268657,0.0,0.14453083739090342,-0.13710989722646078,1.0,0.0,0.0,0.0,1.0,0.0,0.0,1.0,0.0,0.0,1.0,0.0,0.0,0
-0.2537313432835821,2.5,-0.5958411557341944,-0.1797591857878837,2.0,1.0,1.0,0.0,0.0,1.0,0.0,0.0,0.0,0.0,1.0,0.0,0.0,1
0.07462686567164178,2.0,-0.4938265619717548,1.3505285290168172,2.0,1.0,0.0,0.0,1.0,1.0,0.0,0.0,0.0,0.0,0.0,1.0,0.0,1
0.34328358208955223,0.0,-0.07789699802744092,0.08483126462985269,0.0,1.0,0.0,1.0,0.0,0.0,0.0,0.0,1.0,0.0,1.0,0.0,0.0,0
-1.3992537313432836,-1.5,-0.29608268773919716,-0.6368219511429433,0.0,0.0,0.0,0.0,1.0,0.0,1.0,0.0,0.0,0.0,1.0,0.0,0.0,0
1.7682089552238844,0.5,-0.32671134784165384,0.5088193741185029,0.0,0.0,0.0,1.0,0.0,1.0,0.0,0.0,0.0,0.0,0.0,1.0,0.0,1
-0.27611940298507465,1.0,1.8689555770905637,1.5421483829815625,1.0,1.0,0.0,1.0,0.0,0.0,0.0,1.0,0.0,0.0,0.0,1.0,0.0,1
-0.22014925373134328,2.0,-0.35503562812256484,0.9542144363398766,-1.0,0.0,0.0,0.0,1.0,0.0,0.0,1.0,0.0,0.0,0.0,1.0,0.0,1
0.4626865671641791,1.0,-0.5081726080199331,0.05785578419852195,0.0,1.0,0.0,1.0,0.0,0.0,0.0,1.0,0.0,0.0,0.0,0.0,1.0,1
0.5708955223880597,-0.5,0.271218104105897,0.9927451575927674,1.0,0.0,0.0,0.0,1.0,1.0,0.0,0.0,0.0,0.0,1.0,0.0,0.0,1
0.20149253731343283,0.0,0.7065205459475443,0.14947156363236241,1.0,0.0,0.0,0.0,1.0,1.0,0.0,0.0,0.0,0.0,1.0,0.0,0.0,0
0.332089552238806,-1.0,-0.006480110111846172,-0.9395698181646026,0.0,0.0,0.0,1.0,0.0,1.0,0.0,0.0,0.0,0.0,1.0,0.0,0.0,0
0.6902985074626866,-1.5,-0.06451602111141061,0.5824317335532883,0.0,0.0,0.0,1.0,0.0,1.0,0.0,0.0,0.0,0.0,1.0,0.0,0.0,0
1.3656716417910448,0.5,-0.09017556600395707,0.2317670062130956,2.0,0.0,0.0,1.0,0.0,1.0,0.0,0.0,0.0,0.0,0.0,1.0,0.0,1
-0.16417910447761194,-1.0,-0.6143949022824136,0.9277558903527555,1.0,1.0,1.0,0.0,0.0,0.0,0.0,0.0,0.0,1.0,0.0,1.0,0.0,0
0.9440298507462687,0.0,-0.5477582570659375,0.7869539956387441,1.0,1.0,0.0,0.0,1.0,0.0,1.0,0.0,0.0,0.0,0.0,1.0,0.0,0
0.8694029850746269,1.0,1.6870072223235462,-0.11253373960403201,0.0,1.0,0.0,0.0,1.0,1.0,0.0,0.0,0.0,0.0,1.0,0.0,0.0,0
0.1865671641791045,1.5,-0.48137649910893304,0.2747898305166962,-1.0,0.0,0.0,1.0,0.0,0.0,0.0,1.0,0.0,0.0,1.0,0.0,0.0,1
-0.3656716417910448,0.0,-0.2932924147102777,0.40981876162036757,-1.0,1.0,0.0,1.0,0.0,0.0,0.0,1.0,0.0,0.0,1.0,0.0,0.0,0
-0.34328358208955223,0.5,0.8396190919933815,-0.2383419510228152,1.0,1.0,0.0,0.0,1.0,1.0,0.0,0.0,0.0,0.0,0.0,1.0,0.0,0
1.126865671641791,-1.0,0.5165337294457575,0.2748909354196854,1.0,1.0,0.0,0.0,1.0,1.0,0.0,0.0,0.0,0.0,1.0,0.0,0.0,0
1.1567164179104477,0.0,0.6383289917192264,0.8762051433004675,-1.0,0.0,0.0,1.0,0.0,1.0,0.0,0.0,0.0,0.0,0.0,1.0,0.0,0
-1.6194029850746268,1.0,0.5771026852328274,-0.2958294620713212,0.0,0.0,0.0,1.0,0.0,1.0,0.0,0.0,0.0,0.0,0.0,0.0,1.0,0
0.08955223880597014,-1.5,1.8730459786042508,1.1262284761257073,0.0,0.0,0.0,0.0,1.0,0.0,1.0,0.0,0.0,0.0,1.0,0.0,0.0,1
-1.242537313432836,-1.5,0.7556666817806744,-0.5336268549745015,1.0,0.0,0.0,1.0,0.0,0.0,1.0,0.0,0.0,0.0,0.0,0.0,1.0,1
0.6156716417910447,0.5,-0.10947154961155307,0.1734355835706279,1.0,1.0,0.0,1.0,0.0,0.0,1.0,0.0,0.0,0.0,0.0,1.0,0.0,0
-0.5410447761194029,0.0,0.5621549992427615,0.8284636264660938,0.0,0.0,0.0,1.0,0.0,0.0,0.0,0.0,0.0,1.0,0.0,1.0,0.0,1
-0.2835820895522388,1.5,0.037389140615476706,-0.023982529588721005,2.0,0.0,0.0,1.0,0.0,0.0,0.0,0.0,0.0,1.0,0.0,1.0,0.0,1
0.5970149253731343,-0.5,0.43976443398488163,-0.7167813493855574,2.0,0.0,0.0,1.0,0.0,1.0,0.0,0.0,0.0,0.0,1.0,0.0,0.0,1
0.06343283582089553,-1.0,2.3763442061286666,-0.1840072376497015,0.0,0.0,0.0,1.0,0.0,1.0,0.0,0.0,0.0,0.0,0.0,1.0,0.0,0
0.5932835820895522,0.5,0.07007739365757933,0.08005787085420922,0.0,0.0,0.0,1.0,0.0,0.0,0.0,0.0,1.0,0.0,1.0,0.0,0.0,0
-0.30597014925373134,0.0,-0.051215263472368655,0.1872256393532532,0.0,1.0,0.0,0.0,1.0,1.0,0.0,0.0,0.0,0.0,1.0,0.0,0.0,0
0.5522388059701493,-1.5,0.1377220509156768,-0.950569394673269,-1.0,0.0,0.0,1.0,0.0,0.0,1.0,0.0,0.0,0.0,1.0,0.0,0.0,1
-0.007462686567164179,1.0,-0.5518456921462329,1.3099815350358661,-1.0,0.0,0.0,1.0,0.0,1.0,0.0,0.0,0.0,0.0,0.0,1.0,0.0,1
0.5932835820895522,0.5,0.08169554538208128,-0.060661733351955245,1.0,0.0,0.0,1.0,0.0,0.0,0.0,1.0,0.0,0.0,0.0,1.0,0.0,0
0.4552238805970149,0.5,0.039984954751633064,-0.7774682790031445,-1.0,0.0,0.0,1.0,0.0,1.0,0.0,0.0,0.0,0.0,1.0,0.0,0.0,0
-0.23880597014925373,-0.5,-0.5344211300415674,-0.4292934353936848,0.0,0.0,0.0,0.0,1.0,0.0,0.0,1.0,0.0,0.0,1.0,0.0,0.0,1
-0.8432835820895522,2.0,-0.22756551172074582,0.6118558995651163,0.0,1.0,1.0,0.0,0.0,0.0,0.0,1.0,0.0,0.0,1.0,0.0,0.0,1
-0.19029850746268656,-1.5,-0.020724075751046605,0.523130672012339,1.0,0.0,1.0,0.0,0.0,1.0,0.0,0.0,0.0,0.0,0.0,0.0,1.0,0
0.9216417910447762,-1.5,3.0792935256985827,-0.8374069435119921,0.0,1.0,0.0,1.0,0.0,1.0,0.0,0.0,0.0,0.0,0.0,1.0,0.0,1
0.458955223880597,0.5,2.316641756256907,-0.34647204286770655,1.0,0.0,0.0,1.0,0.0,1.0,0.0,0.0,0.0,0.0,1.0,0.0,0.0,0
-1.4029850746268657,0.0,-0.33428451436131806,-0.31314935750560086,-1.0,1.0,1.0,0.0,0.0,0.0,0.0,0.0,1.0,0.0,0.0,1.0,0.0,0
-0.22388059701492538,-1.0,0.050516994815104216,0.4193569623488089,1.0,0.0,0.0,1.0,0.0,1.0,0.0,0.0,0.0,0.0,0.0,1.0,0.0,0
1.5261194029850746,1.0,0.025400950386123607,-0.01015571742718314,0.0,0.0,0.0,0.0,1.0,0.0,0.0,1.0,0.0,0.0,1.0,0.0,0.0,0
0.8805970149253731,1.0,1.4759320909807354,0.890984042666799,-1.0,0.0,0.0,0.0,1.0,0.0,0.0,1.0,0.0,0.0,0.0,0.0,1.0,0
-1.4738805970149254,1.0,0.24346518966156996,-0.183093966799796,1.0,0.0,0.0,1.0,0.0,0.0,0.0,1.0,0.0,0.0,1.0,0.0,0.0,1
0.17164179104477612,-0.5,-0.13654725518656521,0.9315002989331069,-1.0,0.0,1.0,0.0,0.0,1.0,0.0,0.0,0.0,0.0,1.0,0.0,0.0,0
-0.7835820895522388,-1.0,-0.6165601786264641,1.7206757969526445,0.0,0.0,0.0,1.0,0.0,1.0,0.0,0.0,0.0,0.0,0.0,1.0,0.0,1
0.3283582089552239,0.0,-0.5502282955542517,-0.7355040516027552,2.0,0.0,0.0,1.0,0.0,1.0,0.0,0.0,0.0,0.0,0.0,0.0,1.0,1
0.585820895522388,-1.0,1.7103682288258766,-0.1325268545851786,-1.0,0.0,0.0,0.0,1.0,1.0,0.0,0.0,0.0,0.0,0.0,0.0,1.0,0
0.0708955223880597,-0.5,-0.5767756054335313,-0.35403606703222046,0.0,0.0,0.0,1.0,0.0,0.0,0.0,1.0,0.0,0.0,0.0,0.0,1.0,0
0.3358208955223881,2.5,3.054154039464452,1.1155204989333822,-1.0,0.0,0.0,1.0,0.0,1.0,0.0,0.0,0.0,0.0,0.0,1.0,0.0,1
-0.6940298507462687,0.5,-0.42466136291760115,0.5431007006301825,0.0,0.0,0.0,0.0,1.0,0.0,0.0,1.0,0.0,0.0,0.0,1.0,0.0,1
-0.5671641791044776,2.0,-0.12337944235084534,0.031334665631796405,2.0,0.0,0.0,1.0,0.0,1.0,0.0,0.0,0.0,0.0,1.0,0.0,0.0,1
0.16044776119402984,-1.0,-0.4052438774539998,0.17769956055715774,1.0,0.0,0.0,1.0,0.0,1.0,0.0,0.0,0.0,0.0,1.0,0.0,0.0,1
-1.6007462686567164,-0.5,-0.27941375872796265,0.19368274285931686,2.0,0.0,0.0,1.0,0.0,1.0,0.0,0.0,0.0,0.0,1.0,0.0,0.0,1
-0.8059701492537313,-1.0,0.07006041888056712,-0.7968543575363048,2.0,0.0,0.0,0.0,1.0,1.0,0.0,0.0,0.0,0.0,1.0,0.0,0.0,1
1.2014925373134329,0.5,-0.38885030223164563,0.5362704393580731,2.0,0.0,0.0,1.0,0.0,1.0,0.0,0.0,0.0,0.0,1.0,0.0,0.0,1
0.8843283582089553,0.5,0.2583268409428818,0.677673411591203,1.0,1.0,0.0,1.0,0.0,0.0,0.0,1.0,0.0,0.0,1.0,0.0,0.0,0
1.4328358208955223,-1.0,3.488464304680498,1.1156814004113338,2.0,0.0,0.0,1.0,0.0,1.0,0.0,0.0,0.0,0.0,0.0,0.0,1.0,1
1.2537313432835822,1.5,-0.5798456885602664,0.1588501265126892,-1.0,1.0,0.0,1.0,0.0,1.0,0.0,0.0,0.0,0.0,1.0,0.0,0.0,1
0.3208955223880597,0.0,1.3153305526327412,0.6809315581554413,1.0,0.0,0.0,0.0,1.0,1.0,0.0,0.0,0.0,0.0,1.0,0.0,0.0,0
-0.9888059701492538,-1.5,-0.24629502092987532,-0.3222402072897029,2.0,0.0,0.0,1.0,0.0,1.0,0.0,0.0,0.0,0.0,1.0,0.0,0.0,1
-0.2126865671641791,-0.5,-0.5171225638612951,1.7206757969526445,0.0,0.0,0.0,0.0,1.0,1.0,0.0,0.0,0.0,0.0,0.0,1.0,0.0,1
-0.08582089552238806,0.5,-0.5221653030304348,-0.6311328589788482,0.0,0.0,0.0,1.0,0.0,0.0,0.0,1.0,0.0,0.0,1.0,0.0,0.0,0
-0.39925373134328357,0.5,-0.11498814394151817,0.4272386642283195,1.0,0.0,0.0,1.0,0.0,1.0,0.0,0.0,0.0,0.0,1.0,0.0,0.0,0
-0.2798507462686567,0.0,1.2846235051750419,0.004650395275136933,0.0,0.0,0.0,1.0,0.0,0.0,0.0,0.0,1.0,0.0,0.0,1.0,0.0,0
-0.8470149253731343,-1.0,-0.026582040287900555,1.0221842894947335,-1.0,0.0,0.0,1.0,0.0,1.0,0.0,0.0,0.0,0.0,1.0,0.0,0.0,0
-0.7649253731343284,1.5,0.06149942195553973,-0.3357544490413662,0.0,0.0,0.0,1.0,0.0,0.0,0.0,0.0,1.0,0.0,1.0,0.0,0.0,1
-1.4514925373134329,0.5,-0.3245788308999847,-0.29780188531402496,1.0,0.0,0.0,1.0,0.0,1.0,0.0,0.0,0.0,0.0,1.0,0.0,0.0,0
0.35447761194029853,0.5,2.269802878837248,0.44841120442266474,1.0,0.0,0.0,1.0,0.0,0.0,0.0,1.0,0.0,0.0,0.0,0.0,1.0,0
0.5335820895522388,-1.5,0.18205696137549862,-1.0377667781163709,0.0,0.0,0.0,1.0,0.0,1.0,0.0,0.0,0.0,0.0,0.0,0.0,1.0,0
0.5410447761194029,-1.5,0.33840111493283287,-0.4992346188989315,0.0,0.0,0.0,1.0,0.0,0.0,0.0,1.0,0.0,0.0,1.0,0.0,0.0,0
-0.5634328358208955,-1.5,0.2887782934312283,-0.23020432166944546,0.0,0.0,0.0,0.0,1.0,1.0,0.0,0.0,0.0,0.0,1.0,0.0,0.0,0
0.07835820895522388,0.5,-0.12321801020818675,-0.7307339376760256,1.0,0.0,0.0,1.0,0.0,1.0,0.0,0.0,0.0,0.0,0.0,1.0,0.0,0
0.029850746268656716,-0.5,-0.10449741603723044,0.8562117381267373,1.0,0.0,0.0,1.0,0.0,1.0,0.0,0.0,0.0,0.0,0.0,0.0,1.0,0
0.9104477611940298,0.0,1.795587027467569,-0.9573481720983218,0.0,0.0,0.0,0.0,1.0,1.0,0.0,0.0,0.0,0.0,1.0,0.0,0.0,0
-0.8134328358208955,-0.5,-0.6124689993890409,-0.8227291561054421,1.0,0.0,0.0,0.0,1.0,1.0,0.0,0.0,0.0,0.0,1.0,0.0,0.0,0
-1.6082089552238805,0.0,-0.45913955174103294,0.4895203655670492,1.0,0.0,0.0,0.0,1.0,0.0,1.0,0.0,0.0,0.0,1.0,0.0,0.0,0
0.6044776119402985,-1.5,-0.5785245055923853,-0.9430157741792674,-1.0,1.0,0.0,1.0,0.0,1.0,0.0,0.0,0.0,0.0,0.0,1.0,0.0,0
0.585820895522388,1.0,1.2137669793910386,-0.38529682968206463,2.0,0.0,0.0,1.0,0.0,0.0,1.0,0.0,0.0,0.0,1.0,0.0,0.0,1
0.45149253731343286,0.0,-0.5893096379892256,1.0229945714787063,0.0,1.0,0.0,1.0,0.0,0.0,0.0,1.0,0.0,0.0,1.0,0.0,0.0,1
0.4253731343283582,-0.5,3.488464304680498,-0.034265935268021464,3.0,0.0,0.0,1.0,0.0,1.0,0.0,0.0,0.0,0.0,0.0,1.0,0.0,1
-0.2537313432835821,1.0,0.5585464046966874,0.34560556577868545,-1.0,0.0,0.0,1.0,0.0,0.0,0.0,0.0,1.0,0.0,0.0,0.0,1.0,0
-0.026119402985074626,0.0,2.4709081081398976,-1.0693196078992746,0.0,0.0,0.0,0.0,1.0,1.0,0.0,0.0,0.0,0.0,0.0,1.0,0.0,0
0.16044776119402984,1.0,0.5090174365741947,0.542032000115739,3.0,0.0,0.0,1.0,0.0,0.0,0.0,1.0,0.0,0.0,0.0,1.0,0.0,1
-1.2723880597014925,1.5,-0.5436090851458344,-0.8152007260473442,1.0,0.0,0.0,1.0,0.0,1.0,0.0,0.0,0.0,0.0,1.0,0.0,0.0,1
0.458955223880597,-0.5,-0.08269982135540713,0.14321263363313982,0.0,0.0,0.0,1.0,0.0,0.0,1.0,0.0,0.0,0.0,0.0,1.0,0.0,1
-0.6380597014925373,1.5,1.867514316915306,-0.7196621663204945,1.0,0.0,0.0,1.0,0.0,0.0,0.0,0.0,1.0,0.0,0.0,0.0,1.0,1
0.6567164179104478,-1.5,1.2487982803513817,-0.18847078812830856,1.0,1.0,0.0,0.0,1.0,0.0,1.0,0.0,0.0,0.0,0.0,1.0,0.0,0
1.414179104477612,-1.5,1.4725781533238993,-0.6263678617134493,1.0,1.0,0.0,0.0,1.0,1.0,0.0,0.0,0.0,0.0,0.0,1.0,0.0,1
-0.41044776119402987,1.5,-0.5766664064404459,-0.018676997872941276,1.0,0.0,0.0,1.0,0.0,0.0,0.0,0.0,0.0,1.0,1.0,0.0,0.0,1
-0.8395522388059702,0.0,-0.2879943725273246,0.04507940281774974,-1.0,0.0,0.0,0.0,1.0,1.0,0.0,0.0,0.0,0.0,0.0,0.0,1.0,0
-0.48134328358208955,2.5,0.567888435308347,-0.48107962414465655,1.0,1.0,0.0,1.0,0.0,0.0,0.0,1.0,0.0,0.0,0.0,0.0,1.0,1
-0.34328358208955223,-0.5,-0.0382738367879184,-0.25211334305545774,0.0,0.0,0.0,0.0,1.0,0.0,0.0,1.0,0.0,0.0,1.0,0.0,0.0,0
0.832089552238806,-0.5,-0.09311608045053596,0.6785368483725147,-1.0,1.0,0.0,1.0,0.0,1.0,0.0,0.0,0.0,0.0,0.0,1.0,0.0,0
0.996268656716418,1.0,1.4327762625120142,-0.7396723916022075,-1.0,0.0,0.0,0.0,1.0,0.0,1.0,0.0,0.0,0.0,0.0,1.0,0.0,0
-1.6194029850746268,0.0,-0.041627060405155666,0.6903696343343704,0.0,0.0,0.0,1.0,0.0,0.0,0.0,1.0,0.0,0.0,0.0,0.0,1.0,0
0.0708955223880597,1.5,-0.10148997772321058,-0.5436132217884737,1.0,0.0,0.0,0.0,1.0,1.0,0.0,0.0,0.0,0.0,0.0,1.0,0.0,1
-1.3208955223880596,0.0,-0.02034223433442822,0.07911990930221108,-1.0,0.0,0.0,1.0,0.0,1.0,0.0,0.0,0.0,0.0,1.0,0.0,0.0,0
-0.7238805970149254,1.5,-0.3279014807288061,1.3207612185830622,2.0,0.0,0.0,1.0,0.0,1.0,0.0,0.0,0.0,0.0,0.0,0.0,1.0,1
-0.7126865671641791,0.0,0.33684673225965556,-0.16945854509933814,0.0,0.0,0.0,1.0,0.0,0.0,0.0,0.0,0.0,1.0,1.0,0.0,0.0,1
0.5335820895522388,1.0,0.4204714764099831,0.37504485562960993,-1.0,0.0,0.0,0.0,1.0,0.0,0.0,0.0,0.0,1.0,0.0,1.0,0.0,1
0.7723880597014925,0.0,0.3316473058673175,0.6871593227045373,1.0,0.0,0.0,1.0,0.0,0.0,0.0,1.0,0.0,0.0,1.0,0.0,0.0,0
-0.3694029850746269,0.0,-0.5864428846626253,0.7179073287025577,1.0,1.0,0.0,0.0,1.0,1.0,0.0,0.0,0.0,0.0,0.0,1.0,0.0,0
-0.22388059701492538,-0.5,-0.3089339603085138,-0.0805221535352162,0.0,0.0,0.0,0.0,1.0,1.0,0.0,0.0,0.0,0.0,0.0,1.0,0.0,0
0.4552238805970149,0.0,0.25222680681267434,0.5925483257321682,0.0,0.0,0.0,1.0,0.0,0.0,0.0,1.0,0.0,0.0,1.0,0.0,0.0,0
-0.8880597014925373,2.5,0.3336174044953054,0.19752662078714986,2.0,0.0,0.0,1.0,0.0,1.0,0.0,0.0,0.0,0.0,0.0,0.0,1.0,1
0.2574626865671642,1.5,0.03757974816421597,0.7848169819928303,1.0,0.0,0.0,1.0,0.0,1.0,0.0,0.0,0.0,0.0,0.0,0.0,1.0,1
-0.753731343283582,2.0,-0.41382115702231836,1.1370245064260696,2.0,0.0,0.0,1.0,0.0,1.0,0.0,0.0,0.0,0.0,0.0,1.0,0.0,1
0.7985074626865671,-1.5,-0.3998326435047178,0.4441087404738542,0.0,0.0,0.0,1.0,0.0,0.0,0.0,1.0,0.0,0.0,1.0,0.0,0.0,0
-0.3582089552238806,0.0,-0.12551741226646304,1.7206757969526445,3.0,0.0,0.0,0.0,1.0,1.0,0.0,0.0,0.0,0.0,1.0,0.0,0.0,1
0.048507462686567165,-0.5,0.01626739106295876,0.6841885876392065,3.0,0.0,0.0,1.0,0.0,1.0,0.0,0.0,0.0,0.0,0.0,1.0,0.0,1
-0.6082089552238806,-0.5,-0.5428637289805367,-0.8270700075292033,0.0,0.0,0.0,1.0,0.0,1.0,0.0,0.0,0.0,0.0,0.0,1.0,0.0,0
0.40298507462686567,0.5,3.488464304680498,-0.5717402196172604,0.0,0.0,0.0,0.0,1.0,1.0,0.0,0.0,0.0,0.0,1.0,0.0,0.0,0
-1.0223880597014925,0.0,1.1396812388420823,-0.01545970609058917,0.0,0.0,0.0,1.0,0.0,1.0,0.0,0.0,0.0,0.0,0.0,0.0,1.0,0
-0.13432835820895522,0.5,0.14981448585977866,0.773681050112461,1.0,1.0,0.0,1.0,0.0,1.0,0.0,0.0,0.0,0.0,0.0,0.0,1.0,0
-0.832089552238806,1.0,0.35443897950551356,-0.6399000123916823,0.0,0.0,0.0,1.0,0.0,1.0,0.0,0.0,0.0,0.0,1.0,0.0,0.0,0
0.5932835820895522,-0.5,0.2882475063990021,1.3578778686774216,0.0,1.0,1.0,0.0,0.0,0.0,1.0,0.0,0.0,0.0,0.0,0.0,1.0,1
0.21641791044776118,-1.5,1.2410999232679762,0.20154737583696478,3.0,0.0,0.0,1.0,0.0,0.0,0.0,1.0,0.0,0.0,1.0,0.0,0.0,1
-0.5485074626865671,-1.5,0.11441812237733524,0.2621890989318107,-1.0,0.0,0.0,1.0,0.0,0.0,0.0,1.0,0.0,0.0,1.0,0.0,0.0,0
-0.27611940298507465,-1.0,-0.41689105871014126,-0.0058990274890521706,1.0,0.0,0.0,1.0,0.0,1.0,0.0,0.0,0.0,0.0,1.0,0.0,0.0,0
-1.0,1.0,-0.558341746515324,0.4093865418832695,1.0,0.0,0.0,0.0,1.0,0.0,0.0,1.0,0.0,0.0,0.0,1.0,0.0,0
0.5373134328358209,-1.5,-0.1607079720860577,-0.23108734073028986,1.0,0.0,0.0,1.0,0.0,1.0,0.0,0.0,0.0,0.0,0.0,0.0,1.0,0
0.17537313432835822,-1.5,1.860603884621612,0.2983299194925592,-1.0,0.0,0.0,0.0,1.0,1.0,0.0,0.0,0.0,0.0,1.0,0.0,0.0,0
1.044776119402985,0.0,-0.4522237712432145,0.08164101568409479,0.0,1.0,0.0,0.0,1.0,0.0,0.0,0.0,1.0,0.0,0.0,1.0,0.0,0
-1.3059701492537314,0.0,-0.33887859671397336,-0.30778287301295015,0.0,0.0,0.0,0.0,1.0,0.0,0.0,1.0,0.0,0.0,1.0,0.0,0.0,1
0.13059701492537312,0.0,1.39710233496462,1.5302668568890516,1.0,0.0,0.0,1.0,0.0,0.0,1.0,0.0,0.0,0.0,1.0,0.0,0.0,1
0.35074626865671643,0.0,-0.49947206518522674,0.4612298606866401,1.0,0.0,0.0,1.0,0.0,1.0,0.0,0.0,0.0,0.0,0.0,0.0,1.0,0
0.7201492537313433,1.0,-0.6217278394225659,-0.7760376228020172,-1.0,0.0,0.0,1.0,0.0,0.0,1.0,0.0,0.0,0.0,1.0,0.0,0.0,0
0.7798507462686567,0.0,0.5066184803216927,-0.03953432975067152,-1.0,0.0,0.0,0.0,1.0,1.0,0.0,0.0,0.0,0.0,1.0,0.0,0.0,0
-0.15298507462686567,0.5,-0.19573853030860477,-0.3291236280994791,-1.0,0.0,0.0,1.0,0.0,1.0,0.0,0.0,0.0,0.0,0.0,0.0,1.0,0
0.026119402985074626,0.5,-0.4111706542087632,1.3701669025306393,0.0,0.0,0.0,0.0,1.0,0.0,0.0,0.0,1.0,0.0,1.0,0.0,0.0,1
0.5522388059701493,-1.5,-0.46073889772357995,1.0775069075613797,1.0,0.0,0.0,1.0,0.0,1.0,0.0,0.0,0.0,0.0,1.0,0.0,0.0,0
-0.8805970149253731,-0.5,0.3156579000162056,-0.765066417794816,1.0,0.0,0.0,1.0,0.0,0.0,0.0,0.0,1.0,0.0,1.0,0.0,0.0,0
-0.07835820895522388,0.5,0.4771310692589116,-0.5230749345725546,-1.0,0.0,0.0,1.0,0.0,1.0,0.0,0.0,0.0,0.0,0.0,0.0,1.0,0
0.23134328358208955,0.5,-0.506789940419076,-0.6086553916828166,0.0,1.0,0.0,1.0,0.0,0.0,0.0,1.0,0.0,0.0,1.0,0.0,0.0,0
-0.5485074626865671,1.0,-0.14682002846510553,-0.035774556340954486,-1.0,0.0,0.0,1.0,0.0,1.0,0.0,0.0,0.0,0.0,0.0,1.0,0.0,1
-0.39552238805970147,0.0,0.14177979884461048,-0.1671539809073526,1.0,0.0,0.0,1.0,0.0,0.0,1.0,0.0,0.0,0.0,1.0,0.0,0.0,0
-1.6194029850746268,-1.5,2.4715406220494134,0.4613528583286445,0.0,1.0,0.0,1.0,0.0,0.0,0.0,1.0,0.0,0.0,0.0,0.0,1.0,1
-0.4962686567164179,-0.5,-0.41185580720687137,0.5792336628871001,0.0,0.0,0.0,0.0,1.0,0.0,1.0,0.0,0.0,0.0,1.0,0.0,0.0,0
-0.45149253731343286,-1.5,-0.5709503112628227,-0.933816794743956,1.0,0.0,0.0,1.0,0.0,0.0,0.0,0.0,0.0,1.0,1.0,0.0,0.0,0
0.15671641791044777,0.0,-0.3160958207255288,0.9458619321922104,0.0,0.0,0.0,1.0,0.0,0.0,0.0,1.0,0.0,0.0,0.0,1.0,0.0,0
-1.6194029850746268,0.5,0.8498440775529083,1.70619289905094,1.0,0.0,0.0,1.0,0.0,1.0,0.0,0.0,0.0,0.0,0.0,1.0,0.0,1
-0.0037313432835820895,2.5,-0.13512346883234588,-0.40937367217153614,0.0,0.0,0.0,0.0,1.0,1.0,0.0,0.0,0.0,0.0,1.0,0.0,0.0,1
1.037313432835821,0.0,-0.13382098846983206,1.7206757969526445,1.0,0.0,0.0,1.0,0.0,1.0,0.0,0.0,0.0,0.0,0.0,0.0,1.0,1
-0.3694029850746269,-1.5,-0.19507727817014867,-0.35743420872196024,0.0,1.0,0.0,1.0,0.0,1.0,0.0,0.0,0.0,0.0,0.0,1.0,0.0,0
0.40298507462686567,0.0,0.11695257872219512,0.0331912132677068,-1.0,0.0,0.0,1.0,0.0,0.0,1.0,0.0,0.0,0.0,1.0,0.0,0.0,0
-1.0559701492537314,0.5,-0.6177582208106076,-0.21189930799921883,0.0,0.0,0.0,1.0,0.0,0.0,0.0,0.0,0.0,1.0,1.0,0.0,0.0,1
0.7276119402985075,0.0,-0.4595070825517343,1.6341097173244863,1.0,0.0,0.0,1.0,0.0,0.0,1.0,0.0,0.0,0.0,0.0,1.0,0.0,1
-0.376865671641791,-1.5,-0.44412159597259177,-0.9981851298784566,0.0,0.0,0.0,1.0,0.0,0.0,0.0,1.0,0.0,0.0,0.0,1.0,0.0,0
-0.48134328358208955,0.5,0.5929854368615455,-0.9607561868797283,-1.0,0.0,0.0,1.0,0.0,0.0,1.0,0.0,0.0,0.0,0.0,0.0,1.0,0
0.8059701492537313,0.0,0.7589408228483444,-0.7246194153523899,-1.0,0.0,0.0,1.0,0.0,1.0,0.0,0.0,0.0,0.0,1.0,0.0,0.0,0
0.9365671641791045,0.0,3.488464304680498,-0.4163160692369216,0.0,0.0,0.0,1.0,0.0,0.0,0.0,1.0,0.0,0.0,0.0,1.0,0.0,0
-1.1753731343283582,0.0,1.8270526596026397,-0.3568459967079962,1.0,0.0,0.0,0.0,1.0,1.0,0.0,0.0,0.0,0.0,0.0,1.0,0.0,0
-0.26865671641791045,-0.5,-0.40706779371472734,0.5885458638712563,0.0,0.0,0.0,1.0,0.0,0.0,1.0,0.0,0.0,0.0,1.0,0.0,0.0,0
-0.07835820895522388,0.5,-0.5856722043874663,0.6322543985870444,-1.0,0.0,0.0,1.0,0.0,1.0,0.0,0.0,0.0,0.0,0.0,1.0,0.0,0
0.2126865671641791,-0.5,0.017083471206768213,-0.4369975413838188,1.0,0.0,0.0,1.0,0.0,1.0,0.0,0.0,0.0,0.0,1.0,0.0,0.0,0
1.2164179104477613,1.5,-0.5653557841114984,0.8453296613413653,0.0,0.0,0.0,1.0,0.0,0.0,1.0,0.0,0.0,0.0,0.0,1.0,0.0,1
-0.22761194029850745,-1.0,-0.543606100933618,-0.9642324612657989,1.0,0.0,0.0,1.0,0.0,1.0,0.0,0.0,0.0,0.0,0.0,0.0,1.0,0
0.373134328358209,-1.0,-0.2932171401229292,0.38389929058659344,0.0,1.0,0.0,0.0,1.0,1.0,0.0,0.0,0.0,0.0,1.0,0.0,0.0,0
0.8955223880597015,-1.0,0.24478547949111296,-0.1912111254785358,-1.0,0.0,0.0,1.0,0.0,0.0,0.0,1.0,0.0,0.0,0.0,0.0,1.0,0
-0.44776119402985076,1.0,0.4763641702289036,-0.22613829197721189,0.0,0.0,0.0,1.0,0.0,1.0,0.0,0.0,0.0,0.0,1.0,0.0,0.0,0
0.10820895522388059,-1.0,0.41864244583249743,1.2568114616868253,0.0,0.0,0.0,0.0,1.0,0.0,0.0,0.0,0.0,1.0,1.0,0.0,0.0,1
0.27238805970149255,1.5,-0.5580803014643888,-0.12981521057227507,1.0,0.0,0.0,1.0,0.0,1.0,0.0,0.0,0.0,0.0,1.0,0.0,0.0,1
0.2873134328358209,1.5,-0.057669290588317386,-0.5348572929440862,-1.0,0.0,0.0,1.0,0.0,0.0,0.0,0.0,1.0,0.0,0.0,1.0,0.0,1
-0.6380597014925373,-1.5,1.92445044215765,-0.516433282774558,1.0,0.0,0.0,1.0,0.0,0.0,1.0,0.0,0.0,0.0,1.0,0.0,0.0,1
0.6455223880597015,0.0,0.10856525209158241,1.4758178138717368,1.0,0.0,0.0,1.0,0.0,0.0,0.0,1.0,0.0,0.0,1.0,0.0,0.0,1
-0.4552238805970149,-0.5,-0.1872573864695421,-0.13654872805736387,1.0,1.0,0.0,1.0,0.0,1.0,0.0,0.0,0.0,0.0,1.0,0.0,0.0,0
-0.5708955223880597,0.5,-0.40828463729588554,0.25467144693101057,1.0,1.0,0.0,1.0,0.0,1.0,0.0,0.0,0.0,0.0,1.0,0.0,0.0,0
-0.27238805970149255,0.0,0.07324465107978606,0.1691708734579618,1.0,0.0,0.0,1.0,0.0,0.0,0.0,1.0,0.0,0.0,1.0,0.0,0.0,1
1.1791044776119404,-1.0,-0.5604147638685558,-0.3186361938361805,1.0,0.0,0.0,1.0,0.0,0.0,1.0,0.0,0.0,0.0,1.0,0.0,0.0,0
1.0261194029850746,-0.5,-0.5675413841422483,1.1729005307497933,0.0,0.0,0.0,1.0,0.0,0.0,0.0,1.0,0.0,0.0,1.0,0.0,0.0,1
0.26492537313432835,1.5,1.278380614307722,0.5747827258687921,0.0,0.0,0.0,1.0,0.0,1.0,0.0,0.0,0.0,0.0,0.0,1.0,0.0,1
-0.23507462686567165,-1.0,1.4114675495807432,1.2659220727054838,-1.0,0.0,0.0,1.0,0.0,1.0,0.0,0.0,0.0,0.0,1.0,0.0,0.0,1
-0.22388059701492538,0.0,-0.5219127172509703,-0.855741109179151,1.0,0.0,0.0,0.0,1.0,1.0,0.0,0.0,0.0,0.0,0.0,0.0,1.0,0
0.75,1.0,-0.33373448616268175,-0.35914035809768763,1.0,0.0,0.0,1.0,0.0,1.0,0.0,0.0,0.0,0.0,0.0,1.0,0.0,0
1.1753731343283582,-1.0,1.349943559679697,1.3002447389428233,2.0,0.0,0.0,1.0,0.0,0.0,0.0,1.0,0.0,0.0,1.0,0.0,0.0,1
0.44776119402985076,0.0,0.3460356549742542,1.2011626774546331,2.0,0.0,0.0,1.0,0.0,1.0,0.0,0.0,0.0,0.0,1.0,0.0,0.0,1
-0.3358208955223881,0.0,1.2588602423632593,-0.3294407282867263,0.0,0.0,0.0,1.0,0.0,0.0,0.0,0.0,1.0,0.0,1.0,0.0,0.0,1
-0.6567164179104478,-0.5,0.10385419149015464,0.2365769291851457,0.0,0.0,0.0,1.0,0.0,1.0,0.0,0.0,0.0,0.0,1.0,0.0,0.0,0
0.996268656716418,-1.0,0.0507230158370282,-0.6250560539344461,3.0,0.0,0.0,0.0,1.0,0.0,0.0,1.0,0.0,0.0,0.0,1.0,0.0,1
-0.22388059701492538,-0.5,0.43559902429788516,0.7309957031375238,3.0,0.0,0.0,1.0,0.0,1.0,0.0,0.0,0.0,0.0,0.0,0.0,1.0,1
-0.1791044776119403,-1.0,0.06385202635605382,0.6773598189549903,0.0,0.0,0.0,1.0,0.0,0.0,0.0,0.0,0.0,1.0,0.0,1.0,0.0,0
-0.22388059701492538,0.5,0.10221267367675638,0.002081328194041143,3.0,0.0,0.0,1.0,0.0,1.0,0.0,0.0,0.0,0.0,0.0,1.0,0.0,1
-0.7686567164179104,-1.0,0.2871944142628559,-0.8611041615018347,-1.0,0.0,0.0,0.0,1.0,1.0,0.0,0.0,0.0,0.0,0.0,1.0,0.0,0
1.171641791044776,1.5,0.7629257364907446,1.2754155549648054,1.0,0.0,0.0,0.0,1.0,1.0,0.0,0.0,0.0,0.0,0.0,1.0,0.0,1
-0.4291044776119403,-1.0,0.6193100689829358,-0.7636058745983298,2.0,0.0,0.0,1.0,0.0,1.0,0.0,0.0,0.0,0.0,1.0,0.0,0.0,1
-0.22388059701492538,0.0,-0.15483623489854811,-0.36833978439127557,0.0,0.0,0.0,1.0,0.0,1.0,0.0,0.0,0.0,0.0,0.0,1.0,0.0,0
-0.3358208955223881,0.0,-0.1871191613077232,-0.41987510399708927,-1.0,0.0,0.0,1.0,0.0,1.0,0.0,0.0,0.0,0.0,1.0,0.0,0.0,0
0.07835820895522388,-0.5,2.522263124584715,1.644005953401127,3.0,1.0,0.0,1.0,0.0,0.0,0.0,1.0,0.0,0.0,0.0,1.0,0.0,1
-1.205223880597015,1.0,-0.5258390889963906,0.8663649439106836,2.0,0.0,0.0,1.0,0.0,0.0,0.0,1.0,0.0,0.0,0.0,0.0,1.0,1
0.09328358208955224,-1.0,0.06922862524564344,-0.6216129065714313,1.0,0.0,0.0,0.0,1.0,1.0,0.0,0.0,0.0,0.0,1.0,0.0,0.0,0
0.5783582089552238,-1.0,-0.22078277767937068,-0.10848852219052553,1.0,0.0,0.0,0.0,1.0,1.0,0.0,0.0,0.0,0.0,1.0,0.0,0.0,0
-0.7089552238805971,-0.5,1.663586142497248,-0.0753787965691073,-1.0,0.0,0.0,1.0,0.0,0.0,0.0,1.0,0.0,0.0,0.0,0.0,1.0,1
0.9440298507462687,-1.5,0.6358879117348659,0.6247110199031941,2.0,1.0,0.0,1.0,0.0,0.0,0.0,0.0,1.0,0.0,0.0,1.0,0.0,1
-0.9589552238805971,-0.5,0.31749310904684513,-0.2029960495716702,2.0,1.0,0.0,1.0,0.0,0.0,0.0,0.0,1.0,0.0,1.0,0.0,0.0,1
-0.4216417910447761,-0.5,-0.11706749654798508,-0.8477670319865281,2.0,0.0,0.0,1.0,0.0,1.0,0.0,0.0,0.0,0.0,0.0,0.0,1.0,1
0.4291044776119403,-0.5,0.6352429133086257,0.894145418802327,1.0,0.0,0.0,1.0,0.0,1.0,0.0,0.0,0.0,0.0,0.0,1.0,0.0,0
0.6753731343283582,-0.5,3.488464304680498,-0.2902532959180217,2.0,1.0,0.0,1.0,0.0,0.0,1.0,0.0,0.0,0.0,1.0,0.0,0.0,1
-1.3134328358208955,0.5,-0.2917672131523895,-0.19969672323283122,3.0,0.0,0.0,1.0,0.0,1.0,0.0,0.0,0.0,0.0,1.0,0.0,0.0,1
-0.018656716417910446,0.5,0.1375519366343747,0.7854183941676942,-1.0,0.0,0.0,1.0,0.0,1.0,0.0,0.0,0.0,0.0,0.0,0.0,1.0,0
-0.35074626865671643,0.0,-0.4912496719539281,1.6471069460410364,0.0,0.0,0.0,0.0,1.0,0.0,0.0,0.0,0.0,1.0,0.0,1.0,0.0,1
0.7723880597014925,1.5,0.22749728334932112,0.4938428755239132,1.0,0.0,0.0,1.0,0.0,1.0,0.0,0.0,0.0,0.0,0.0,1.0,0.0,1
0.5261194029850746,1.0,-0.5773242622036501,1.1629649742771946,0.0,0.0,0.0,0.0,1.0,1.0,0.0,0.0,0.0,0.0,0.0,1.0,0.0,1
0.14925373134328357,-0.5,-0.07033115066828556,-0.5025050113584403,-1.0,0.0,0.0,1.0,0.0,1.0,0.0,0.0,0.0,0.0,1.0,0.0,0.0,0
-0.6417910447761194,-1.0,-0.23782920462920015,-0.13589165319132437,0.0,0.0,0.0,1.0,0.0,1.0,0.0,0.0,0.0,0.0,0.0,1.0,0.0,1
-0.835820895522388,-0.5,2.65160567193445,-0.3829937103113668,2.0,0.0,0.0,1.0,0.0,1.0,0.0,0.0,0.0,0.0,1.0,0.0,0.0,1
-0.2873134328358209,-0.5,0.928208718925717,-0.44442018057806865,0.0,0.0,1.0,0.0,0.0,1.0,0.0,0.0,0.0,0.0,0.0,0.0,1.0,1
-0.12686567164179105,1.0,-0.46505233681120345,-0.31769207541451555,-1.0,0.0,0.0,1.0,0.0,1.0,0.0,0.0,0.0,0.0,0.0,1.0,0.0,0
1.0746268656716418,0.0,-0.5939765629179978,1.7040696128280868,1.0,0.0,1.0,0.0,0.0,0.0,1.0,0.0,0.0,0.0,0.0,1.0,0.0,1
-1.3694029850746268,0.5,0.5017589701807015,1.2721699973285256,2.0,0.0,0.0,1.0,0.0,0.0,1.0,0.0,0.0,0.0,0.0,1.0,0.0,1
0.6567164179104478,1.5,1.3505656729028028,-0.8194049401020551,1.0,0.0,1.0,0.0,0.0,1.0,0.0,0.0,0.0,0.0,1.0,0.0,0.0,1
1.6082089552238805,-1.5,0.22651785196623603,0.7620566301229015,0.0,0.0,0.0,0.0,1.0,1.0,0.0,0.0,0.0,0.0,1.0,0.0,0.0,0
0.1791044776119403,1.0,0.22306553009612431,1.3689582747048505,-1.0,0.0,0.0,0.0,1.0,0.0,0.0,0.0,0.0,1.0,1.0,0.0,0.0,1
0.7164179104477612,-0.5,0.002473852760517246,-0.5736229151338725,1.0,0.0,0.0,1.0,0.0,1.0,0.0,0.0,0.0,0.0,0.0,1.0,0.0,0
-0.4141791044776119,-1.0,-0.17357486517327822,0.3065070904603286,0.0,0.0,1.0,0.0,0.0,0.0,0.0,1.0,0.0,0.0,1.0,0.0,0.0,0
-0.1417910447761194,-1.0,0.08329709672444903,-0.4588993949596536,0.0,0.0,0.0,1.0,0.0,1.0,0.0,0.0,0.0,0.0,1.0,0.0,0.0,0
-1.1417910447761195,0.5,-0.6217278394225659,-0.5313684057642781,1.0,0.0,0.0,1.0,0.0,1.0,0.0,0.0,0.0,0.0,0.0,0.0,1.0,0
-0.4664179104477612,1.0,0.0339284069290176,-0.6672294053655347,0.0,0.0,0.0,0.0,1.0,0.0,1.0,0.0,0.0,0.0,0.0,0.0,1.0,0
1.3022388059701493,0.5,3.2556596874414554,-0.42733613499295475,1.0,0.0,0.0,0.0,1.0,1.0,0.0,0.0,0.0,0.0,0.0,1.0,0.0,0
0.11194029850746269,0.5,-0.4787624952772806,1.3343986075091518,0.0,0.0,0.0,1.0,0.0,1.0,0.0,0.0,0.0,0.0,0.0,1.0,0.0,1
-0.35447761194029853,0.5,-0.22309837285133138,-0.5044179191993254,0.0,0.0,0.0,0.0,1.0,1.0,0.0,0.0,0.0,0.0,0.0,0.0,1.0,0
-0.20149253731343283,0.5,1.460138882911371,-0.4693571487775759,2.0,0.0,0.0,0.0,1.0,0.0,1.0,0.0,0.0,0.0,0.0,1.0,0.0,1
0.914179104477612,-0.5,-0.20044518260429992,0.03367914770877426,1.0,0.0,0.0,1.0,0.0,0.0,0.0,1.0,0.0,0.0,0.0,0.0,1.0,0
-0.26492537313432835,1.0,0.7680855014458898,1.301751275058765,1.0,1.0,0.0,0.0,1.0,1.0,0.0,0.0,0.0,0.0,0.0,1.0,0.0,1
-1.0223880597014925,1.5,-0.5866632038413232,1.264747822581937,3.0,0.0,0.0,1.0,0.0,0.0,0.0,1.0,0.0,0.0,0.0,1.0,0.0,1
0.503731343283582,-1.5,-0.47121092924143504,1.1922779875042078,0.0,0.0,0.0,1.0,0.0,1.0,0.0,0.0,0.0,0.0,1.0,0.0,0.0,1
0.2574626865671642,-0.5,0.41866476498940336,-0.40648202108535497,1.0,0.0,0.0,1.0,0.0,0.0,1.0,0.0,0.0,0.0,0.0,1.0,0.0,0
-0.8134328358208955,0.5,0.3503317353332509,0.362501101874443,0.0,0.0,0.0,1.0,0.0,1.0,0.0,0.0,0.0,0.0,1.0,0.0,0.0,0
0.5708955223880597,0.5,-0.4634944393284084,0.23204930521903602,1.0,0.0,0.0,0.0,1.0,0.0,0.0,0.0,0.0,1.0,1.0,0.0,0.0,1
-0.13805970149253732,0.0,-0.3777497284990647,0.5028577784024691,0.0,0.0,0.0,1.0,0.0,0.0,0.0,0.0,0.0,1.0,1.0,0.0,0.0,1
1.171641791044776,0.5,-0.17650845769987614,0.32432850196570306,1.0,0.0,0.0,1.0,0.0,1.0,0.0,0.0,0.0,0.0,0.0,1.0,0.0,0
0.03731343283582089,2.0,2.616162378939716,-0.42633098179886786,-1.0,0.0,0.0,1.0,0.0,0.0,1.0,0.0,0.0,0.0,1.0,0.0,0.0,1
1.7682089552238844,0.0,-0.570746893085319,-0.07797524205050593,1.0,0.0,0.0,1.0,0.0,0.0,0.0,0.0,0.0,1.0,1.0,0.0,0.0,1
-0.30223880597014924,0.0,0.914701513727869,-0.4486294215548592,0.0,0.0,0.0,0.0,1.0,0.0,0.0,1.0,0.0,0.0,0.0,1.0,0.0,0
-0.3283582089552239,-0.5,-0.33552882313957605,-0.33574931882211817,1.0,0.0,0.0,1.0,0.0,0.0,0.0,1.0,0.0,0.0,0.0,1.0,0.0,0
0.5298507462686567,-1.0,-0.5019113105264347,1.186872370925651,0.0,0.0,0.0,1.0,0.0,1.0,0.0,0.0,0.0,0.0,1.0,0.0,0.0,1
-1.0932835820895523,-1.5,-0.5230753795292121,-0.27307651321515364,1.0,0.0,0.0,1.0,0.0,0.0,0.0,0.0,1.0,0.0,0.0,1.0,0.0,1
0.48134328358208955,-1.0,-0.013738762177569655,-0.09793976043472515,1.0,0.0,0.0,1.0,0.0,1.0,0.0,0.0,0.0,0.0,0.0,1.0,0.0,0
-0.08582089552238806,-0.5,0.07632239541403775,1.3604539576355625,1.0,0.0,0.0,1.0,0.0,1.0,0.0,0.0,0.0,0.0,0.0,0.0,1.0,1
0.06343283582089553,0.5,0.4810188762780708,-0.5825524963666763,2.0,0.0,0.0,0.0,1.0,1.0,0.0,0.0,0.0,0.0,0.0,1.0,0.0,1
0.75,0.5,0.8512604004607286,1.207621734056305,0.0,0.0,0.0,0.0,1.0,1.0,0.0,0.0,0.0,0.0,0.0,1.0,0.0,1
-0.6716417910447762,-0.5,0.15874037076160027,-0.12430594463591563,-1.0,0.0,0.0,1.0,0.0,1.0,0.0,0.0,0.0,0.0,1.0,0.0,0.0,0
-1.5522388059701493,-0.5,0.8265785833461868,-0.0633286626757562,0.0,1.0,0.0,1.0,0.0,1.0,0.0,0.0,0.0,0.0,0.0,0.0,1.0,0
-0.07462686567164178,2.5,3.488464304680498,-0.2428863062838818,2.0,0.0,0.0,0.0,1.0,1.0,0.0,0.0,0.0,0.0,1.0,0.0,0.0,1
-0.7238805970149254,0.5,2.344220458137441,-0.07505083455167778,-1.0,1.0,0.0,0.0,1.0,0.0,0.0,1.0,0.0,0.0,0.0,0.0,1.0,1
-0.5895522388059702,-1.5,-0.6125130457349542,0.17494725309075734,1.0,0.0,0.0,0.0,1.0,0.0,1.0,0.0,0.0,0.0,1.0,0.0,0.0,0
-0.39552238805970147,1.0,3.488464304680498,-0.7971856222569583,2.0,1.0,0.0,1.0,0.0,1.0,0.0,0.0,0.0,0.0,0.0,1.0,0.0,1
-0.0708955223880597,1.0,-0.19370349369713147,-0.7964291331440796,0.0,1.0,0.0,1.0,0.0,0.0,1.0,0.0,0.0,0.0,0.0,0.0,1.0,0
1.7682089552238844,0.5,0.5496868638026373,1.7206757969526445,0.0,0.0,0.0,1.0,0.0,1.0,0.0,0.0,0.0,0.0,0.0,1.0,0.0,1
-0.7835820895522388,-0.5,1.9292874015154464,1.3635926211878933,-1.0,0.0,0.0,1.0,0.0,1.0,0.0,0.0,0.0,0.0,1.0,0.0,0.0,1
-0.43656716417910446,2.0,0.37416346966439085,0.24237645914815095,-1.0,0.0,0.0,0.0,1.0,0.0,1.0,0.0,0.0,0.0,1.0,0.0,0.0,1
-1.291044776119403,-1.0,0.06837149557710108,-0.41656240944318806,1.0,0.0,0.0,1.0,0.0,1.0,0.0,0.0,0.0,0.0,0.0,1.0,0.0,0
0.16791044776119404,1.0,0.577697957411935,-0.33265394150628486,0.0,0.0,0.0,1.0,0.0,1.0,0.0,0.0,0.0,0.0,0.0,0.0,1.0,1
0.44029850746268656,1.0,2.3883563159337737,-0.7292925831496491,0.0,0.0,0.0,1.0,0.0,0.0,0.0,1.0,0.0,0.0,0.0,1.0,0.0,0
-0.022388059701492536,-1.5,-0.3490311291953007,0.7090540218737864,1.0,0.0,0.0,1.0,0.0,1.0,0.0,0.0,0.0,0.0,1.0,0.0,0.0,1
-0.7164179104477612,1.5,-0.4688795669419145,0.9974831043184699,0.0,0.0,0.0,0.0,1.0,0.0,1.0,0.0,0.0,0.0,1.0,0.0,0.0,1
0.4664179104477612,-0.5,-0.36574239463438707,-0.48036451404108693,0.0,0.0,0.0,1.0,0.0,0.0,1.0,0.0,0.0,0.0,0.0,1.0,0.0,1
0.373134328358209,-1.0,2.025263932207724,-0.9821955419649181,1.0,1.0,0.0,0.0,1.0,1.0,0.0,0.0,0.0,0.0,1.0,0.0,0.0,1
0.05970149253731343,2.0,0.08241880596586923,0.45258907342840954,-1.0,0.0,0.0,1.0,0.0,0.0,1.0,0.0,0.0,0.0,0.0,0.0,1.0,1
0.1865671641791045,-1.0,0.8369416779707006,-0.15707126507416683,1.0,0.0,0.0,0.0,1.0,0.0,0.0,1.0,0.0,0.0,1.0,0.0,0.0,1
0.8843283582089553,-0.5,-0.01411884000656358,-0.6968672557555308,-1.0,0.0,0.0,1.0,0.0,1.0,0.0,0.0,0.0,0.0,0.0,0.0,1.0,0
0.13432835820895522,-0.5,-0.203737517546046,-0.2950578174283096,0.0,1.0,0.0,1.0,0.0,1.0,0.0,0.0,0.0,0.0,1.0,0.0,0.0,0
0.9626865671641791,-1.5,-0.4871057033713749,-0.14513741931093524,0.0,0.0,0.0,1.0,0.0,1.0,0.0,0.0,0.0,0.0,0.0,0.0,1.0,0
-0.8731343283582089,-0.5,0.8089312589052493,-0.589253551722935,2.0,0.0,0.0,0.0,1.0,0.0,1.0,0.0,0.0,0.0,1.0,0.0,0.0,1
-0.6529850746268657,-1.5,-0.01154554591073075,-0.003314120122753751,-1.0,0.0,0.0,1.0,0.0,1.0,0.0,0.0,0.0,0.0,0.0,1.0,0.0,0
0.8544776119402985,-1.0,0.5114596353178787,0.8087345939624506,1.0,0.0,0.0,1.0,0.0,1.0,0.0,0.0,0.0,0.0,1.0,0.0,0.0,0
0.22388059701492538,0.0,-0.22390093723977827,0.20063316780436005,1.0,0.0,0.0,0.0,1.0,0.0,1.0,0.0,0.0,0.0,0.0,1.0,0.0,0
-1.4291044776119404,0.5,0.4493313592437734,0.3853896438324551,0.0,0.0,0.0,1.0,0.0,1.0,0.0,0.0,0.0,0.0,0.0,1.0,0.0,1
0.05970149253731343,1.5,-0.6185063766303954,0.01030637855935805,2.0,0.0,1.0,0.0,0.0,0.0,1.0,0.0,0.0,0.0,1.0,0.0,0.0,1
0.7089552238805971,-1.5,0.4630614269453376,0.05441198189134973,0.0,0.0,0.0,0.0,1.0,1.0,0.0,0.0,0.0,0.0,0.0,0.0,1.0,0
0.7350746268656716,-0.5,1.041665765554786,-0.487120766676466,2.0,0.0,0.0,1.0,0.0,0.0,1.0,0.0,0.0,0.0,0.0,1.0,0.0,1
1.7682089552238844,0.5,-0.06325333658199363,-0.5567922584085635,1.0,1.0,0.0,1.0,0.0,0.0,1.0,0.0,0.0,0.0,0.0,1.0,0.0,0
-1.1156716417910448,2.5,0.6340838565356051,-0.3180500122954056,1.0,0.0,0.0,0.0,1.0,1.0,0.0,0.0,0.0,0.0,0.0,0.0,1.0,1
-0.376865671641791,2.5,2.18958299744955,0.13645213407970197,2.0,0.0,0.0,1.0,0.0,1.0,0.0,0.0,0.0,0.0,0.0,0.0,1.0,1
-0.055970149253731345,-1.0,-0.48412806499422706,-0.8054232570648592,0.0,0.0,0.0,0.0,1.0,0.0,0.0,1.0,0.0,0.0,1.0,0.0,0.0,0
-0.1417910447761194,2.0,0.0983825793966329,-0.4220973585841989,0.0,0.0,0.0,0.0,1.0,1.0,0.0,0.0,0.0,0.0,1.0,0.0,0.0,1
-0.3880597014925373,-0.5,1.770993289936433,-1.0693196078992746,2.0,1.0,0.0,1.0,0.0,0.0,0.0,1.0,0.0,0.0,0.0,0.0,1.0,1
0.7947761194029851,0.5,-0.3355190759519946,0.16788121379914878,0.0,0.0,1.0,0.0,0.0,1.0,0.0,0.0,0.0,0.0,0.0,1.0,0.0,0
0.15298507462686567,1.0,-0.478521806432328,0.10946624400071722,1.0,0.0,0.0,1.0,0.0,1.0,0.0,0.0,0.0,0.0,0.0,1.0,0.0,0
1.7682089552238844,1.0,-0.46524627253832873,0.5606710128672938,2.0,0.0,0.0,1.0,0.0,0.0,1.0,0.0,0.0,0.0,0.0,1.0,0.0,1
-0.6231343283582089,0.0,-0.28948454228466103,-0.4334983274182366,1.0,1.0,0.0,0.0,1.0,0.0,0.0,0.0,0.0,1.0,1.0,0.0,0.0,1
-0.3208955223880597,-1.0,-0.25422378447389543,1.5422833588405485,1.0,0.0,0.0,0.0,1.0,0.0,0.0,0.0,0.0,1.0,0.0,0.0,1.0,1
-0.2537313432835821,-0.5,-0.546162932526075,0.8308963807475538,3.0,0.0,0.0,1.0,0.0,0.0,0.0,1.0,0.0,0.0,0.0,1.0,0.0,1
0.6492537313432836,-1.0,0.49115926508116575,0.6174571377092797,0.0,0.0,0.0,1.0,0.0,1.0,0.0,0.0,0.0,0.0,0.0,0.0,1.0,0
-0.12313432835820895,-0.5,-0.5707267028390104,-0.019579825671367464,0.0,0.0,0.0,1.0,0.0,1.0,0.0,0.0,0.0,0.0,1.0,0.0,0.0,0
0.3358208955223881,0.5,1.7438828270407005,1.533207157199132,2.0,1.0,0.0,1.0,0.0,0.0,0.0,1.0,0.0,0.0,1.0,0.0,0.0,1
-0.018656716417910446,-1.5,1.0736954711219444,0.0772742144529349,1.0,0.0,0.0,1.0,0.0,1.0,0.0,0.0,0.0,0.0,1.0,0.0,0.0,0
0.14925373134328357,0.0,-0.16168050244666662,-0.47489822777305085,1.0,0.0,0.0,1.0,0.0,0.0,0.0,1.0,0.0,0.0,0.0,0.0,1.0,1
-1.6194029850746268,-1.0,-0.23027889507169827,-0.04315420717696015,1.0,0.0,0.0,0.0,1.0,0.0,1.0,0.0,0.0,0.0,1.0,0.0,0.0,0
0.6492537313432836,-0.5,-0.20655697572609602,0.5234449050930154,1.0,0.0,0.0,1.0,0.0,1.0,0.0,0.0,0.0,0.0,1.0,0.0,0.0,0
-0.26865671641791045,0.5,0.41589251806009525,0.5129701504998655,1.0,0.0,0.0,1.0,0.0,1.0,0.0,0.0,0.0,0.0,0.0,1.0,0.0,0
0.8768656716417911,0.0,-0.08266735660828169,0.07209421453138208,-1.0,0.0,0.0,1.0,0.0,1.0,0.0,0.0,0.0,0.0,0.0,1.0,0.0,0
0.6529850746268657,1.0,-0.5972005775699842,-0.63131210206733,0.0,0.0,0.0,0.0,1.0,1.0,0.0,0.0,0.0,0.0,1.0,0.0,0.0,1
-0.8843283582089553,0.5,2.920830504584583,1.7206757969526445,1.0,0.0,1.0,0.0,0.0,1.0,0.0,0.0,0.0,0.0,1.0,0.0,0.0,1
-0.8694029850746269,0.5,-0.3613658577176374,0.2808032365451229,-1.0,1.0,0.0,1.0,0.0,1.0,0.0,0.0,0.0,0.0,1.0,0.0,0.0,0
0.3246268656716418,-0.5,1.3375706162862888,-0.3489746336672741,0.0,1.0,0.0,0.0,1.0,1.0,0.0,0.0,0.0,0.0,1.0,0.0,0.0,1
-0.35074626865671643,-1.0,0.9608267857636031,-0.14854048036782883,0.0,0.0,0.0,0.0,1.0,1.0,0.0,0.0,0.0,0.0,0.0,0.0,1.0,0
-0.30597014925373134,-1.5,1.6316323585617538,-0.0794731249156311,0.0,0.0,0.0,1.0,0.0,1.0,0.0,0.0,0.0,0.0,1.0,0.0,0.0,0
0.9664179104477612,-0.5,0.272624206860447,-0.21652664710308728,0.0,1.0,0.0,1.0,0.0,0.0,0.0,0.0,0.0,1.0,1.0,0.0,0.0,0
-0.6305970149253731,1.0,3.488464304680498,-0.2413377570117415,3.0,0.0,0.0,0.0,1.0,0.0,0.0,0.0,0.0,1.0,0.0,1.0,0.0,1
-0.917910447761194,-1.0,1.1389898551738553,0.7445105460375281,-1.0,0.0,0.0,0.0,1.0,0.0,0.0,1.0,0.0,0.0,0.0,1.0,0.0,0
-0.5895522388059702,0.0,-0.29413535172670663,-0.7758888528711952,1.0,0.0,0.0,1.0,0.0,1.0,0.0,0.0,0.0,0.0,0.0,0.0,1.0,0
-1.3880597014925373,-0.5,-0.29931358287861026,0.11718654105868008,0.0,0.0,0.0,1.0,0.0,1.0,0.0,0.0,0.0,0.0,0.0,0.0,1.0,0
-1.1455223880597014,0.0,0.3364561738111347,-0.5707650233330459,-1.0,1.0,1.0,0.0,0.0,1.0,0.0,0.0,0.0,0.0,1.0,0.0,0.0,0
0.7425373134328358,-0.5,-0.0015406387189699788,-0.33318242720949437,1.0,0.0,0.0,0.0,1.0,0.0,0.0,1.0,0.0,0.0,0.0,1.0,0.0,0
-0.48507462686567165,1.0,3.0906448652889558,-0.5629312590652888,-1.0,0.0,0.0,1.0,0.0,1.0,0.0,0.0,0.0,0.0,0.0,1.0,0.0,0
0.34328358208955223,-1.0,0.0065713511729862785,0.19212432080202035,1.0,0.0,0.0,1.0,0.0,1.0,0.0,0.0,0.0,0.0,1.0,0.0,0.0,0
-0.17537313432835822,1.5,1.2844566627100946,0.3981939385429679,-1.0,1.0,0.0,0.0,1.0,0.0,0.0,1.0,0.0,0.0,0.0,0.0,1.0,1
0.22761194029850745,-0.5,-0.4075986496314933,-0.11862142797170065,1.0,0.0,0.0,1.0,0.0,1.0,0.0,0.0,0.0,0.0,0.0,0.0,1.0,0
-0.6268656716417911,-1.0,0.33951789443310526,0.5359489955442749,1.0,0.0,0.0,0.0,1.0,0.0,0.0,1.0,0.0,0.0,0.0,1.0,0.0,0
1.1380597014925373,-0.5,-0.3709063558885099,0.7498928423356133,-1.0,1.0,0.0,1.0,0.0,0.0,0.0,1.0,0.0,0.0,0.0,1.0,0.0,0
-0.8805970149253731,2.5,-0.3784871217342543,0.6732280198602961,1.0,0.0,0.0,1.0,0.0,0.0,0.0,1.0,0.0,0.0,0.0,0.0,1.0,1
-0.10820895522388059,-1.5,-0.20795075538464344,-0.771720319864314,0.0,0.0,0.0,1.0,0.0,1.0,0.0,0.0,0.0,0.0,0.0,1.0,0.0,0
0.2947761194029851,-1.5,0.17408624521574018,-0.5977843695115583,1.0,0.0,0.0,1.0,0.0,0.0,0.0,1.0,0.0,0.0,0.0,1.0,0.0,0
0.914179104477612,0.5,0.785878202826256,0.6501895099928057,1.0,1.0,0.0,1.0,0.0,1.0,0.0,0.0,0.0,0.0,1.0,0.0,0.0,0
1.4850746268656716,0.0,-0.5169339120368189,0.7922831339224329,0.0,0.0,0.0,0.0,1.0,1.0,0.0,0.0,0.0,0.0,1.0,0.0,0.0,0
-0.44402985074626866,-1.0,-0.4447023940651876,1.1919758482352025,2.0,0.0,0.0,1.0,0.0,0.0,0.0,1.0,0.0,0.0,0.0,0.0,1.0,1
0.9440298507462687,0.0,-0.4647930027544181,0.44280175102499136,0.0,0.0,0.0,0.0,1.0,0.0,0.0,1.0,0.0,0.0,0.0,0.0,1.0,0
-0.8992537313432836,1.5,0.483873258671658,1.3997666440621965,0.0,1.0,1.0,0.0,0.0,1.0,0.0,0.0,0.0,0.0,0.0,0.0,1.0,1
0.6380597014925373,0.0,0.0879788896608573,0.05421023060664278,1.0,0.0,0.0,1.0,0.0,1.0,0.0,0.0,0.0,0.0,0.0,1.0,0.0,0
1.5895522388059702,1.0,1.2775654925514897,-0.09891662513932598,1.0,0.0,0.0,0.0,1.0,1.0,0.0,0.0,0.0,0.0,1.0,0.0,0.0,0
-0.9365671641791045,-0.5,-0.5366011321126555,-0.28547664715754945,1.0,0.0,0.0,1.0,0.0,1.0,0.0,0.0,0.0,0.0,0.0,1.0,0.0,0
-0.9253731343283582,0.5,1.0744259331119133,-0.4134996403218381,-1.0,0.0,0.0,1.0,0.0,1.0,0.0,0.0,0.0,0.0,1.0,0.0,0.0,0
0.6940298507462687,1.0,-0.6217278394225659,0.04787586030761367,1.0,0.0,0.0,1.0,0.0,0.0,0.0,0.0,0.0,1.0,0.0,0.0,1.0,1
0.4664179104477612,0.5,-0.39404398151010417,0.2639301524952412,1.0,0.0,0.0,0.0,1.0,0.0,1.0,0.0,0.0,0.0,0.0,1.0,0.0,0
0.6268656716417911,-1.5,-0.24256583399286355,-0.3650497566888766,3.0,0.0,0.0,1.0,0.0,1.0,0.0,0.0,0.0,0.0,1.0,0.0,0.0,1
0.048507462686567165,-0.5,-0.23950515127859265,0.4119957734779559,1.0,0.0,0.0,1.0,0.0,1.0,0.0,0.0,0.0,0.0,0.0,1.0,0.0,0
-0.7611940298507462,1.0,-0.2984036372858919,0.3698902289747621,-1.0,0.0,0.0,1.0,0.0,0.0,1.0,0.0,0.0,0.0,0.0,0.0,1.0,0
0.3283582089552239,0.0,0.09659533493610759,-0.8187569508291702,1.0,0.0,1.0,0.0,0.0,0.0,0.0,1.0,0.0,0.0,1.0,0.0,0.0,1
0.30970149253731344,0.0,-0.5785709673358529,0.9070022758944014,1.0,0.0,0.0,0.0,1.0,1.0,0.0,0.0,0.0,0.0,1.0,0.0,0.0,0
-0.9626865671641791,0.0,-0.5311806646769918,-0.6684652955358278,-1.0,0.0,0.0,1.0,0.0,0.0,0.0,0.0,0.0,1.0,1.0,0.0,0.0,1
0.8917910447761194,0.0,-0.4113555835835316,0.8527504768294921,1.0,0.0,0.0,1.0,0.0,0.0,0.0,0.0,1.0,0.0,0.0,1.0,0.0,0
0.667910447761194,-1.5,1.8757751708608632,0.28376572704952563,1.0,0.0,1.0,0.0,0.0,0.0,0.0,1.0,0.0,0.0,0.0,0.0,1.0,0
0.6604477611940298,0.0,-0.589045597141756,-0.3656097286967351,1.0,0.0,0.0,1.0,0.0,1.0,0.0,0.0,0.0,0.0,0.0,1.0,0.0,0
0.6417910447761194,1.0,0.3752310377994033,0.012609692476630364,-1.0,1.0,0.0,0.0,1.0,1.0,0.0,0.0,0.0,0.0,1.0,0.0,0.0,0
-0.35074626865671643,1.0,-0.3957779076268159,-0.49004045019093656,2.0,0.0,0.0,1.0,0.0,1.0,0.0,0.0,0.0,0.0,0.0,0.0,1.0,1
-0.667910447761194,-0.5,-0.08518468110416483,0.471929067775738,0.0,0.0,0.0,1.0,0.0,0.0,1.0,0.0,0.0,0.0,1.0,0.0,0.0,0
0.10820895522388059,0.0,-0.4724303723137754,0.010193544761005592,0.0,1.0,0.0,1.0,0.0,1.0,0.0,0.0,0.0,0.0,0.0,1.0,0.0,0
-0.5373134328358209,0.0,-0.25167003221646067,0.3045868744725692,1.0,0.0,0.0,1.0,0.0,0.0,0.0,1.0,0.0,0.0,0.0,1.0,0.0,0
1.5522388059701493,-1.0,-0.37317461128745555,-0.04800788444719554,2.0,0.0,0.0,0.0,1.0,1.0,0.0,0.0,0.0,0.0,1.0,0.0,0.0,1
0.7611940298507462,0.5,0.7109082931634227,-0.23571411239762777,1.0,0.0,0.0,0.0,1.0,1.0,0.0,0.0,0.0,0.0,0.0,1.0,0.0,1
0.22014925373134328,0.5,-0.3355952154345102,1.2879561139216287,0.0,0.0,0.0,1.0,0.0,1.0,0.0,0.0,0.0,0.0,0.0,0.0,1.0,1
-0.1865671641791045,-1.5,-0.2480426467316091,-0.10739740786278579,0.0,0.0,0.0,1.0,0.0,1.0,0.0,0.0,0.0,0.0,0.0,0.0,1.0,0
-0.40671641791044777,0.0,-0.4122251579223161,0.5985690411090633,1.0,0.0,0.0,1.0,0.0,0.0,0.0,1.0,0.0,0.0,1.0,0.0,0.0,0
0.9888059701492538,-0.5,-0.6217278394225659,-0.43509753071924206,0.0,1.0,0.0,1.0,0.0,1.0,0.0,0.0,0.0,0.0,0.0,0.0,1.0,0
0.4962686567164179,1.0,-0.4719626116598545,-0.8095799551513864,0.0,0.0,0.0,1.0,0.0,1.0,0.0,0.0,0.0,0.0,1.0,0.0,0.0,0
1.205223880597015,-1.5,2.5579693538021404,0.0612877579496524,-1.0,0.0,0.0,1.0,0.0,1.0,0.0,0.0,0.0,0.0,1.0,0.0,0.0,0
-0.12313432835820895,-1.5,-0.11147175669964979,0.032801767217908666,3.0,0.0,0.0,0.0,1.0,1.0,0.0,0.0,0.0,0.0,0.0,1.0,0.0,1
-0.3358208955223881,-0.5,0.054568738517476,0.35365193048708393,-1.0,0.0,0.0,1.0,0.0,1.0,0.0,0.0,0.0,0.0,1.0,0.0,0.0,0
-0.5522388059701493,0.5,-0.46250961964957527,0.09184883136804528,0.0,0.0,0.0,0.0,1.0,1.0,0.0,0.0,0.0,0.0,0.0,1.0,0.0,0
0.08955223880597014,-0.5,0.5216611889105148,-0.621358651929917,2.0,0.0,0.0,1.0,0.0,0.0,0.0,1.0,0.0,0.0,0.0,1.0,0.0,1
0.45149253731343286,0.0,0.4580745619346346,-0.3027992653212183,0.0,0.0,1.0,0.0,0.0,1.0,0.0,0.0,0.0,0.0,0.0,1.0,0.0,0
-0.05970149253731343,-1.5,1.999154065765604,0.7080682261859395,3.0,0.0,0.0,0.0,1.0,1.0,0.0,0.0,0.0,0.0,0.0,1.0,0.0,1
0.041044776119402986,2.0,-0.47602967198436197,-0.0031342374631363164,0.0,0.0,0.0,1.0,0.0,0.0,0.0,1.0,0.0,0.0,0.0,0.0,1.0,1
0.16791044776119404,-1.0,-0.2883481192931075,-0.3534136321651661,1.0,0.0,1.0,0.0,0.0,0.0,1.0,0.0,0.0,0.0,0.0,1.0,0.0,0
0.30970149253731344,-1.0,0.22214364635134465,-0.9626521424992961,-1.0,0.0,0.0,1.0,0.0,1.0,0.0,0.0,0.0,0.0,0.0,1.0,0.0,0
1.507462686567164,1.0,0.9641224696878649,-0.4485889737026061,-1.0,0.0,0.0,1.0,0.0,1.0,0.0,0.0,0.0,0.0,0.0,1.0,0.0,0
0.8992537313432836,1.0,1.8435301245618256,-0.8444862083115361,2.0,0.0,0.0,1.0,0.0,1.0,0.0,0.0,0.0,0.0,1.0,0.0,0.0,1
1.7682089552238844,-0.5,-0.5635363897552784,-0.6693219212412826,1.0,0.0,0.0,0.0,1.0,1.0,0.0,0.0,0.0,0.0,0.0,1.0,0.0,1
-0.7164179104477612,-0.5,-0.23968994199693677,1.6047473615786818,0.0,1.0,0.0,1.0,0.0,1.0,0.0,0.0,0.0,0.0,0.0,1.0,0.0,1
0.5111940298507462,-1.0,-0.38308427556825114,1.1769156130210847,0.0,0.0,0.0,0.0,1.0,0.0,1.0,0.0,0.0,0.0,0.0,0.0,1.0,1
0.4253731343283582,1.0,-0.4798819498302057,-0.5848301920507664,1.0,0.0,0.0,1.0,0.0,0.0,0.0,1.0,0.0,0.0,0.0,1.0,0.0,0
-0.2126865671641791,-0.5,-0.42323516386315313,1.328793755374237,1.0,0.0,0.0,1.0,0.0,0.0,0.0,0.0,1.0,0.0,0.0,0.0,1.0,1
0.43283582089552236,-0.5,-0.6137259282547775,-0.5527340649878271,0.0,0.0,0.0,1.0,0.0,1.0,0.0,0.0,0.0,0.0,1.0,0.0,0.0,0
0.3246268656716418,-0.5,-0.12060130968383595,0.1420737922761949,0.0,0.0,0.0,1.0,0.0,0.0,0.0,1.0,0.0,0.0,1.0,0.0,0.0,0
1.5111940298507462,-1.0,-0.5116449002732744,1.7206757969526445,0.0,0.0,0.0,1.0,0.0,1.0,0.0,0.0,0.0,0.0,1.0,0.0,0.0,1
0.29850746268656714,-0.5,0.2663596179852181,0.274102902751837,1.0,1.0,0.0,1.0,0.0,0.0,0.0,0.0,0.0,1.0,0.0,0.0,1.0,0
-0.7425373134328358,1.5,-0.5767752908325624,0.3988806734334822,0.0,0.0,0.0,1.0,0.0,1.0,0.0,0.0,0.0,0.0,1.0,0.0,0.0,1
1.7682089552238844,1.5,2.0821675361638876,-0.9624248473989618,1.0,0.0,0.0,1.0,0.0,0.0,0.0,1.0,0.0,0.0,1.0,0.0,0.0,1
0.6194029850746269,-1.0,0.22777269297563274,0.8182449616718709,1.0,0.0,0.0,1.0,0.0,0.0,0.0,1.0,0.0,0.0,0.0,1.0,0.0,0
-0.23134328358208955,-1.5,-0.09017813217741336,1.053486573054364,1.0,1.0,0.0,0.0,1.0,0.0,0.0,0.0,0.0,1.0,0.0,1.0,0.0,0
1.3022388059701493,0.5,0.014691551782328373,-0.4297232932688158,0.0,0.0,0.0,0.0,1.0,1.0,0.0,0.0,0.0,0.0,0.0,0.0,1.0,0
1.208955223880597,1.0,-0.3374821334262448,-0.29053606141351307,0.0,0.0,0.0,1.0,0.0,1.0,0.0,0.0,0.0,0.0,1.0,0.0,0.0,0
-1.037313432835821,0.0,-0.6202403519480862,-0.29969554484589644,3.0,0.0,1.0,0.0,0.0,1.0,0.0,0.0,0.0,0.0,0.0,0.0,1.0,1
-0.4701492537313433,1.0,-0.44148574945247065,0.9877528944563185,1.0,0.0,0.0,1.0,0.0,1.0,0.0,0.0,0.0,0.0,0.0,0.0,1.0,1
-0.9514925373134329,0.5,-0.19695995929068252,1.6210469617947634,-1.0,0.0,0.0,1.0,0.0,1.0,0.0,0.0,0.0,0.0,1.0,0.0,0.0,1
-0.667910447761194,1.5,-0.5825190326274873,-0.14836393045303378,0.0,0.0,0.0,1.0,0.0,0.0,0.0,1.0,0.0,0.0,1.0,0.0,0.0,1
-0.7276119402985075,-1.5,0.9558108150073351,1.6022279210501225,1.0,0.0,0.0,1.0,0.0,0.0,1.0,0.0,0.0,0.0,0.0,1.0,0.0,1
0.06343283582089553,0.5,1.9818220201949075,0.45422353888129785,2.0,0.0,0.0,0.0,1.0,1.0,0.0,0.0,0.0,0.0,0.0,1.0,0.0,1
0.3582089552238806,0.0,0.15088307016244196,-0.5359061558319967,0.0,0.0,0.0,1.0,0.0,0.0,0.0,1.0,0.0,0.0,0.0,0.0,1.0,0
-1.1082089552238805,-0.5,-0.055696409643019834,-0.525409761761836,1.0,0.0,0.0,1.0,0.0,0.0,0.0,0.0,0.0,1.0,1.0,0.0,0.0,0
-0.2798507462686567,0.0,0.22908049820479676,0.14168060408811473,0.0,0.0,0.0,1.0,0.0,0.0,0.0,1.0,0.0,0.0,1.0,0.0,0.0,0
0.2537313432835821,0.5,0.3196874344514996,1.090526791424893,0.0,0.0,0.0,0.0,1.0,0.0,0.0,1.0,0.0,0.0,0.0,1.0,0.0,1
0.34328358208955223,0.5,0.6321709523715825,-0.06434152878610987,0.0,1.0,0.0,0.0,1.0,0.0,0.0,1.0,0.0,0.0,0.0,0.0,1.0,1
-0.16044776119402984,-1.0,-0.2978992957187108,0.34181429347621395,1.0,0.0,1.0,0.0,0.0,0.0,0.0,1.0,0.0,0.0,0.0,0.0,1.0,0
-0.03731343283582089,0.5,-0.6192713773966617,-0.4185759407883078,0.0,0.0,0.0,0.0,1.0,1.0,0.0,0.0,0.0,0.0,1.0,0.0,0.0,1
0.44402985074626866,0.5,0.10370811848566097,1.4919071532051715,0.0,0.0,0.0,1.0,0.0,1.0,0.0,0.0,0.0,0.0,0.0,1.0,0.0,1
0.9216417910447762,2.0,0.3417140676619338,0.9823817571915694,0.0,0.0,0.0,1.0,0.0,1.0,0.0,0.0,0.0,0.0,1.0,0.0,0.0,1
-0.24253731343283583,1.0,-0.4106656558937429,1.509474663937669,0.0,0.0,0.0,1.0,0.0,0.0,1.0,0.0,0.0,0.0,0.0,1.0,0.0,1
-0.022388059701492536,0.5,-0.4461178654586933,0.01963169392735433,1.0,0.0,0.0,1.0,0.0,1.0,0.0,0.0,0.0,0.0,0.0,0.0,1.0,1
-0.7798507462686567,0.5,-0.48765105338612114,0.08883652049287274,0.0,1.0,0.0,0.0,1.0,1.0,0.0,0.0,0.0,0.0,1.0,0.0,0.0,0
-0.30970149253731344,-0.5,-0.39151583997985406,0.06261686154906011,1.0,0.0,0.0,0.0,1.0,1.0,0.0,0.0,0.0,0.0,1.0,0.0,0.0,1
-0.19402985074626866,-1.5,0.31159337191625913,1.3109657357277968,2.0,0.0,0.0,1.0,0.0,0.0,1.0,0.0,0.0,0.0,0.0,1.0,0.0,1
0.835820895522388,0.5,0.5318313842268824,-0.15423537517664002,0.0,0.0,1.0,0.0,0.0,0.0,0.0,1.0,0.0,0.0,0.0,0.0,1.0,0
-0.30223880597014924,2.5,0.6004527696702132,0.008378388484925049,0.0,0.0,0.0,1.0,0.0,1.0,0.0,0.0,0.0,0.0,0.0,0.0,1.0,1
-0.35447761194029853,1.0,-0.3924163680372959,0.1667215292761999,1.0,0.0,0.0,1.0,0.0,1.0,0.0,0.0,0.0,0.0,0.0,0.0,1.0,1
-1.0671641791044777,-1.0,1.8078951106794445,-0.8641482151681219,1.0,1.0,0.0,1.0,0.0,1.0,0.0,0.0,0.0,0.0,1.0,0.0,0.0,1
0.917910447761194,-0.5,0.524008097021375,0.5905011866990564,1.0,0.0,1.0,0.0,0.0,1.0,0.0,0.0,0.0,0.0,1.0,0.0,0.0,0
-0.3283582089552239,0.5,-0.4622808860804099,0.4427760159295032,1.0,0.0,0.0,1.0,0.0,1.0,0.0,0.0,0.0,0.0,0.0,0.0,1.0,0
-0.16791044776119404,0.0,-0.17358129986752815,0.24724822999212678,1.0,0.0,0.0,1.0,0.0,0.0,0.0,0.0,0.0,1.0,0.0,1.0,0.0,1
-0.5485074626865671,-0.5,0.24372260801489928,0.9625405521238056,-1.0,0.0,0.0,1.0,0.0,0.0,1.0,0.0,0.0,0.0,1.0,0.0,0.0,0
1.3059701492537314,-0.5,-0.017618808692215798,0.3849512792229181,1.0,0.0,0.0,0.0,1.0,1.0,0.0,0.0,0.0,0.0,0.0,1.0,0.0,0
1.287313432835821,-1.0,-0.5750462274114917,0.3183290987326297,1.0,0.0,0.0,1.0,0.0,1.0,0.0,0.0,0.0,0.0,0.0,0.0,1.0,0
0.48507462686567165,0.5,0.3675793696588065,-0.524574479570485,0.0,0.0,0.0,1.0,0.0,1.0,0.0,0.0,0.0,0.0,0.0,0.0,1.0,0
-0.26492537313432835,0.5,0.060073323845928096,1.6924008641060733,0.0,1.0,0.0,0.0,1.0,1.0,0.0,0.0,0.0,0.0,1.0,0.0,0.0,1
-1.291044776119403,-0.5,0.16673879260857954,-0.5683075741939344,2.0,1.0,0.0,1.0,0.0,1.0,0.0,0.0,0.0,0.0,1.0,0.0,0.0,1
-0.8656716417910447,0.0,-0.35958384375306124,1.435169789397786,3.0,0.0,1.0,0.0,0.0,1.0,0.0,0.0,0.0,0.0,0.0,1.0,0.0,1
-0.5223880597014925,0.0,-0.3748934690709312,-0.2705485649654246,-1.0,1.0,0.0,1.0,0.0,1.0,0.0,0.0,0.0,0.0,1.0,0.0,0.0,0
0.04477611940298507,-1.0,0.9307192516675492,-0.13299398299019036,0.0,1.0,0.0,0.0,1.0,0.0,1.0,0.0,0.0,0.0,0.0,1.0,0.0,1
-0.8395522388059702,-0.5,-0.2712352602703842,-0.6599061019908907,-1.0,0.0,0.0,1.0,0.0,0.0,0.0,1.0,0.0,0.0,1.0,0.0,0.0,0
0.6268656716417911,0.5,-0.6217278394225659,0.0819342025693281,0.0,0.0,0.0,1.0,0.0,1.0,0.0,0.0,0.0,0.0,0.0,0.0,1.0,0
0.2574626865671642,-1.5,-0.5135496977472915,0.6598183255813277,1.0,0.0,0.0,1.0,0.0,0.0,0.0,1.0,0.0,0.0,0.0,0.0,1.0,0
1.6529850746268657,-1.5,-0.02524906226340752,-0.5311579917798716,2.0,0.0,0.0,0.0,1.0,1.0,0.0,0.0,0.0,0.0,1.0,0.0,0.0,1
0.6455223880597015,0.5,0.4749730059262118,-0.4918265789364482,1.0,0.0,1.0,0.0,0.0,1.0,0.0,0.0,0.0,0.0,1.0,0.0,0.0,1
0.6902985074626866,-1.0,-0.5153321748410075,1.1152847166227111,2.0,0.0,0.0,1.0,0.0,1.0,0.0,0.0,0.0,0.0,0.0,1.0,0.0,1
-0.09328358208955224,-0.5,1.4123481703132441,-0.4087574060224897,0.0,0.0,0.0,1.0,0.0,0.0,0.0,1.0,0.0,0.0,1.0,0.0,0.0,0
-0.6828358208955224,-1.0,0.03362931978519734,0.7853738482874866,0.0,0.0,0.0,0.0,1.0,0.0,0.0,1.0,0.0,0.0,0.0,0.0,1.0,0
-0.17164179104477612,2.0,-0.2917719466279863,0.21174063788768846,-1.0,1.0,1.0,0.0,0.0,1.0,0.0,0.0,0.0,0.0,0.0,1.0,0.0,1
0.16791044776119404,-0.5,1.4187218523898322,-1.0693196078992746,0.0,0.0,0.0,0.0,1.0,1.0,0.0,0.0,0.0,0.0,0.0,1.0,0.0,0
0.22761194029850745,0.0,-0.5807400258469403,0.009050255627126512,0.0,1.0,0.0,0.0,1.0,1.0,0.0,0.0,0.0,0.0,1.0,0.0,0.0,0
0.7276119402985075,0.5,-0.3849072908216567,0.662376726528835,0.0,0.0,0.0,1.0,0.0,0.0,1.0,0.0,0.0,0.0,1.0,0.0,0.0,0
0.5895522388059702,1.5,0.41872140600963015,0.49039183124409225,0.0,0.0,0.0,1.0,0.0,1.0,0.0,0.0,0.0,0.0,0.0,1.0,0.0,1
0.2126865671641791,-1.0,-0.41443333863282567,0.18459518982184714,2.0,0.0,0.0,1.0,0.0,1.0,0.0,0.0,0.0,0.0,1.0,0.0,0.0,1
-0.041044776119402986,2.5,0.2735193114218576,-0.05037765020393568,-1.0,0.0,0.0,0.0,1.0,1.0,0.0,0.0,0.0,0.0,0.0,0.0,1.0,1
0.9104477611940298,-0.5,-0.4328391628155871,0.5412543489656662,0.0,0.0,0.0,1.0,0.0,1.0,0.0,0.0,0.0,0.0,1.0,0.0,0.0,0
0.3656716417910448,-0.5,-0.09639705540138879,0.0802743710609573,2.0,0.0,0.0,1.0,0.0,0.0,0.0,0.0,0.0,1.0,1.0,0.0,0.0,1
0.9552238805970149,-0.5,-0.47161902932431904,1.675283035223083,2.0,0.0,0.0,0.0,1.0,0.0,0.0,1.0,0.0,0.0,0.0,1.0,0.0,1
0.3619402985074627,0.5,0.9796457769602707,-0.5925974144070417,0.0,0.0,0.0,0.0,1.0,0.0,0.0,0.0,0.0,1.0,0.0,0.0,1.0,1
-0.2873134328358209,-1.0,0.03748034227723246,-0.4387168945351142,2.0,0.0,0.0,1.0,0.0,0.0,0.0,0.0,1.0,0.0,0.0,1.0,0.0,1
-0.4925373134328358,-1.5,-0.6109234618455397,1.029028447147223,0.0,0.0,0.0,0.0,1.0,1.0,0.0,0.0,0.0,0.0,0.0,1.0,0.0,0
1.25,1.0,0.18205078650698286,0.8558088558293622,1.0,0.0,0.0,1.0,0.0,1.0,0.0,0.0,0.0,0.0,0.0,1.0,0.0,0
1.5634328358208955,0.0,-0.5258376173873508,-0.22438577514178487,-1.0,0.0,0.0,1.0,0.0,1.0,0.0,0.0,0.0,0.0,0.0,1.0,0.0,0
1.078358208955224,-1.5,-0.38821007059650464,0.24249093839711947,1.0,0.0,0.0,1.0,0.0,1.0,0.0,0.0,0.0,0.0,0.0,1.0,0.0,0
-0.018656716417910446,-0.5,-0.14651977074095013,0.10217521966244346,-1.0,1.0,0.0,1.0,0.0,0.0,1.0,0.0,0.0,0.0,1.0,0.0,0.0,0
-0.503731343283582,-0.5,-0.3343766190826433,0.9124434290248817,-1.0,0.0,0.0,1.0,0.0,0.0,1.0,0.0,0.0,0.0,0.0,1.0,0.0,0
0.4701492537313433,0.5,1.3924274441959559,1.1552849039859174,1.0,0.0,0.0,1.0,0.0,1.0,0.0,0.0,0.0,0.0,1.0,0.0,0.0,1
-0.40671641791044777,0.5,-0.30639330324645864,0.7054334035467192,1.0,0.0,0.0,1.0,0.0,0.0,0.0,1.0,0.0,0.0,0.0,1.0,0.0,0
-0.10820895522388059,1.0,0.11588834942040709,0.254795408599413,-1.0,1.0,0.0,0.0,1.0,1.0,0.0,0.0,0.0,0.0,1.0,0.0,0.0,1
0.05970149253731343,-1.0,-0.5058825783794524,0.19990842323290064,1.0,0.0,0.0,1.0,0.0,0.0,0.0,1.0,0.0,0.0,1.0,0.0,0.0,1
0.9589552238805971,2.0,2.0513720898472134,0.9754365352396249,0.0,0.0,0.0,1.0,0.0,0.0,0.0,1.0,0.0,0.0,1.0,0.0,0.0,1
-0.6865671641791045,0.5,0.7760469495207013,-0.8692404966060217,-1.0,0.0,0.0,1.0,0.0,1.0,0.0,0.0,0.0,0.0,1.0,0.0,0.0,0
-0.291044776119403,-0.5,0.15631631505209842,-0.7772369167924734,0.0,0.0,0.0,1.0,0.0,0.0,1.0,0.0,0.0,0.0,0.0,0.0,1.0,0
-1.2985074626865671,0.0,-0.40370026512938534,-0.6927149874419795,-1.0,0.0,0.0,1.0,0.0,0.0,0.0,0.0,0.0,1.0,1.0,0.0,0.0,1
0.664179104477612,-1.0,3.1188934732823093,0.6271116474516326,1.0,0.0,0.0,0.0,1.0,0.0,0.0,1.0,0.0,0.0,0.0,1.0,0.0,0
0.8582089552238806,2.5,1.0787218911718597,0.11150850417228754,-1.0,0.0,0.0,1.0,0.0,1.0,0.0,0.0,0.0,0.0,0.0,1.0,0.0,1
0.8917910447761194,0.0,-0.5720382842405578,0.2703935649428618,-1.0,0.0,1.0,0.0,0.0,0.0,0.0,1.0,0.0,0.0,1.0,0.0,0.0,0
-0.7425373134328358,-0.5,0.7052486781065088,0.7184637360820522,0.0,0.0,0.0,1.0,0.0,1.0,0.0,0.0,0.0,0.0,0.0,0.0,1.0,0
0.5373134328358209,-1.0,0.5615961508089857,0.10606978697850514,1.0,0.0,0.0,1.0,0.0,1.0,0.0,0.0,0.0,0.0,0.0,0.0,1.0,0
0.018656716417910446,0.5,-0.26564577713053167,0.858964913354117,1.0,0.0,0.0,1.0,0.0,1.0,0.0,0.0,0.0,0.0,0.0,0.0,1.0,0
-0.08208955223880597,0.5,0.44342642102592833,-0.8077274599985752,2.0,0.0,0.0,0.0,1.0,0.0,1.0,0.0,0.0,0.0,1.0,0.0,0.0,1
-0.667910447761194,-0.5,-0.3823388385442356,-0.06172546768589897,1.0,0.0,0.0,1.0,0.0,1.0,0.0,0.0,0.0,0.0,1.0,0.0,0.0,0
-0.40298507462686567,-1.5,1.9081925680383909,-0.8111005403754445,1.0,0.0,1.0,0.0,0.0,0.0,0.0,1.0,0.0,0.0,0.0,1.0,0.0,0
-0.8880597014925373,0.5,-0.5063623703734764,0.5088539133537309,1.0,0.0,0.0,0.0,1.0,1.0,0.0,0.0,0.0,0.0,0.0,0.0,1.0,0
0.3358208955223881,1.0,0.44611901494856193,-0.04326859969602758,1.0,0.0,0.0,0.0,1.0,1.0,0.0,0.0,0.0,0.0,0.0,1.0,0.0,0
1.208955223880597,0.0,0.3294524100466128,0.6517321366959035,0.0,0.0,0.0,1.0,0.0,1.0,0.0,0.0,0.0,0.0,0.0,0.0,1.0,0
0.16044776119402984,0.5,-0.1428158552084427,-0.7928699565569035,1.0,0.0,0.0,1.0,0.0,0.0,1.0,0.0,0.0,0.0,1.0,0.0,0.0,0
-0.41044776119402987,-0.5,-0.6177527141294175,1.7206757969526445,1.0,0.0,0.0,1.0,0.0,0.0,1.0,0.0,0.0,0.0,1.0,0.0,0.0,1
-0.16044776119402984,0.0,-0.6003863738932339,0.3556430916654749,0.0,0.0,0.0,1.0,0.0,0.0,0.0,1.0,0.0,0.0,1.0,0.0,0.0,0
0.2462686567164179,0.0,-0.4613638164959358,0.8400381952496561,1.0,0.0,0.0,0.0,1.0,0.0,0.0,1.0,0.0,0.0,0.0,0.0,1.0,1
-0.31716417910447764,1.0,0.41458092716654077,0.9114695247892455,0.0,1.0,1.0,0.0,0.0,1.0,0.0,0.0,0.0,0.0,1.0,0.0,0.0,1
-1.1791044776119404,0.5,1.3782582867696733,-0.7901578595139258,1.0,0.0,0.0,1.0,0.0,1.0,0.0,0.0,0.0,0.0,1.0,0.0,0.0,0
0.4664179104477612,1.5,1.3108311418542105,-0.8695803511310088,0.0,1.0,0.0,1.0,0.0,1.0,0.0,0.0,0.0,0.0,1.0,0.0,0.0,1
-0.4552238805970149,0.5,0.19283149541965103,-0.38190945717925634,3.0,0.0,0.0,1.0,0.0,0.0,0.0,1.0,0.0,0.0,1.0,0.0,0.0,1
0.8731343283582089,-0.5,0.11090938411497295,1.357742118141834,-1.0,0.0,0.0,1.0,0.0,1.0,0.0,0.0,0.0,0.0,1.0,0.0,0.0,1
-0.17164179104477612,-0.5,0.641455243255442,-0.8529205312418927,-1.0,0.0,1.0,0.0,0.0,1.0,0.0,0.0,0.0,0.0,1.0,0.0,0.0,0
1.2276119402985075,-0.5,-0.18995890385584605,0.8765157430521944,-1.0,0.0,0.0,1.0,0.0,1.0,0.0,0.0,0.0,0.0,0.0,1.0,0.0,0
-0.48880597014925375,-0.5,0.21653957185485662,0.6424453210149783,0.0,0.0,0.0,1.0,0.0,1.0,0.0,0.0,0.0,0.0,0.0,1.0,0.0,0
0.22761194029850745,-1.0,0.6441371360886741,0.520855447420007,3.0,0.0,0.0,1.0,0.0,1.0,0.0,0.0,0.0,0.0,1.0,0.0,0.0,1
0.4141791044776119,0.5,0.19700661781659337,-0.29038249925130033,3.0,1.0,0.0,1.0,0.0,1.0,0.0,0.0,0.0,0.0,0.0,1.0,0.0,1
-0.9440298507462687,0.0,2.6771336847512712,0.5197367013828194,-1.0,0.0,0.0,1.0,0.0,0.0,1.0,0.0,0.0,0.0,1.0,0.0,0.0,0
0.8470149253731343,0.0,-0.5208052108312486,-0.7518159673443013,1.0,0.0,0.0,1.0,0.0,1.0,0.0,0.0,0.0,0.0,1.0,0.0,0.0,1
-0.48134328358208955,0.0,-0.45147194257890183,-0.7554322112571887,0.0,0.0,0.0,1.0,0.0,1.0,0.0,0.0,0.0,0.0,0.0,1.0,0.0,0
-0.7947761194029851,1.5,0.24206121807058298,-0.2901296158522926,1.0,0.0,0.0,1.0,0.0,0.0,0.0,1.0,0.0,0.0,0.0,0.0,1.0,1
0.1417910447761194,1.0,-0.31372333137740155,-0.5467549231143585,2.0,0.0,0.0,1.0,0.0,1.0,0.0,0.0,0.0,0.0,1.0,0.0,0.0,1
-0.0708955223880597,-1.0,-0.42025104702831834,-1.0298339058420138,0.0,0.0,0.0,1.0,0.0,1.0,0.0,0.0,0.0,0.0,1.0,0.0,0.0,0
1.328358208955224,0.0,0.27522965570986874,-0.5674755775211152,1.0,0.0,0.0,1.0,0.0,1.0,0.0,0.0,0.0,0.0,0.0,0.0,1.0,0
-0.26119402985074625,-0.5,-0.5443609468951986,1.0050904416144215,-1.0,1.0,0.0,1.0,0.0,0.0,1.0,0.0,0.0,0.0,0.0,1.0,0.0,0
-0.7164179104477612,0.0,-0.5394297472667657,-0.15719542105119202,0.0,0.0,0.0,1.0,0.0,1.0,0.0,0.0,0.0,0.0,1.0,0.0,0.0,0
0.33955223880597013,-1.0,-0.3597221639795509,-0.7148174155533225,3.0,0.0,0.0,1.0,0.0,0.0,0.0,1.0,0.0,0.0,0.0,0.0,1.0,1
-0.8059701492537313,0.5,-0.09334274898410011,-0.32335156102034307,-1.0,0.0,0.0,1.0,0.0,1.0,0.0,0.0,0.0,0.0,0.0,1.0,0.0,0
-1.6194029850746268,-1.0,-0.27719816982258244,1.0570487253804697,0.0,0.0,0.0,1.0,0.0,1.0,0.0,0.0,0.0,0.0,1.0,0.0,0.0,1
1.7682089552238844,0.0,-0.5593395217427753,0.2745442836026703,-1.0,0.0,0.0,1.0,0.0,0.0,0.0,0.0,1.0,0.0,1.0,0.0,0.0,0
-1.3022388059701493,0.5,-0.12909121182954963,-0.38205526067185863,0.0,0.0,0.0,0.0,1.0,0.0,0.0,1.0,0.0,0.0,0.0,1.0,0.0,0
0.6231343283582089,1.0,0.10290336103222252,0.7028272479786847,2.0,0.0,0.0,1.0,0.0,0.0,0.0,1.0,0.0,0.0,0.0,1.0,0.0,1
-0.12313432835820895,-1.0,0.38557480023313195,-0.12289867114224542,0.0,1.0,0.0,1.0,0.0,1.0,0.0,0.0,0.0,0.0,0.0,0.0,1.0,0
-0.018656716417910446,1.5,-0.290923446916654,0.8021264310966297,1.0,1.0,0.0,1.0,0.0,0.0,1.0,0.0,0.0,0.0,1.0,0.0,0.0,1
1.0223880597014925,-1.5,-0.5930923118168699,1.185399752747236,2.0,0.0,0.0,0.0,1.0,0.0,0.0,1.0,0.0,0.0,1.0,0.0,0.0,1
-0.8582089552238806,-1.5,0.33992036360923583,-0.6281269366005084,0.0,0.0,0.0,1.0,0.0,1.0,0.0,0.0,0.0,0.0,0.0,1.0,0.0,0
0.6380597014925373,-1.5,0.028526752882307226,-0.5427776260149597,0.0,0.0,0.0,1.0,0.0,0.0,0.0,0.0,0.0,1.0,0.0,1.0,0.0,0
0.4626865671641791,-1.5,0.40090094780986574,-0.19930371659737917,1.0,0.0,0.0,1.0,0.0,0.0,0.0,1.0,0.0,0.0,0.0,0.0,1.0,0
-1.0671641791044777,1.0,-0.2596071312922448,-0.345481735487273,2.0,0.0,0.0,1.0,0.0,0.0,0.0,1.0,0.0,0.0,0.0,0.0,1.0,1
-0.6529850746268657,1.5,-0.11146365674884319,-0.6375641896412076,1.0,0.0,0.0,1.0,0.0,0.0,1.0,0.0,0.0,0.0,1.0,0.0,0.0,1
-0.39552238805970147,1.0,1.0174859071458031,-0.8226974417964182,0.0,0.0,1.0,0.0,0.0,1.0,0.0,0.0,0.0,0.0,0.0,1.0,0.0,0
-1.0037313432835822,-0.5,-0.5027510109807961,0.13205059341930006,1.0,1.0,0.0,1.0,0.0,1.0,0.0,0.0,0.0,0.0,0.0,1.0,0.0,1
0.291044776119403,0.0,-0.22683381455324195,0.26002787607438005,0.0,0.0,0.0,1.0,0.0,1.0,0.0,0.0,0.0,0.0,0.0,1.0,0.0,0
-0.43283582089552236,-0.5,1.0512978826410215,-0.7447036155177826,1.0,0.0,0.0,1.0,0.0,0.0,0.0,1.0,0.0,0.0,0.0,1.0,0.0,0
0.3805970149253731,1.0,0.29087911490991747,0.6422258252190874,-1.0,0.0,0.0,0.0,1.0,0.0,1.0,0.0,0.0,0.0,1.0,0.0,0.0,0
-0.3843283582089552,0.0,2.189728423968059,0.876233583374504,1.0,0.0,0.0,0.0,1.0,0.0,0.0,1.0,0.0,0.0,0.0,0.0,1.0,0
-0.6044776119402985,0.5,-0.4962236021631442,-0.689909163655234,-1.0,0.0,0.0,0.0,1.0,0.0,1.0,0.0,0.0,0.0,0.0,0.0,1.0,0
1.507462686567164,0.0,0.28263960023444157,0.20961457589670768,0.0,0.0,0.0,1.0,0.0,1.0,0.0,0.0,0.0,0.0,0.0,0.0,1.0,0
-0.22014925373134328,0.0,1.0867624212923053,-1.0404006424422028,0.0,0.0,0.0,1.0,0.0,1.0,0.0,0.0,0.0,0.0,0.0,1.0,0.0,0
0.10820895522388059,1.5,0.3818075929142412,-0.8596001873513517,1.0,0.0,0.0,1.0,0.0,1.0,0.0,0.0,0.0,0.0,0.0,1.0,0.0,1
0.332089552238806,0.5,0.03991753730709214,-0.07646013891995475,0.0,0.0,0.0,0.0,1.0,1.0,0.0,0.0,0.0,0.0,1.0,0.0,0.0,0
0.417910447761194,0.5,-0.2616324707142034,-0.2990867987096381,0.0,1.0,0.0,1.0,0.0,1.0,0.0,0.0,0.0,0.0,1.0,0.0,0.0,0
-1.1902985074626866,-0.5,2.4860702358387785,-0.9758998262407457,0.0,0.0,0.0,0.0,1.0,0.0,0.0,1.0,0.0,0.0,0.0,1.0,0.0,0
-1.0223880597014925,-0.5,-0.21199585039168725,-0.28234957461697796,0.0,0.0,0.0,1.0,0.0,1.0,0.0,0.0,0.0,0.0,0.0,1.0,0.0,0
-0.7686567164179104,2.5,0.8774538258125304,-0.22057105506075556,2.0,1.0,0.0,1.0,0.0,0.0,1.0,0.0,0.0,0.0,0.0,1.0,0.0,1
-1.4888059701492538,-1.0,0.6339887567669437,0.8037613701745985,1.0,0.0,0.0,1.0,0.0,1.0,0.0,0.0,0.0,0.0,1.0,0.0,0.0,1
-0.14925373134328357,0.5,0.11626289730849491,0.25395924218004234,1.0,0.0,0.0,1.0,0.0,0.0,1.0,0.0,0.0,0.0,1.0,0.0,0.0,0
-0.27611940298507465,-0.5,-0.47301900819839926,-0.40601509473482383,2.0,0.0,0.0,1.0,0.0,1.0,0.0,0.0,0.0,0.0,1.0,0.0,0.0,1
1.2761194029850746,-1.0,-0.5425854040726572,-0.027050712549289667,1.0,0.0,0.0,0.0,1.0,0.0,0.0,0.0,1.0,0.0,0.0,1.0,0.0,0
1.0149253731343284,-1.0,-0.5946087269135061,0.10665313985843533,1.0,0.0,0.0,1.0,0.0,0.0,0.0,1.0,0.0,0.0,0.0,0.0,1.0,1
-0.26492537313432835,0.0,0.023984161225274723,-0.7546488054960785,-1.0,0.0,0.0,1.0,0.0,0.0,1.0,0.0,0.0,0.0,1.0,0.0,0.0,0
0.7052238805970149,0.5,-0.5654428751188619,0.4511510204663855,0.0,0.0,0.0,1.0,0.0,0.0,0.0,1.0,0.0,0.0,0.0,1.0,0.0,0
-0.47388059701492535,1.0,0.7242147913750381,0.4877602126349588,0.0,0.0,0.0,1.0,0.0,1.0,0.0,0.0,0.0,0.0,1.0,0.0,0.0,0
-0.39925373134328357,0.0,-0.4570635904252233,-0.58407426848081,1.0,0.0,0.0,1.0,0.0,1.0,0.0,0.0,0.0,0.0,0.0,0.0,1.0,0
0.13432835820895522,0.0,0.38578140714705805,-1.0511438963167699,2.0,0.0,0.0,1.0,0.0,1.0,0.0,0.0,0.0,0.0,1.0,0.0,0.0,1
0.7723880597014925,-1.0,-0.4559895963865748,0.06782104955631178,0.0,0.0,0.0,1.0,0.0,1.0,0.0,0.0,0.0,0.0,1.0,0.0,0.0,0
0.1455223880597015,0.0,0.8380342283477877,-0.297241649697087,2.0,0.0,0.0,1.0,0.0,1.0,0.0,0.0,0.0,0.0,1.0,0.0,0.0,1
0.7350746268656716,-1.5,0.5020556265955678,-0.2087489616686138,1.0,0.0,0.0,0.0,1.0,0.0,1.0,0.0,0.0,0.0,1.0,0.0,0.0,1
0.582089552238806,-0.5,-0.5444560250803228,0.0,-1.0,0.0,0.0,0.0,1.0,0.0,0.0,0.0,1.0,0.0,1.0,0.0,0.0,0
0.5149253731343284,0.0,-0.30208372558200663,-0.3106093950298416,2.0,0.0,0.0,1.0,0.0,0.0,0.0,1.0,0.0,0.0,1.0,0.0,0.0,1
0.15298507462686567,-1.0,-0.5185895754516179,-0.16743235065917267,1.0,0.0,0.0,1.0,0.0,0.0,0.0,1.0,0.0,0.0,0.0,1.0,0.0,0
-1.1679104477611941,-1.5,-0.32455906565008635,-0.3603044201247414,0.0,0.0,0.0,0.0,1.0,1.0,0.0,0.0,0.0,0.0,0.0,1.0,0.0,0
-0.8171641791044776,-0.5,-0.06676757277065364,-0.12717219483346903,0.0,1.0,0.0,1.0,0.0,1.0,0.0,0.0,0.0,0.0,1.0,0.0,0.0,0
0.31343283582089554,1.5,0.2122744919544031,-0.5386113143944734,0.0,0.0,0.0,1.0,0.0,1.0,0.0,0.0,0.0,0.0,1.0,0.0,0.0,1
0.05223880597014925,-1.0,0.10268922006500213,0.9132570117854537,2.0,0.0,0.0,1.0,0.0,1.0,0.0,0.0,0.0,0.0,1.0,0.0,0.0,1
-0.6492537313432836,0.0,-0.35617940031763545,-0.21416987083647057,1.0,0.0,0.0,1.0,0.0,1.0,0.0,0.0,0.0,0.0,0.0,1.0,0.0,0
0.43283582089552236,1.5,0.17071086660520343,-0.6271861905613508,2.0,0.0,0.0,1.0,0.0,1.0,0.0,0.0,0.0,0.0,1.0,0.0,0.0,1
-0.5373134328358209,1.0,0.1237707373188937,-0.46856195779133386,0.0,0.0,0.0,1.0,0.0,0.0,1.0,0.0,0.0,0.0,1.0,0.0,0.0,0
-1.1791044776119404,0.5,0.9392015539217838,1.2771627496414988,0.0,0.0,0.0,1.0,0.0,1.0,0.0,0.0,0.0,0.0,1.0,0.0,0.0,1
0.13432835820895522,1.0,-0.5959769242141093,0.5353734591647844,2.0,1.0,0.0,1.0,0.0,1.0,0.0,0.0,0.0,0.0,1.0,0.0,0.0,1
-0.208955223880597,2.0,-0.22135137738033,0.22658318210527198,-1.0,0.0,0.0,0.0,1.0,0.0,1.0,0.0,0.0,0.0,1.0,0.0,0.0,1
-1.007462686567164,-1.0,-0.5932898421174803,0.05025166960388173,0.0,0.0,0.0,1.0,0.0,1.0,0.0,0.0,0.0,0.0,0.0,1.0,0.0,0
0.19402985074626866,-1.5,-0.3317502138717583,1.7026812257469912,1.0,1.0,0.0,1.0,0.0,1.0,0.0,0.0,0.0,0.0,0.0,0.0,1.0,1
0.25,1.0,-0.42769921351082896,0.2062258006225203,-1.0,0.0,0.0,1.0,0.0,0.0,1.0,0.0,0.0,0.0,0.0,1.0,0.0,0
0.0708955223880597,-0.5,-0.10050943523716549,1.1442381602638099,1.0,0.0,0.0,1.0,0.0,0.0,0.0,0.0,1.0,0.0,0.0,0.0,1.0,1
-0.3619402985074627,0.0,-0.14343087249616587,1.3770056360533964,3.0,1.0,0.0,1.0,0.0,1.0,0.0,0.0,0.0,0.0,1.0,0.0,0.0,1
-0.22388059701492538,-0.5,0.7728296516176724,-0.5699313263054112,1.0,0.0,0.0,1.0,0.0,0.0,1.0,0.0,0.0,0.0,0.0,0.0,1.0,1
-0.007462686567164179,0.0,0.25414310994730205,-1.0653622883393352,3.0,0.0,0.0,1.0,0.0,1.0,0.0,0.0,0.0,0.0,0.0,0.0,1.0,1
-0.8731343283582089,0.5,-0.5555387590925828,0.44381201461708847,-1.0,0.0,0.0,0.0,1.0,0.0,0.0,1.0,0.0,0.0,1.0,0.0,0.0,0
0.23880597014925373,-0.5,-0.3213482258771648,-0.7055891569514426,1.0,0.0,0.0,1.0,0.0,0.0,1.0,0.0,0.0,0.0,0.0,1.0,0.0,0
0.9813432835820896,0.0,-0.46034455985517697,-0.30148311694750957,0.0,0.0,0.0,1.0,0.0,0.0,0.0,1.0,0.0,0.0,1.0,0.0,0.0,0
-0.5186567164179104,0.0,-0.3405567420177876,-0.9418420532959874,-1.0,1.0,0.0,1.0,0.0,1.0,0.0,0.0,0.0,0.0,1.0,0.0,0.0,0
-1.2537313432835822,0.0,-0.1105599270627809,0.041696972882738194,2.0,0.0,0.0,1.0,0.0,0.0,0.0,0.0,0.0,1.0,1.0,0.0,0.0,1
-0.5223880597014925,0.0,-0.21540496884354488,0.27221160348902257,0.0,0.0,0.0,1.0,0.0,0.0,0.0,0.0,0.0,1.0,0.0,1.0,0.0,1
0.4552238805970149,1.5,0.5149572581630976,-0.02338587086222135,0.0,0.0,0.0,1.0,0.0,1.0,0.0,0.0,0.0,0.0,0.0,1.0,0.0,1
0.13805970149253732,0.0,-0.2337845995346098,-0.7145044118181589,1.0,0.0,0.0,1.0,0.0,0.0,0.0,1.0,0.0,0.0,0.0,1.0,0.0,0
-0.05223880597014925,0.5,-0.5006237054285809,-0.4706949205750233,-1.0,0.0,0.0,1.0,0.0,1.0,0.0,0.0,0.0,0.0,0.0,1.0,0.0,0
-0.503731343283582,-1.0,-0.452231594976317,-0.6961697054589162,0.0,0.0,0.0,1.0,0.0,0.0,1.0,0.0,0.0,0.0,1.0,0.0,0.0,0
0.5149253731343284,-1.5,-0.34737731146614204,-0.9394056728988678,0.0,1.0,0.0,1.0,0.0,1.0,0.0,0.0,0.0,0.0,1.0,0.0,0.0,0
1.3992537313432836,0.5,0.4210641568052456,-0.557364846696283,0.0,0.0,0.0,1.0,0.0,0.0,1.0,0.0,0.0,0.0,1.0,0.0,0.0,0
-1.5149253731343284,0.5,0.48323647618186827,-0.046580125294861774,-1.0,0.0,0.0,1.0,0.0,1.0,0.0,0.0,0.0,0.0,0.0,1.0,0.0,1
-0.6343283582089553,-0.5,-0.23862469641792142,0.00047373932366296864,1.0,0.0,0.0,0.0,1.0,1.0,0.0,0.0,0.0,0.0,0.0,0.0,1.0,0
-1.2798507462686568,1.5,-0.3573069542589435,-0.09813855019755083,-1.0,0.0,0.0,1.0,0.0,1.0,0.0,0.0,0.0,0.0,0.0,1.0,0.0,1
-1.3880597014925373,-1.0,0.1767779051311287,0.030519314840122717,-1.0,1.0,0.0,1.0,0.0,0.0,0.0,1.0,0.0,0.0,1.0,0.0,0.0,0
-0.30223880597014924,-1.0,-0.2611722695988466,-0.3982924742959698,1.0,1.0,0.0,0.0,1.0,1.0,0.0,0.0,0.0,0.0,0.0,0.0,1.0,1
0.029850746268656716,2.5,-0.3430691797576404,-0.35841708997512645,2.0,0.0,0.0,0.0,1.0,0.0,0.0,1.0,0.0,0.0,1.0,0.0,0.0,1
-1.4253731343283582,0.0,-0.29709551330729733,-0.4400682450237025,-1.0,0.0,0.0,0.0,1.0,1.0,0.0,0.0,0.0,0.0,1.0,0.0,0.0,0
-1.25,0.0,0.035173404627091225,1.255129011047562,1.0,0.0,0.0,1.0,0.0,0.0,0.0,1.0,0.0,0.0,0.0,0.0,1.0,1
-1.0,0.0,2.726289011905418,0.45771501464943243,1.0,0.0,0.0,0.0,1.0,0.0,1.0,0.0,0.0,0.0,0.0,0.0,1.0,0
-0.40298507462686567,-0.5,0.6449836468106567,0.10627820055468869,1.0,0.0,0.0,1.0,0.0,1.0,0.0,0.0,0.0,0.0,1.0,0.0,0.0,0
-0.20522388059701493,-1.0,-0.4551312550079604,-0.7989958623478529,1.0,0.0,0.0,1.0,0.0,1.0,0.0,0.0,0.0,0.0,0.0,1.0,0.0,0
0.8917910447761194,1.0,-0.38710362466794296,1.2231475220377468,0.0,0.0,0.0,0.0,1.0,0.0,0.0,0.0,1.0,0.0,1.0,0.0,0.0,1
-1.6194029850746268,0.0,0.7153629065758835,-0.2902748200851424,-1.0,0.0,0.0,0.0,1.0,1.0,0.0,0.0,0.0,0.0,1.0,0.0,0.0,0
-0.3917910447761194,0.5,-0.05932893743998362,-0.7963840540487944,2.0,0.0,0.0,1.0,0.0,0.0,1.0,0.0,0.0,0.0,1.0,0.0,0.0,1
-0.4253731343283582,-0.5,3.0895495844571887,0.23748762893801673,0.0,0.0,0.0,1.0,0.0,1.0,0.0,0.0,0.0,0.0,1.0,0.0,0.0,0
0.7164179104477612,0.0,-0.4632106042650998,-0.8544881221757554,1.0,0.0,0.0,0.0,1.0,1.0,0.0,0.0,0.0,0.0,1.0,0.0,0.0,0
0.055970149253731345,0.5,-0.5855529919029974,-0.13975834417499106,-1.0,0.0,0.0,1.0,0.0,1.0,0.0,0.0,0.0,0.0,1.0,0.0,0.0,1
1.5708955223880596,-0.5,1.6869431864274995,-0.411377195591705,1.0,0.0,0.0,1.0,0.0,0.0,0.0,0.0,0.0,1.0,1.0,0.0,0.0,0
-1.2835820895522387,0.5,-0.4468152201728715,0.48402487804835226,-1.0,0.0,0.0,1.0,0.0,1.0,0.0,0.0,0.0,0.0,0.0,1.0,0.0,0
-0.4141791044776119,-0.5,0.6505872778698784,0.41869780748895685,0.0,0.0,1.0,0.0,0.0,1.0,0.0,0.0,0.0,0.0,1.0,0.0,0.0,0
0.6604477611940298,1.0,-0.520340555289883,0.08589837656636866,2.0,0.0,0.0,1.0,0.0,0.0,0.0,0.0,0.0,1.0,0.0,0.0,1.0,1
-0.373134328358209,-1.0,-0.5186977704035926,0.01987483504544992,1.0,0.0,0.0,1.0,0.0,1.0,0.0,0.0,0.0,0.0,1.0,0.0,0.0,0
-0.5708955223880597,0.0,0.013534144633264364,0.09673133786761713,1.0,0.0,1.0,0.0,0.0,0.0,0.0,1.0,0.0,0.0,1.0,0.0,0.0,0
-0.7238805970149254,-1.0,0.04856906419466959,0.22303814893127757,0.0,0.0,0.0,1.0,0.0,1.0,0.0,0.0,0.0,0.0,0.0,1.0,0.0,0
1.3843283582089552,0.0,0.31131645758084947,0.37026436895801085,0.0,0.0,0.0,1.0,0.0,1.0,0.0,0.0,0.0,0.0,0.0,1.0,0.0,1
0.3208955223880597,0.0,-0.4064045297857528,1.174862030537486,-1.0,0.0,1.0,0.0,0.0,0.0,0.0,1.0,0.0,0.0,0.0,1.0,0.0,1
0.6156716417910447,0.5,-0.041432673871992405,-0.1855670222470312,1.0,0.0,1.0,0.0,0.0,0.0,0.0,1.0,0.0,0.0,0.0,1.0,0.0,1
-1.0970149253731343,-0.5,0.5634624231482203,-0.42025791324346984,1.0,0.0,0.0,1.0,0.0,1.0,0.0,0.0,0.0,0.0,0.0,0.0,1.0,0
-0.21641791044776118,-1.0,0.07469147728820129,0.05242902705966204,-1.0,0.0,0.0,1.0,0.0,1.0,0.0,0.0,0.0,0.0,1.0,0.0,0.0,0
0.9067164179104478,0.0,0.03158769062584105,-0.35891794613006134,2.0,0.0,0.0,1.0,0.0,0.0,0.0,1.0,0.0,0.0,0.0,1.0,0.0,1
-1.1380597014925373,1.0,-0.47080684665515005,-0.7587340871174062,-1.0,0.0,0.0,0.0,1.0,1.0,0.0,0.0,0.0,0.0,1.0,0.0,0.0,1
-1.3805970149253732,0.0,-0.5182125372122619,-0.6967428420634231,-1.0,0.0,0.0,0.0,1.0,1.0,0.0,0.0,0.0,0.0,1.0,0.0,0.0,1
0.40671641791044777,-0.5,0.5236575608522931,0.21019095387520123,2.0,0.0,0.0,1.0,0.0,0.0,0.0,0.0,1.0,0.0,0.0,1.0,0.0,1
0.06716417910447761,0.0,0.05014437931760373,0.03057162736861268,0.0,0.0,0.0,1.0,0.0,0.0,0.0,0.0,0.0,1.0,1.0,0.0,0.0,1
-0.07835820895522388,-1.0,-0.04578644717886129,0.5543755735405241,-1.0,0.0,0.0,1.0,0.0,1.0,0.0,0.0,0.0,0.0,0.0,0.0,1.0,0
0.29850746268656714,-0.5,0.03190032982068689,0.09933763004311985,1.0,0.0,0.0,1.0,0.0,0.0,0.0,1.0,0.0,0.0,1.0,0.0,0.0,0
-0.44776119402985076,0.0,0.9679824400695397,-0.9977163718403097,0.0,0.0,0.0,0.0,1.0,0.0,0.0,1.0,0.0,0.0,1.0,0.0,0.0,1
1.1902985074626866,1.5,0.40722235582927646,-0.4044401219258334,0.0,0.0,0.0,1.0,0.0,1.0,0.0,0.0,0.0,0.0,0.0,0.0,1.0,1
-0.7985074626865671,1.5,-0.09010196088821754,0.0993937869522381,0.0,0.0,0.0,1.0,0.0,1.0,0.0,0.0,0.0,0.0,1.0,0.0,0.0,1
-0.7238805970149254,-1.0,-0.31707402434087767,0.4309253344616744,1.0,0.0,0.0,1.0,0.0,1.0,0.0,0.0,0.0,0.0,0.0,1.0,0.0,0
-0.23880597014925373,-0.5,2.696330334672029,-0.19688507155584564,0.0,0.0,0.0,0.0,1.0,1.0,0.0,0.0,0.0,0.0,1.0,0.0,0.0,0
0.6791044776119403,-0.5,2.4404427995266706,0.15566625631672606,0.0,1.0,0.0,1.0,0.0,0.0,0.0,1.0,0.0,0.0,0.0,1.0,0.0,1
0.17164179104477612,-0.5,-0.6155483596946164,-0.7699440488796108,2.0,0.0,0.0,0.0,1.0,0.0,0.0,0.0,1.0,0.0,0.0,0.0,1.0,1
-0.44776119402985076,0.5,0.13748716662891433,-0.5005218571827318,0.0,1.0,0.0,0.0,1.0,1.0,0.0,0.0,0.0,0.0,0.0,1.0,0.0,0
0.9440298507462687,0.5,0.5308700068843442,-0.38845466542697094,0.0,0.0,0.0,1.0,0.0,1.0,0.0,0.0,0.0,0.0,0.0,0.0,1.0,1
-0.5485074626865671,-0.5,0.1818322544092088,-0.5857909992981667,1.0,0.0,0.0,1.0,0.0,0.0,0.0,1.0,0.0,0.0,0.0,1.0,0.0,1
-0.9253731343283582,1.5,1.582009301563364,-0.07727202506548575,2.0,0.0,0.0,1.0,0.0,1.0,0.0,0.0,0.0,0.0,0.0,0.0,1.0,1
0.26119402985074625,0.0,0.9297013229177992,0.42303805709542996,2.0,0.0,0.0,1.0,0.0,0.0,0.0,0.0,1.0,0.0,0.0,0.0,1.0,1
-0.4216417910447761,0.5,0.0020513773048341038,-0.2480103689380098,2.0,0.0,0.0,1.0,0.0,0.0,0.0,1.0,0.0,0.0,1.0,0.0,0.0,1
1.1492537313432836,2.0,1.2981034482924412,0.45131099015602644,-1.0,1.0,0.0,0.0,1.0,1.0,0.0,0.0,0.0,0.0,0.0,0.0,1.0,1
0.06343283582089553,0.0,-0.5422981305424784,-0.6288482670826644,0.0,1.0,0.0,1.0,0.0,1.0,0.0,0.0,0.0,0.0,1.0,0.0,0.0,0
1.421641791044776,0.0,-0.2158934042536836,0.9266727962199235,2.0,0.0,0.0,0.0,1.0,1.0,0.0,0.0,0.0,0.0,1.0,0.0,0.0,1
-0.40671641791044777,0.5,0.28754056529400285,0.18725676161994428,1.0,0.0,0.0,1.0,0.0,1.0,0.0,0.0,0.0,0.0,0.0,1.0,0.0,0
0.3880597014925373,-0.5,-0.01696456555005085,-0.26567593139143647,0.0,0.0,0.0,1.0,0.0,1.0,0.0,0.0,0.0,0.0,0.0,1.0,0.0,0
-0.10820895522388059,0.0,0.40932411294592036,0.3934717441631433,1.0,0.0,0.0,1.0,0.0,0.0,1.0,0.0,0.0,0.0,1.0,0.0,0.0,1
-0.06716417910447761,0.0,0.11772781058859609,1.7206757969526445,1.0,0.0,0.0,0.0,1.0,1.0,0.0,0.0,0.0,0.0,0.0,1.0,0.0,1
-0.3283582089552239,0.5,-0.5053967441562763,0.13019674635943107,1.0,0.0,0.0,0.0,1.0,1.0,0.0,0.0,0.0,0.0,0.0,1.0,0.0,0
-0.2835820895522388,0.5,0.3284028729918278,0.18452042605256352,-1.0,0.0,0.0,1.0,0.0,0.0,1.0,0.0,0.0,0.0,1.0,0.0,0.0,0
0.0,-1.0,2.0631489853052676,0.6429846899275138,0.0,0.0,0.0,1.0,0.0,1.0,0.0,0.0,0.0,0.0,0.0,0.0,1.0,0
0.0708955223880597,-0.5,-0.5869628283937073,-0.33190545767265284,1.0,0.0,0.0,1.0,0.0,1.0,0.0,0.0,0.0,0.0,0.0,1.0,0.0,0
-0.44029850746268656,-0.5,1.0325173636886564,1.3227142681737025,0.0,0.0,0.0,1.0,0.0,0.0,0.0,1.0,0.0,0.0,0.0,0.0,1.0,1
0.033582089552238806,0.0,0.06148380393338243,-0.1429695141655045,1.0,1.0,0.0,1.0,0.0,0.0,1.0,0.0,0.0,0.0,0.0,1.0,0.0,0
-0.9589552238805971,-0.5,-0.14108895455939477,-0.21867300944022955,3.0,0.0,0.0,1.0,0.0,0.0,0.0,1.0,0.0,0.0,0.0,1.0,0.0,1
-0.35074626865671643,1.0,0.33738339273627604,-0.3811978113991521,2.0,0.0,0.0,1.0,0.0,0.0,1.0,0.0,0.0,0.0,0.0,1.0,0.0,1
0.7276119402985075,1.5,0.8574407872483728,-0.03092752312319776,1.0,0.0,0.0,1.0,0.0,1.0,0.0,0.0,0.0,0.0,0.0,1.0,0.0,1
0.7201492537313433,0.5,0.6097341649365203,1.396809461206205,2.0,0.0,0.0,1.0,0.0,0.0,0.0,1.0,0.0,0.0,1.0,0.0,0.0,1
0.8432835820895522,0.0,0.09985228174534029,-0.5357176074965693,1.0,0.0,0.0,0.0,1.0,0.0,0.0,1.0,0.0,0.0,0.0,0.0,1.0,0
0.007462686567164179,0.0,0.9186948345332935,0.22139674707261336,0.0,0.0,0.0,1.0,0.0,1.0,0.0,0.0,0.0,0.0,0.0,1.0,0.0,0
0.4962686567164179,0.0,2.1122287796375616,0.5261179354104885,2.0,0.0,0.0,0.0,1.0,0.0,0.0,0.0,0.0,1.0,1.0,0.0,0.0,1
-0.3917910447761194,-1.5,-0.26487128550080746,-0.7909993197650175,0.0,0.0,0.0,1.0,0.0,1.0,0.0,0.0,0.0,0.0,0.0,0.0,1.0,0
0.2574626865671642,1.5,0.06430589014452084,0.12758745999386506,-1.0,1.0,0.0,1.0,0.0,1.0,0.0,0.0,0.0,0.0,1.0,0.0,0.0,1
0.3917910447761194,-1.5,1.2116750105549048,0.19502260420377276,2.0,0.0,0.0,0.0,1.0,0.0,0.0,1.0,0.0,0.0,1.0,0.0,0.0,1
-0.48507462686567165,2.0,-0.3249200355317492,0.540137967376523,-1.0,0.0,0.0,0.0,1.0,1.0,0.0,0.0,0.0,0.0,1.0,0.0,0.0,1
0.08582089552238806,2.0,-0.4920625366309549,-0.2566250437478918,3.0,0.0,0.0,0.0,1.0,1.0,0.0,0.0,0.0,0.0,0.0,1.0,0.0,1
0.0708955223880597,0.0,-0.48293944692854274,0.5855761262474052,0.0,0.0,0.0,1.0,0.0,0.0,1.0,0.0,0.0,0.0,1.0,0.0,0.0,1
-0.13432835820895522,1.5,1.4282257111531906,0.9741328618174517,0.0,1.0,0.0,1.0,0.0,0.0,1.0,0.0,0.0,0.0,1.0,0.0,0.0,1
0.16417910447761194,0.0,-0.5436702331990206,-0.5405667362433176,1.0,0.0,0.0,1.0,0.0,0.0,0.0,1.0,0.0,0.0,1.0,0.0,0.0,0
0.19402985074626866,0.0,-0.3202796303682179,-0.6464434202372721,3.0,0.0,0.0,1.0,0.0,1.0,0.0,0.0,0.0,0.0,1.0,0.0,0.0,1
-0.5932835820895522,-1.0,0.6829433338747471,-0.605242391796314,1.0,0.0,0.0,1.0,0.0,1.0,0.0,0.0,0.0,0.0,0.0,0.0,1.0,0
0.4291044776119403,1.5,-0.26907243352974153,-0.6047859035373189,-1.0,0.0,0.0,1.0,0.0,0.0,1.0,0.0,0.0,0.0,1.0,0.0,0.0,1
0.5485074626865671,1.0,0.9824222079057958,-0.7446420986275131,-1.0,0.0,0.0,1.0,0.0,1.0,0.0,0.0,0.0,0.0,1.0,0.0,0.0,1
-0.35074626865671643,1.0,0.509918174191555,-0.1549283184106379,0.0,1.0,0.0,0.0,1.0,1.0,0.0,0.0,0.0,0.0,1.0,0.0,0.0,0
-0.835820895522388,-1.5,1.252107615519703,0.44177512334439323,1.0,0.0,0.0,0.0,1.0,0.0,1.0,0.0,0.0,0.0,1.0,0.0,0.0,0
-0.8470149253731343,0.0,0.5571442814857853,0.45676257717648916,1.0,0.0,0.0,1.0,0.0,1.0,0.0,0.0,0.0,0.0,0.0,1.0,0.0,1
-0.832089552238806,-1.0,0.49901324631098815,-0.3149305344040092,0.0,0.0,0.0,0.0,1.0,1.0,0.0,0.0,0.0,0.0,0.0,1.0,0.0,0
1.1529850746268657,0.0,0.7079451616461484,-0.8453124075114887,0.0,0.0,0.0,1.0,0.0,0.0,1.0,0.0,0.0,0.0,0.0,1.0,0.0,1
-0.011194029850746268,0.0,2.9081991641095106,-0.28760024210540247,1.0,0.0,0.0,1.0,0.0,0.0,1.0,0.0,0.0,0.0,1.0,0.0,0.0,0
0.5074626865671642,-0.5,-0.4261456746330752,1.3399112163907783,1.0,1.0,0.0,0.0,1.0,1.0,0.0,0.0,0.0,0.0,1.0,0.0,0.0,1
-0.332089552238806,-0.5,-0.23929850137195394,-0.924171774131217,0.0,0.0,0.0,1.0,0.0,1.0,0.0,0.0,0.0,0.0,0.0,1.0,0.0,0
1.1567164179104477,-1.0,-0.04668868220673433,0.8726783130263948,-1.0,1.0,0.0,1.0,0.0,0.0,0.0,1.0,0.0,0.0,1.0,0.0,0.0,0
1.3395522388059702,0.5,-0.44932832507171244,-0.7243088180879987,1.0,1.0,0.0,1.0,0.0,0.0,1.0,0.0,0.0,0.0,1.0,0.0,0.0,0
-0.22761194029850745,-1.0,0.13376104111586057,-0.7953374062786707,0.0,1.0,0.0,1.0,0.0,0.0,1.0,0.0,0.0,0.0,0.0,1.0,0.0,0
0.5410447761194029,2.0,-0.018740247958889907,-0.225644161640161,0.0,1.0,0.0,1.0,0.0,0.0,0.0,1.0,0.0,0.0,1.0,0.0,0.0,1
-1.0559701492537314,-0.5,-0.07873766585276258,0.3499641530433583,0.0,0.0,0.0,1.0,0.0,0.0,0.0,1.0,0.0,0.0,0.0,1.0,0.0,0
-0.3208955223880597,1.5,-0.6215119379750402,0.17056115694294344,1.0,0.0,0.0,1.0,0.0,0.0,0.0,0.0,0.0,1.0,0.0,1.0,0.0,1
0.014925373134328358,-0.5,-0.28461864274834214,-0.40891744348004716,2.0,0.0,0.0,1.0,0.0,1.0,0.0,0.0,0.0,0.0,0.0,1.0,0.0,1
0.15298507462686567,-0.5,-0.37278925567821536,0.1855579849256723,1.0,0.0,0.0,0.0,1.0,0.0,0.0,0.0,1.0,0.0,0.0,0.0,1.0,1
-0.44029850746268656,-1.0,-0.3402380532235595,-0.7020302574297392,2.0,1.0,0.0,1.0,0.0,1.0,0.0,0.0,0.0,0.0,0.0,1.0,0.0,1
0.20522388059701493,0.0,-0.23659847596857883,-0.09664043080253588,2.0,0.0,0.0,0.0,1.0,1.0,0.0,0.0,0.0,0.0,1.0,0.0,0.0,1
0.5223880597014925,1.0,0.09937439590195091,-0.8003536800194697,0.0,1.0,0.0,1.0,0.0,1.0,0.0,0.0,0.0,0.0,1.0,0.0,0.0,0
-0.9067164179104478,0.0,-0.3957849149166061,-0.18501665684854554,2.0,0.0,0.0,0.0,1.0,1.0,0.0,0.0,0.0,0.0,0.0,1.0,0.0,1
1.541044776119403,0.0,-0.45930441853682724,-0.1721501264072714,1.0,0.0,0.0,1.0,0.0,0.0,1.0,0.0,0.0,0.0,0.0,1.0,0.0,1
0.585820895522388,0.5,2.1535484063259545,-0.08636958274134397,0.0,0.0,0.0,1.0,0.0,0.0,1.0,0.0,0.0,0.0,0.0,1.0,0.0,1
-0.667910447761194,0.5,0.864485160476124,0.40823243898759143,1.0,0.0,0.0,1.0,0.0,1.0,0.0,0.0,0.0,0.0,1.0,0.0,0.0,0
-0.503731343283582,1.0,2.242599537693872,0.12226998037315269,2.0,0.0,0.0,0.0,1.0,1.0,0.0,0.0,0.0,0.0,0.0,1.0,0.0,1
-0.20522388059701493,0.0,2.0114505802693845,1.6174395380864337,0.0,0.0,0.0,1.0,0.0,1.0,0.0,0.0,0.0,0.0,0.0,1.0,0.0,1
-1.6194029850746268,2.0,1.1757804773896146,0.3150203949878877,1.0,0.0,0.0,1.0,0.0,0.0,1.0,0.0,0.0,0.0,1.0,0.0,0.0,1
0.5149253731343284,1.0,1.4684283185169864,-1.0134945032519989,0.0,1.0,0.0,1.0,0.0,0.0,0.0,0.0,1.0,0.0,0.0,1.0,0.0,0
1.1828358208955223,0.0,-0.1387944594836664,0.01286970245962144,1.0,0.0,0.0,1.0,0.0,0.0,0.0,1.0,0.0,0.0,0.0,0.0,1.0,0
-0.47388059701492535,-1.0,0.0010247573125464968,-0.6066447180295412,-1.0,0.0,0.0,0.0,1.0,1.0,0.0,0.0,0.0,0.0,0.0,1.0,0.0,0
1.541044776119403,-1.0,-0.547350168407583,0.7438647916573663,1.0,0.0,0.0,0.0,1.0,1.0,0.0,0.0,0.0,0.0,0.0,0.0,1.0,0
-0.832089552238806,0.5,-0.5962399338548514,-0.9680265368151689,0.0,0.0,0.0,0.0,1.0,0.0,0.0,1.0,0.0,0.0,1.0,0.0,0.0,0
-0.1417910447761194,-0.5,0.47849593128336415,0.05896602838641913,0.0,0.0,0.0,1.0,0.0,0.0,0.0,1.0,0.0,0.0,1.0,0.0,0.0,0
0.4664179104477612,0.5,-0.4951193516177693,1.7206757969526445,0.0,0.0,0.0,1.0,0.0,1.0,0.0,0.0,0.0,0.0,0.0,1.0,0.0,1
0.6865671641791045,-0.5,-0.15850799635878696,1.5686653123211487,2.0,0.0,0.0,0.0,1.0,0.0,0.0,1.0,0.0,0.0,1.0,0.0,0.0,1
-0.8395522388059702,-0.5,0.1339018838070023,1.7206757969526445,1.0,0.0,0.0,1.0,0.0,1.0,0.0,0.0,0.0,0.0,0.0,1.0,0.0,1
0.75,-0.5,0.5454218665282669,0.07145952410036228,0.0,1.0,0.0,1.0,0.0,1.0,0.0,0.0,0.0,0.0,1.0,0.0,0.0,0
0.9626865671641791,1.5,-0.22909824546568555,-0.4697778294555604,3.0,1.0,0.0,1.0,0.0,1.0,0.0,0.0,0.0,0.0,0.0,0.0,1.0,1
0.022388059701492536,-1.0,1.3361956411151816,1.0207766486571022,0.0,0.0,0.0,0.0,1.0,0.0,1.0,0.0,0.0,0.0,0.0,1.0,0.0,0
-0.4552238805970149,1.0,0.9411178276131821,-0.43215977640188913,1.0,0.0,0.0,1.0,0.0,0.0,0.0,1.0,0.0,0.0,0.0,0.0,1.0,1
0.10074626865671642,0.0,-0.27297048846330185,-0.8999393979791163,1.0,1.0,0.0,0.0,1.0,1.0,0.0,0.0,0.0,0.0,1.0,0.0,0.0,0
-1.257462686567164,1.0,0.15001708783629633,0.14864995199053807,0.0,0.0,0.0,1.0,0.0,1.0,0.0,0.0,0.0,0.0,0.0,1.0,0.0,0
-0.3619402985074627,0.0,1.311884112930138,0.4550626597556371,1.0,0.0,0.0,1.0,0.0,1.0,0.0,0.0,0.0,0.0,1.0,0.0,0.0,0
-0.5,0.5,0.10680131634725559,0.3563373370493736,-1.0,1.0,0.0,0.0,1.0,1.0,0.0,0.0,0.0,0.0,1.0,0.0,0.0,1
0.16417910447761194,0.5,0.807912061225898,0.8088311450124054,1.0,0.0,0.0,0.0,1.0,0.0,1.0,0.0,0.0,0.0,1.0,0.0,0.0,0
0.3843283582089552,-1.0,-0.5181587811775329,1.503388321310466,0.0,0.0,0.0,0.0,1.0,0.0,0.0,1.0,0.0,0.0,1.0,0.0,0.0,1
0.417910447761194,-1.5,-0.18502325514515996,-0.5256415169608558,3.0,0.0,0.0,1.0,0.0,1.0,0.0,0.0,0.0,0.0,0.0,0.0,1.0,1
-1.0820895522388059,1.0,0.5556678803997124,-0.8163254400135433,2.0,0.0,0.0,1.0,0.0,1.0,0.0,0.0,0.0,0.0,0.0,1.0,0.0,1
0.43283582089552236,0.5,1.5114413553958643,-0.7971133565079738,1.0,0.0,0.0,1.0,0.0,1.0,0.0,0.0,0.0,0.0,0.0,1.0,0.0,0
-0.7910447761194029,0.0,-0.2515760568900387,-0.6605062921342251,-1.0,0.0,0.0,0.0,1.0,1.0,0.0,0.0,0.0,0.0,1.0,0.0,0.0,0
0.21641791044776118,1.5,-0.2552329736087095,0.6288760004193522,3.0,1.0,0.0,1.0,0.0,1.0,0.0,0.0,0.0,0.0,1.0,0.0,0.0,1
-0.7350746268656716,-1.0,-0.19510199314446552,0.3249665979455746,2.0,0.0,0.0,1.0,0.0,1.0,0.0,0.0,0.0,0.0,0.0,0.0,1.0,1
-0.09701492537313433,-1.5,-0.212881367679312,0.7812622533876545,-1.0,0.0,1.0,0.0,0.0,0.0,1.0,0.0,0.0,0.0,0.0,0.0,1.0,0
-0.332089552238806,0.0,0.9040320584593627,0.9973051833333365,0.0,0.0,0.0,1.0,0.0,0.0,1.0,0.0,0.0,0.0,1.0,0.0,0.0,1
-0.20149253731343283,0.5,-0.46874917509648073,0.714016584414395,1.0,0.0,0.0,1.0,0.0,1.0,0.0,0.0,0.0,0.0,0.0,0.0,1.0,0
0.8208955223880597,1.0,-0.40683770966658495,0.8158150721699459,3.0,0.0,0.0,1.0,0.0,0.0,0.0,1.0,0.0,0.0,0.0,0.0,1.0,1
0.20522388059701493,0.5,0.3214447487697651,-0.24967728717429918,2.0,0.0,0.0,1.0,0.0,1.0,0.0,0.0,0.0,0.0,0.0,0.0,1.0,1
1.5335820895522387,1.0,0.07183380883032825,-0.8769719860656513,0.0,0.0,1.0,0.0,0.0,0.0,0.0,1.0,0.0,0.0,1.0,0.0,0.0,0
0.3582089552238806,2.5,0.6435227467397955,-0.42772968064369876,0.0,0.0,0.0,1.0,0.0,0.0,0.0,1.0,0.0,0.0,1.0,0.0,0.0,1
0.8544776119402985,0.5,2.211474955607959,1.1396127875199888,-1.0,0.0,0.0,1.0,0.0,0.0,1.0,0.0,0.0,0.0,1.0,0.0,0.0,1
-0.8582089552238806,0.5,-0.057095790078556315,0.31786357934723053,0.0,0.0,0.0,0.0,1.0,1.0,0.0,0.0,0.0,0.0,1.0,0.0,0.0,1
0.44402985074626866,0.0,1.1384149631075873,-0.2720332981134822,2.0,0.0,0.0,1.0,0.0,1.0,0.0,0.0,0.0,0.0,1.0,0.0,0.0,1
-0.1455223880597015,-0.5,0.6536813653400235,0.2912027719451419,-1.0,0.0,0.0,1.0,0.0,1.0,0.0,0.0,0.0,0.0,0.0,1.0,0.0,0
-0.011194029850746268,0.5,-0.1315542418110089,0.2942522956295905,-1.0,0.0,0.0,1.0,0.0,0.0,0.0,1.0,0.0,0.0,0.0,1.0,0.0,1
-0.585820895522388,-1.0,0.4151332880785797,0.732000753598219,1.0,0.0,0.0,1.0,0.0,1.0,0.0,0.0,0.0,0.0,1.0,0.0,0.0,1
-0.2537313432835821,-1.0,-0.14135755828993332,-0.11689287126822727,1.0,0.0,0.0,1.0,0.0,0.0,0.0,1.0,0.0,0.0,1.0,0.0,0.0,1
0.3208955223880597,0.5,0.32296238704830554,0.0025920718821984684,2.0,1.0,1.0,0.0,0.0,0.0,1.0,0.0,0.0,0.0,1.0,0.0,0.0,1
-0.08955223880597014,1.5,0.5898624172921997,0.020686470204060056,1.0,0.0,0.0,1.0,0.0,1.0,0.0,0.0,0.0,0.0,0.0,1.0,0.0,1
-0.011194029850746268,0.0,-0.3640902558633337,0.8875962035187958,2.0,0.0,0.0,1.0,0.0,1.0,0.0,0.0,0.0,0.0,0.0,1.0,0.0,1
-0.048507462686567165,0.5,-0.0687431158724401,0.0027474246068620923,1.0,0.0,0.0,1.0,0.0,1.0,0.0,0.0,0.0,0.0,1.0,0.0,0.0,1
0.3358208955223881,0.0,-0.3703614232721576,-0.3174885609462731,2.0,0.0,1.0,0.0,0.0,1.0,0.0,0.0,0.0,0.0,0.0,1.0,0.0,1
0.8805970149253731,0.0,-0.510807345982139,0.7583835250044552,-1.0,0.0,0.0,0.0,1.0,0.0,1.0,0.0,0.0,0.0,1.0,0.0,0.0,0
-1.1604477611940298,1.5,-0.2465802262385852,-0.02871167614512887,1.0,0.0,0.0,1.0,0.0,1.0,0.0,0.0,0.0,0.0,0.0,0.0,1.0,1
-0.8432835820895522,0.5,3.488464304680498,-0.7811183507286236,1.0,0.0,0.0,1.0,0.0,0.0,0.0,1.0,0.0,0.0,1.0,0.0,0.0,0
-0.5559701492537313,-1.0,-0.09944947345556722,-0.7920298076788356,0.0,0.0,0.0,1.0,0.0,0.0,0.0,1.0,0.0,0.0,1.0,0.0,0.0,0
-0.3246268656716418,0.0,-0.32156460018786687,-0.25076560462277214,-1.0,0.0,1.0,0.0,0.0,1.0,0.0,0.0,0.0,0.0,0.0,0.0,1.0,0
0.21641791044776118,1.5,0.3971162267876834,-0.3201036342155954,1.0,0.0,0.0,0.0,1.0,0.0,0.0,1.0,0.0,0.0,1.0,0.0,0.0,1
-0.6977611940298507,-1.0,-0.4086498634583047,-0.6405004460371382,1.0,0.0,0.0,1.0,0.0,1.0,0.0,0.0,0.0,0.0,0.0,0.0,1.0,0
0.7761194029850746,0.5,-0.48807163728506625,0.5140437189614693,-1.0,0.0,0.0,1.0,0.0,1.0,0.0,0.0,0.0,0.0,1.0,0.0,0.0,0
-1.1865671641791045,1.0,-0.3799039938021019,1.4884787417510663,1.0,0.0,0.0,1.0,0.0,0.0,0.0,0.0,0.0,1.0,1.0,0.0,0.0,1
1.4850746268656716,1.0,-0.06351821006956106,-0.7073293152746891,1.0,0.0,0.0,0.0,1.0,0.0,0.0,0.0,0.0,1.0,1.0,0.0,0.0,1
0.5074626865671642,-0.5,0.1970910968770257,0.5091031209533193,2.0,1.0,0.0,1.0,0.0,1.0,0.0,0.0,0.0,0.0,0.0,1.0,0.0,1
0.6902985074626866,-1.5,0.3867343788934774,-0.36423373132633663,0.0,0.0,0.0,0.0,1.0,0.0,1.0,0.0,0.0,0.0,1.0,0.0,0.0,0
-0.12313432835820895,0.5,-0.40603253287714425,-0.387859211032901,0.0,1.0,0.0,0.0,1.0,0.0,0.0,1.0,0.0,0.0,0.0,1.0,0.0,0
0.029850746268656716,-1.0,-0.24411344153410475,-0.32935424235244426,-1.0,0.0,0.0,0.0,1.0,1.0,0.0,0.0,0.0,0.0,0.0,0.0,1.0,1
-0.8097014925373134,1.5,-0.06045760821746504,1.258190383295473,0.0,0.0,0.0,1.0,0.0,0.0,1.0,0.0,0.0,0.0,1.0,0.0,0.0,1
0.11567164179104478,1.0,-0.4112028177219906,0.1933385979912093,0.0,0.0,0.0,1.0,0.0,0.0,0.0,1.0,0.0,0.0,0.0,1.0,0.0,0
-0.22761194029850745,0.5,-0.10851520333399162,-0.28965668503445,2.0,0.0,0.0,1.0,0.0,0.0,0.0,0.0,1.0,0.0,1.0,0.0,0.0,1
-0.30597014925373134,-1.0,0.7196093868830753,1.508252747605758,1.0,0.0,0.0,1.0,0.0,0.0,0.0,1.0,0.0,0.0,1.0,0.0,0.0,1
1.0559701492537314,2.0,1.5090819263267718,0.005765561975033841,0.0,0.0,0.0,1.0,0.0,1.0,0.0,0.0,0.0,0.0,0.0,1.0,0.0,1
0.6604477611940298,-1.5,0.8366001674914006,0.40472445521894695,-1.0,0.0,1.0,0.0,0.0,1.0,0.0,0.0,0.0,0.0,0.0,0.0,1.0,0
-0.8768656716417911,0.5,1.691763407492927,-0.03505693661080994,1.0,0.0,1.0,0.0,0.0,0.0,0.0,1.0,0.0,0.0,0.0,0.0,1.0,1
-0.029850746268656716,0.5,0.08614637994723175,-0.430403552482937,0.0,0.0,0.0,0.0,1.0,0.0,1.0,0.0,0.0,0.0,0.0,1.0,0.0,0
-0.007462686567164179,0.0,3.0218683016080865,0.5780134860077834,2.0,0.0,0.0,1.0,0.0,1.0,0.0,0.0,0.0,0.0,1.0,0.0,0.0,1
-0.9925373134328358,-1.0,1.1733838912058556,0.39740916175587343,1.0,1.0,1.0,0.0,0.0,1.0,0.0,0.0,0.0,0.0,1.0,0.0,0.0,0
0.4552238805970149,-1.0,-0.45162590560122606,-0.01470675881455791,1.0,0.0,0.0,0.0,1.0,1.0,0.0,0.0,0.0,0.0,1.0,0.0,0.0,0
0.08208955223880597,0.0,0.01270888889695058,-0.8164080201642184,-1.0,0.0,0.0,1.0,0.0,0.0,0.0,0.0,0.0,1.0,1.0,0.0,0.0,1
-1.0149253731343284,0.0,2.7309241999418044,0.18191131102106212,3.0,1.0,0.0,0.0,1.0,1.0,0.0,0.0,0.0,0.0,1.0,0.0,0.0,1
-0.17537313432835822,-0.5,0.3957231276293665,-0.3582137902850858,0.0,0.0,0.0,1.0,0.0,1.0,0.0,0.0,0.0,0.0,0.0,1.0,0.0,0
-0.12313432835820895,1.0,-0.1367852321938254,0.46891229797872774,-1.0,0.0,0.0,1.0,0.0,1.0,0.0,0.0,0.0,0.0,0.0,1.0,0.0,0
-0.4253731343283582,-1.0,0.9474814499641006,-0.44289169790498656,1.0,0.0,1.0,0.0,0.0,1.0,0.0,0.0,0.0,0.0,0.0,0.0,1.0,0
0.12686567164179105,-0.5,-0.250692718611909,-0.1415332695168184,0.0,0.0,0.0,0.0,1.0,0.0,0.0,1.0,0.0,0.0,0.0,1.0,0.0,0
-0.2798507462686567,-1.0,-0.6217278394225659,-0.9301844672505999,2.0,0.0,0.0,1.0,0.0,1.0,0.0,0.0,0.0,0.0,1.0,0.0,0.0,1
-0.8208955223880597,2.0,0.026283475513687024,-0.46618213023914673,1.0,0.0,0.0,0.0,1.0,0.0,1.0,0.0,0.0,0.0,0.0,0.0,1.0,1
0.291044776119403,0.0,0.1345619606331611,0.252239662428897,2.0,0.0,0.0,1.0,0.0,1.0,0.0,0.0,0.0,0.0,0.0,1.0,0.0,1
-1.294776119402985,1.0,0.6918255462302465,0.2713022751437627,0.0,0.0,0.0,0.0,1.0,1.0,0.0,0.0,0.0,0.0,1.0,0.0,0.0,0
0.8731343283582089,2.0,-0.24114249054965953,-0.6972972679248589,0.0,0.0,0.0,1.0,0.0,0.0,0.0,0.0,1.0,0.0,1.0,0.0,0.0,1
0.5522388059701493,-1.0,-0.3320288077038524,-1.0564913378000442,0.0,1.0,0.0,1.0,0.0,1.0,0.0,0.0,0.0,0.0,1.0,0.0,0.0,0
0.376865671641791,0.0,-0.5764912042382061,0.5952668958414362,0.0,0.0,0.0,0.0,1.0,1.0,0.0,0.0,0.0,0.0,0.0,1.0,0.0,0
-0.4216417910447761,1.0,-0.11461304808560246,0.22129783776595735,1.0,0.0,0.0,0.0,1.0,1.0,0.0,0.0,0.0,0.0,0.0,0.0,1.0,0
0.16417910447761194,-1.0,0.9530203386088641,-0.36220292960869155,2.0,0.0,0.0,1.0,0.0,0.0,0.0,0.0,0.0,1.0,0.0,1.0,0.0,1
-0.8731343283582089,0.0,-0.3364563697015522,0.6123998516286459,1.0,0.0,0.0,1.0,0.0,1.0,0.0,0.0,0.0,0.0,0.0,0.0,1.0,0
0.09328358208955224,1.0,-0.4458029887778431,0.9102079079082075,1.0,1.0,0.0,1.0,0.0,1.0,0.0,0.0,0.0,0.0,0.0,1.0,0.0,0
0.10074626865671642,0.0,-0.418574535096626,0.7342105841365751,1.0,1.0,0.0,0.0,1.0,0.0,0.0,0.0,0.0,1.0,1.0,0.0,0.0,1
0.35074626865671643,-1.0,1.7094165677362616,0.5918003421289039,2.0,1.0,0.0,1.0,0.0,0.0,1.0,0.0,0.0,0.0,0.0,1.0,0.0,1
-1.328358208955224,0.0,0.5555866422790536,0.14433322071424787,-1.0,0.0,0.0,0.0,1.0,0.0,0.0,0.0,0.0,1.0,1.0,0.0,0.0,1
-0.7014925373134329,-1.5,-0.06298412343281405,0.18323176754102397,0.0,0.0,0.0,1.0,0.0,0.0,0.0,1.0,0.0,0.0,1.0,0.0,0.0,0
0.8470149253731343,1.5,0.6803154958175466,0.2449872409342519,0.0,0.0,1.0,0.0,0.0,0.0,1.0,0.0,0.0,0.0,1.0,0.0,0.0,1
0.6268656716417911,-1.0,-0.4225476393176128,0.4912314881806176,1.0,0.0,0.0,1.0,0.0,1.0,0.0,0.0,0.0,0.0,1.0,0.0,0.0,0
-0.3283582089552239,1.0,-0.22776357048041115,-0.23057687862635406,0.0,0.0,0.0,1.0,0.0,1.0,0.0,0.0,0.0,0.0,1.0,0.0,0.0,0
-0.4626865671641791,-1.0,-0.06602325252034331,-0.08425247026220091,2.0,0.0,0.0,0.0,1.0,1.0,0.0,0.0,0.0,0.0,1.0,0.0,0.0,1
0.5149253731343284,0.0,0.32493794821477656,-0.25909242967251855,0.0,1.0,0.0,1.0,0.0,0.0,0.0,0.0,1.0,0.0,1.0,0.0,0.0,0
0.15298507462686567,1.0,0.666840974645818,-0.3094452752219057,0.0,1.0,0.0,0.0,1.0,1.0,0.0,0.0,0.0,0.0,1.0,0.0,0.0,0
0.35074626865671643,0.5,0.630469678552839,-0.06991676137694311,-1.0,0.0,0.0,1.0,0.0,0.0,0.0,0.0,1.0,0.0,0.0,1.0,0.0,0
0.07462686567164178,0.0,0.5052721786047685,-1.0037380802923734,1.0,0.0,0.0,1.0,0.0,1.0,0.0,0.0,0.0,0.0,1.0,0.0,0.0,0
0.7686567164179104,-0.5,2.6055045085257778,-0.3944803518171197,0.0,0.0,0.0,1.0,0.0,1.0,0.0,0.0,0.0,0.0,0.0,0.0,1.0,1
0.22388059701492538,-1.5,0.3311025608158017,-0.48303226307342806,0.0,0.0,0.0,1.0,0.0,0.0,0.0,0.0,1.0,0.0,1.0,0.0,0.0,0
0.9701492537313433,-0.5,0.18604606634549645,-0.6128851836370866,0.0,0.0,0.0,0.0,1.0,0.0,1.0,0.0,0.0,0.0,0.0,0.0,1.0,0
0.8656716417910447,0.5,-0.072067902282007,0.14708856336444215,0.0,0.0,0.0,0.0,1.0,0.0,0.0,1.0,0.0,0.0,0.0,1.0,0.0,0
0.5895522388059702,0.5,-0.4556897184019737,0.0684853657431571,0.0,0.0,0.0,1.0,0.0,1.0,0.0,0.0,0.0,0.0,0.0,1.0,0.0,0
0.8880597014925373,-0.5,1.1536750603489343,-0.9662562005631121,1.0,0.0,0.0,1.0,0.0,1.0,0.0,0.0,0.0,0.0,0.0,0.0,1.0,1
-0.026119402985074626,-1.0,0.0195091489366693,-0.43149774220345916,3.0,0.0,0.0,1.0,0.0,1.0,0.0,0.0,0.0,0.0,0.0,0.0,1.0,1
0.11194029850746269,0.0,1.3786620377613517,0.983203334964471,0.0,0.0,0.0,1.0,0.0,0.0,1.0,0.0,0.0,0.0,0.0,1.0,0.0,1
0.5298507462686567,1.5,-0.6217278394225659,-0.31683219419493924,0.0,0.0,0.0,1.0,0.0,1.0,0.0,0.0,0.0,0.0,1.0,0.0,0.0,1
-0.4925373134328358,-0.5,0.17596352900183487,-0.955590595640022,2.0,0.0,0.0,1.0,0.0,1.0,0.0,0.0,0.0,0.0,0.0,1.0,0.0,1
0.41044776119402987,-0.5,0.7318098350996959,-0.013547522316016605,0.0,0.0,0.0,1.0,0.0,0.0,0.0,1.0,0.0,0.0,0.0,1.0,0.0,0
0.7201492537313433,0.5,-0.5044900391069567,0.03938087812868615,-1.0,0.0,0.0,1.0,0.0,1.0,0.0,0.0,0.0,0.0,0.0,0.0,1.0,0
-0.832089552238806,-0.5,-0.15278497502207702,0.037892609503401266,1.0,0.0,1.0,0.0,0.0,1.0,0.0,0.0,0.0,0.0,1.0,0.0,0.0,0
-0.40298507462686567,0.0,0.918480626156907,-1.0693196078992746,1.0,0.0,0.0,0.0,1.0,0.0,0.0,1.0,0.0,0.0,1.0,0.0,0.0,0
0.7761194029850746,0.0,0.5457023819938797,0.5230090432642829,0.0,0.0,0.0,0.0,1.0,1.0,0.0,0.0,0.0,0.0,1.0,0.0,0.0,0
0.503731343283582,0.0,0.9552527088878741,-0.10141334542560691,0.0,0.0,0.0,0.0,1.0,1.0,0.0,0.0,0.0,0.0,0.0,1.0,0.0,1
0.917910447761194,-0.5,0.15217882748805503,0.5078503317850612,0.0,0.0,0.0,1.0,0.0,1.0,0.0,0.0,0.0,0.0,1.0,0.0,0.0,0
0.7313432835820896,-1.0,0.4500475692167418,0.18487224523597737,0.0,0.0,0.0,0.0,1.0,1.0,0.0,0.0,0.0,0.0,0.0,1.0,0.0,1
-0.5223880597014925,0.0,0.8282788346340396,1.1163766366946724,0.0,0.0,0.0,0.0,1.0,1.0,0.0,0.0,0.0,0.0,1.0,0.0,0.0,1
-0.05223880597014925,-1.5,0.7833330221033972,-0.07640238806813578,1.0,0.0,0.0,1.0,0.0,1.0,0.0,0.0,0.0,0.0,1.0,0.0,0.0,0
0.22761194029850745,0.0,0.4874802674455532,-0.36836896568212935,0.0,0.0,1.0,0.0,0.0,0.0,0.0,0.0,1.0,0.0,0.0,1.0,0.0,0
-0.5111940298507462,0.0,0.19363217279176806,1.6231126635706874,1.0,0.0,0.0,1.0,0.0,0.0,0.0,0.0,1.0,0.0,1.0,0.0,0.0,1
-0.8805970149253731,0.0,0.0857809809110315,0.1154254057463835,-1.0,0.0,0.0,1.0,0.0,1.0,0.0,0.0,0.0,0.0,1.0,0.0,0.0,0
0.1455223880597015,-0.5,0.5211808663489005,1.2137582894910894,1.0,0.0,0.0,1.0,0.0,0.0,0.0,0.0,0.0,1.0,0.0,0.0,1.0,1
-0.41044776119402987,1.0,-0.32809969307096654,-0.6643549126664853,-1.0,1.0,0.0,1.0,0.0,0.0,0.0,0.0,1.0,0.0,0.0,1.0,0.0,0
-0.208955223880597,-1.0,3.0935940921617924,0.5581304762302247,2.0,0.0,0.0,1.0,0.0,1.0,0.0,0.0,0.0,0.0,1.0,0.0,0.0,1
-0.2947761194029851,1.0,-0.3666402939844996,-0.6823198848983297,1.0,0.0,0.0,0.0,1.0,1.0,0.0,0.0,0.0,0.0,1.0,0.0,0.0,0
-0.43283582089552236,-1.5,1.1640672176842346,1.1593147800664951,-1.0,0.0,0.0,0.0,1.0,0.0,0.0,0.0,1.0,0.0,0.0,0.0,1.0,1
-0.2835820895522388,0.5,-0.15493916242090464,0.5740194781652008,0.0,0.0,0.0,1.0,0.0,1.0,0.0,0.0,0.0,0.0,1.0,0.0,0.0,0
1.3246268656716418,0.5,-0.16647876017404303,1.1251351388681468,0.0,0.0,0.0,1.0,0.0,1.0,0.0,0.0,0.0,0.0,0.0,1.0,0.0,1
0.40298507462686567,1.5,0.6425486488293447,0.8612561050858409,1.0,0.0,0.0,1.0,0.0,0.0,0.0,1.0,0.0,0.0,0.0,0.0,1.0,1
0.47761194029850745,1.5,-0.38860019165144394,-0.006155252337278597,-1.0,0.0,0.0,1.0,0.0,0.0,1.0,0.0,0.0,0.0,0.0,1.0,0.0,1
0.7761194029850746,2.5,-0.2906005401156017,0.175698902534367,-1.0,0.0,0.0,0.0,1.0,0.0,0.0,1.0,0.0,0.0,1.0,0.0,0.0,1
-0.5447761194029851,1.0,-0.46921231191059837,0.3885416158304857,3.0,0.0,0.0,1.0,0.0,1.0,0.0,0.0,0.0,0.0,1.0,0.0,0.0,1
0.5970149253731343,-0.5,-0.2137263931322947,0.40942724735621383,0.0,0.0,0.0,1.0,0.0,1.0,0.0,0.0,0.0,0.0,0.0,1.0,0.0,0
0.2537313432835821,0.5,-0.008388763808081661,1.1371913061419074,1.0,0.0,0.0,1.0,0.0,0.0,0.0,1.0,0.0,0.0,0.0,0.0,1.0,1
-0.4552238805970149,-1.5,0.4856993157342468,-0.00901663380710779,0.0,0.0,0.0,1.0,0.0,0.0,0.0,1.0,0.0,0.0,0.0,0.0,1.0,0
0.6194029850746269,1.0,1.2583299380984332,0.2911108102082664,1.0,1.0,0.0,1.0,0.0,1.0,0.0,0.0,0.0,0.0,0.0,0.0,1.0,0
0.9029850746268657,-0.5,1.2269154274707292,-0.43104713505465314,0.0,0.0,0.0,1.0,0.0,0.0,1.0,0.0,0.0,0.0,0.0,0.0,1.0,0
-0.34328358208955223,2.5,-0.4118506836780159,0.09501566183295618,0.0,0.0,0.0,0.0,1.0,0.0,1.0,0.0,0.0,0.0,0.0,1.0,0.0,1
0.22388059701492538,-0.5,-0.4835216603462063,-0.36036170012419566,1.0,0.0,0.0,1.0,0.0,1.0,0.0,0.0,0.0,0.0,1.0,0.0,0.0,1
0.48507462686567165,-0.5,-0.3232505272505523,-0.9037253136989258,2.0,0.0,0.0,1.0,0.0,1.0,0.0,0.0,0.0,0.0,0.0,0.0,1.0,1
0.14925373134328357,0.0,0.06146264861606618,0.012602063480884352,1.0,0.0,0.0,1.0,0.0,0.0,1.0,0.0,0.0,0.0,0.0,0.0,1.0,0
-0.29850746268656714,-1.0,2.163648649506755,-0.15024578828715585,2.0,0.0,0.0,1.0,0.0,1.0,0.0,0.0,0.0,0.0,1.0,0.0,0.0,1
0.7798507462686567,1.0,-0.30157154639280964,1.1534813988798003,-1.0,0.0,0.0,0.0,1.0,1.0,0.0,0.0,0.0,0.0,0.0,0.0,1.0,1
1.1156716417910448,0.5,-0.4899784697181552,0.006610888829341895,3.0,0.0,0.0,0.0,1.0,1.0,0.0,0.0,0.0,0.0,1.0,0.0,0.0,1
0.31343283582089554,0.5,1.3974766602710254,-0.30933035421688404,0.0,0.0,0.0,0.0,1.0,1.0,0.0,0.0,0.0,0.0,1.0,0.0,0.0,0
-0.20522388059701493,1.5,0.5085732102204026,0.017574539763529243,1.0,0.0,0.0,1.0,0.0,1.0,0.0,0.0,0.0,0.0,0.0,1.0,0.0,1
-1.5223880597014925,0.5,-0.5232761713433588,0.1766308738399691,1.0,0.0,0.0,0.0,1.0,1.0,0.0,0.0,0.0,0.0,1.0,0.0,0.0,0
-0.332089552238806,0.5,2.8753827777515526,-0.38884439562452067,-1.0,0.0,0.0,1.0,0.0,1.0,0.0,0.0,0.0,0.0,1.0,0.0,0.0,0
-0.5111940298507462,0.0,-0.45036253871827614,-0.9616121436626428,1.0,0.0,0.0,1.0,0.0,0.0,1.0,0.0,0.0,0.0,0.0,1.0,0.0,0
0.417910447761194,0.0,0.17560912557489458,-0.3122793111557405,2.0,0.0,1.0,0.0,0.0,0.0,1.0,0.0,0.0,0.0,1.0,0.0,0.0,1
0.5634328358208955,-1.0,0.35685176101307126,0.8781543816089346,-1.0,0.0,0.0,0.0,1.0,0.0,1.0,0.0,0.0,0.0,0.0,0.0,1.0,0
-0.24253731343283583,0.0,-0.4337686121639448,-0.38480335071331123,0.0,0.0,0.0,1.0,0.0,1.0,0.0,0.0,0.0,0.0,0.0,1.0,0.0,0
-0.5373134328358209,2.0,-0.08769583103939224,0.31005345048522615,1.0,1.0,0.0,1.0,0.0,1.0,0.0,0.0,0.0,0.0,1.0,0.0,0.0,1
-1.4402985074626866,0.0,0.1938970738918676,1.416250777195018,1.0,1.0,0.0,1.0,0.0,1.0,0.0,0.0,0.0,0.0,0.0,1.0,0.0,1
0.4664179104477612,-0.5,0.14289723333864582,-0.26985631802834903,0.0,0.0,0.0,1.0,0.0,1.0,0.0,0.0,0.0,0.0,0.0,1.0,0.0,0
0.7126865671641791,0.0,-0.49022390096234447,0.030660651386340408,0.0,0.0,0.0,1.0,0.0,1.0,0.0,0.0,0.0,0.0,1.0,0.0,0.0,0
-1.6194029850746268,2.5,-0.3120720762963743,-0.9463370114279279,1.0,0.0,0.0,1.0,0.0,0.0,1.0,0.0,0.0,0.0,0.0,0.0,1.0,1
0.6119402985074627,1.0,-0.5851439100292595,0.0838837573535895,0.0,0.0,0.0,1.0,0.0,1.0,0.0,0.0,0.0,0.0,0.0,1.0,0.0,0
0.5186567164179104,1.5,-0.35094767632620033,-0.7217157946669235,0.0,0.0,0.0,1.0,0.0,1.0,0.0,0.0,0.0,0.0,0.0,0.0,1.0,1
0.8059701492537313,-1.0,0.1265800705843736,0.4365359676336267,0.0,0.0,0.0,1.0,0.0,0.0,0.0,1.0,0.0,0.0,1.0,0.0,0.0,0
-0.11194029850746269,-0.5,0.7845630679761781,-1.0693196078992746,2.0,0.0,0.0,0.0,1.0,1.0,0.0,0.0,0.0,0.0,1.0,0.0,0.0,1
-0.6791044776119403,-0.5,-0.1489815407813023,-0.8078923413476206,-1.0,0.0,0.0,0.0,1.0,1.0,0.0,0.0,0.0,0.0,0.0,1.0,0.0,1
-0.35447761194029853,-1.5,-0.030430260017442052,-0.4555375063069448,0.0,0.0,0.0,0.0,1.0,1.0,0.0,0.0,0.0,0.0,0.0,1.0,0.0,0
-0.39925373134328357,0.5,2.8120965787843915,-0.5711830018315032,2.0,0.0,0.0,1.0,0.0,0.0,0.0,1.0,0.0,0.0,0.0,1.0,0.0,1
-1.507462686567164,-0.5,-0.5479542816992865,-0.5572519524277394,1.0,0.0,0.0,1.0,0.0,1.0,0.0,0.0,0.0,0.0,1.0,0.0,0.0,0
-0.12686567164179105,2.0,0.3910534607566317,-0.3961919483308312,-1.0,0.0,0.0,1.0,0.0,0.0,1.0,0.0,0.0,0.0,1.0,0.0,0.0,1
0.6529850746268657,0.0,-0.34572619517466635,0.5372219118867506,-1.0,0.0,0.0,0.0,1.0,0.0,0.0,0.0,1.0,0.0,0.0,0.0,1.0,0
0.291044776119403,-1.5,-0.5216158780837089,-0.3534083329355977,1.0,1.0,0.0,1.0,0.0,1.0,0.0,0.0,0.0,0.0,1.0,0.0,0.0,1
0.1455223880597015,-0.5,1.2303201640852408,-0.07221267805866009,-1.0,0.0,0.0,1.0,0.0,0.0,1.0,0.0,0.0,0.0,0.0,0.0,1.0,1
-1.1417910447761195,0.0,-0.44852447110946214,1.180154089415439,1.0,0.0,0.0,1.0,0.0,1.0,0.0,0.0,0.0,0.0,0.0,0.0,1.0,1
-0.7611940298507462,1.0,0.106435802468026,0.30679899898995067,1.0,0.0,0.0,1.0,0.0,1.0,0.0,0.0,0.0,0.0,0.0,0.0,1.0,1
0.23134328358208955,-1.0,-0.2505970339268691,1.1238677065284435,2.0,0.0,0.0,1.0,0.0,1.0,0.0,0.0,0.0,0.0,0.0,0.0,1.0,1
0.15298507462686567,2.0,0.9469868398990486,-0.11905311639244609,-1.0,0.0,0.0,1.0,0.0,1.0,0.0,0.0,0.0,0.0,1.0,0.0,0.0,1
-0.3694029850746269,0.5,-0.2803106500319949,-0.46491092320977023,0.0,0.0,0.0,0.0,1.0,1.0,0.0,0.0,0.0,0.0,1.0,0.0,0.0,1
0.05970149253731343,0.5,0.06458293938399425,0.30106769680674833,-1.0,0.0,0.0,1.0,0.0,0.0,0.0,1.0,0.0,0.0,1.0,0.0,0.0,0
0.332089552238806,-0.5,0.9164617052740924,1.2607580213522969,0.0,0.0,0.0,0.0,1.0,1.0,0.0,0.0,0.0,0.0,1.0,0.0,0.0,1
-0.9291044776119403,-0.5,0.04437470524580086,-0.9124567852958894,1.0,0.0,0.0,1.0,0.0,1.0,0.0,0.0,0.0,0.0,1.0,0.0,0.0,0
0.09328358208955224,-0.5,0.6362648728339625,0.34912113790216714,-1.0,0.0,1.0,0.0,0.0,1.0,0.0,0.0,0.0,0.0,0.0,1.0,0.0,0
0.417910447761194,2.0,-0.4617549502767589,-0.5332180389870609,2.0,0.0,0.0,1.0,0.0,1.0,0.0,0.0,0.0,0.0,0.0,1.0,0.0,1
-0.033582089552238806,-0.5,0.3549805522369531,-1.0502614560287205,1.0,1.0,0.0,0.0,1.0,0.0,0.0,1.0,0.0,0.0,0.0,1.0,0.0,1
-0.373134328358209,1.5,0.0301943014559704,-0.04254497159548476,0.0,1.0,0.0,0.0,1.0,1.0,0.0,0.0,0.0,0.0,0.0,1.0,0.0,1
-0.503731343283582,1.0,0.7505336735535353,0.13787483842386614,1.0,0.0,1.0,0.0,0.0,1.0,0.0,0.0,0.0,0.0,1.0,0.0,0.0,0
0.5783582089552238,1.5,0.09593170594027793,0.7347263187717036,1.0,0.0,0.0,1.0,0.0,0.0,0.0,0.0,0.0,1.0,1.0,0.0,0.0,1
-0.5970149253731343,0.5,0.3251155220228781,1.0871001084301994,0.0,1.0,0.0,1.0,0.0,0.0,0.0,1.0,0.0,0.0,0.0,0.0,1.0,1
1.205223880597015,0.0,-0.29029622031097413,-0.9124905954361558,1.0,0.0,0.0,0.0,1.0,0.0,0.0,0.0,0.0,1.0,0.0,1.0,0.0,1
1.0111940298507462,-1.5,1.693028874395641,0.21519106997607126,2.0,0.0,0.0,1.0,0.0,1.0,0.0,0.0,0.0,0.0,0.0,0.0,1.0,1
1.6380597014925373,-0.5,1.2484441662459853,-0.1199621510228233,3.0,0.0,0.0,1.0,0.0,0.0,0.0,1.0,0.0,0.0,0.0,1.0,0.0,1
0.5261194029850746,-1.5,0.0032942341436406975,-0.11482686147338901,0.0,0.0,0.0,1.0,0.0,1.0,0.0,0.0,0.0,0.0,0.0,1.0,0.0,0
-1.4402985074626866,0.5,1.7609042668716863,0.8667610601873568,1.0,0.0,0.0,1.0,0.0,0.0,0.0,1.0,0.0,0.0,0.0,0.0,1.0,0
-0.08582089552238806,-1.5,-0.6007273654659971,0.8103778007377561,0.0,0.0,0.0,0.0,1.0,0.0,0.0,1.0,0.0,0.0,1.0,0.0,0.0,1
0.7238805970149254,-0.5,0.31098205110583904,-0.3740293791780531,0.0,0.0,0.0,1.0,0.0,0.0,1.0,0.0,0.0,0.0,1.0,0.0,0.0,0
1.1529850746268657,0.5,1.2328312173476688,-0.20644600849122585,0.0,0.0,0.0,0.0,1.0,0.0,0.0,0.0,0.0,1.0,0.0,1.0,0.0,1
-0.35074626865671643,-1.0,-0.6217278394225659,0.5612576629766025,0.0,1.0,0.0,1.0,0.0,0.0,1.0,0.0,0.0,0.0,1.0,0.0,0.0,0
0.11940298507462686,0.5,-0.4229447288782782,0.7404046071375808,1.0,1.0,0.0,1.0,0.0,1.0,0.0,0.0,0.0,0.0,1.0,0.0,0.0,0
0.26119402985074625,2.0,0.4521989722183544,-0.06823510967927372,0.0,1.0,0.0,0.0,1.0,1.0,0.0,0.0,0.0,0.0,0.0,0.0,1.0,1
0.6529850746268657,-1.0,-0.5765200253631788,-0.3439301069882096,0.0,0.0,0.0,1.0,0.0,1.0,0.0,0.0,0.0,0.0,1.0,0.0,0.0,0
0.3694029850746269,0.0,-0.30352329173863146,0.3451358177468937,1.0,0.0,0.0,0.0,1.0,1.0,0.0,0.0,0.0,0.0,0.0,1.0,0.0,0
-0.373134328358209,-1.0,3.488464304680498,-0.9705160293306789,-1.0,0.0,0.0,1.0,0.0,1.0,0.0,0.0,0.0,0.0,0.0,1.0,0.0,0
0.27611940298507465,0.0,0.7664028702101069,0.4198359382151033,1.0,0.0,0.0,1.0,0.0,0.0,1.0,0.0,0.0,0.0,1.0,0.0,0.0,0
0.45149253731343286,-1.5,1.2141076397283932,-0.10285874449900087,0.0,0.0,0.0,1.0,0.0,0.0,0.0,0.0,1.0,0.0,1.0,0.0,0.0,0
0.9029850746268657,-1.0,-0.4072730613140597,0.6525505730620813,1.0,0.0,1.0,0.0,0.0,1.0,0.0,0.0,0.0,0.0,0.0,0.0,1.0,0
0.3880597014925373,0.5,-0.34100600526326275,0.4780948839974344,0.0,0.0,0.0,1.0,0.0,1.0,0.0,0.0,0.0,0.0,0.0,1.0,0.0,0
-0.44402985074626866,-1.5,-0.11832223683234362,-0.8141720744826553,-1.0,0.0,0.0,1.0,0.0,1.0,0.0,0.0,0.0,0.0,0.0,1.0,0.0,0
-0.8134328358208955,-0.5,-0.18229131542502028,-0.482662439820935,0.0,0.0,0.0,1.0,0.0,1.0,0.0,0.0,0.0,0.0,0.0,0.0,1.0,0
-0.9552238805970149,-1.0,-0.08787483937452535,0.3391705286299205,-1.0,0.0,0.0,1.0,0.0,0.0,0.0,1.0,0.0,0.0,0.0,1.0,0.0,0
0.6007462686567164,0.0,0.6561197559785492,0.6169688877147533,-1.0,0.0,0.0,1.0,0.0,1.0,0.0,0.0,0.0,0.0,0.0,0.0,1.0,0
0.3283582089552239,0.5,-0.3578372131297623,-0.2270714711194973,0.0,0.0,0.0,1.0,0.0,0.0,1.0,0.0,0.0,0.0,1.0,0.0,0.0,0
0.2947761194029851,2.5,-0.3745315509582498,1.0326414317603527,0.0,0.0,0.0,1.0,0.0,0.0,0.0,1.0,0.0,0.0,0.0,1.0,0.0,1
1.7682089552238844,0.0,0.25377695995941035,-0.7310129739776552,1.0,0.0,0.0,1.0,0.0,0.0,0.0,1.0,0.0,0.0,0.0,1.0,0.0,0
-0.8805970149253731,-0.5,-0.6062960643883408,-0.6686197579553029,3.0,0.0,0.0,1.0,0.0,0.0,1.0,0.0,0.0,0.0,1.0,0.0,0.0,1
0.2574626865671642,0.0,-0.07493536092242457,0.5019702687008246,2.0,0.0,0.0,1.0,0.0,0.0,0.0,1.0,0.0,0.0,0.0,0.0,1.0,1
-0.22388059701492538,-1.5,2.7150500064094616,-0.7412599644203721,0.0,0.0,0.0,1.0,0.0,1.0,0.0,0.0,0.0,0.0,0.0,1.0,0.0,1
-0.1455223880597015,-1.0,-0.6028938449602055,-0.8609345330366317,1.0,0.0,0.0,1.0,0.0,0.0,0.0,1.0,0.0,0.0,1.0,0.0,0.0,0
-0.3880597014925373,0.0,-0.5878296092959212,-0.23119396193364825,0.0,1.0,0.0,0.0,1.0,0.0,0.0,0.0,1.0,0.0,0.0,1.0,0.0,0
0.5634328358208955,0.0,0.0755598051485434,0.02938643819233002,2.0,0.0,0.0,1.0,0.0,1.0,0.0,0.0,0.0,0.0,0.0,0.0,1.0,1
0.44402985074626866,0.5,2.4465873521056007,0.6361139717979551,1.0,0.0,0.0,1.0,0.0,0.0,0.0,0.0,0.0,1.0,1.0,0.0,0.0,1
-0.2835820895522388,-1.0,0.9910957734425762,0.0839671946259916,0.0,0.0,0.0,1.0,0.0,1.0,0.0,0.0,0.0,0.0,0.0,1.0,0.0,0
0.35074626865671643,0.5,0.7675980832140714,-0.3909536801348341,0.0,0.0,0.0,0.0,1.0,0.0,1.0,0.0,0.0,0.0,1.0,0.0,0.0,0
0.1865671641791045,0.0,0.1651607346743528,-0.8470955969650406,0.0,0.0,0.0,1.0,0.0,0.0,1.0,0.0,0.0,0.0,0.0,1.0,0.0,0
-0.4664179104477612,1.0,0.3239037226533663,0.264753901077246,0.0,0.0,0.0,1.0,0.0,1.0,0.0,0.0,0.0,0.0,1.0,0.0,0.0,0
-0.7014925373134329,-0.5,0.6012399326056049,0.34597409536946183,2.0,0.0,1.0,0.0,0.0,0.0,1.0,0.0,0.0,0.0,0.0,0.0,1.0,1
-0.47761194029850745,0.0,-0.4661867561360121,-0.058519528327285845,0.0,0.0,0.0,0.0,1.0,0.0,0.0,0.0,1.0,0.0,0.0,1.0,0.0,1
0.16044776119402984,-1.5,1.6104518691093874,-0.11467311809735135,-1.0,0.0,0.0,0.0,1.0,1.0,0.0,0.0,0.0,0.0,0.0,1.0,0.0,0
1.0149253731343284,0.0,0.5903753282452466,-0.5073415037026461,0.0,0.0,0.0,1.0,0.0,1.0,0.0,0.0,0.0,0.0,1.0,0.0,0.0,0
-0.585820895522388,-0.5,0.7721147166864198,0.3612098041753479,-1.0,0.0,0.0,1.0,0.0,0.0,1.0,0.0,0.0,0.0,1.0,0.0,0.0,0
-1.6194029850746268,-1.0,1.3178610552568812,0.1227297557284579,1.0,0.0,0.0,1.0,0.0,1.0,0.0,0.0,0.0,0.0,1.0,0.0,0.0,0
0.29850746268656714,-0.5,-0.36035190421534924,-0.27450957321809366,0.0,0.0,0.0,1.0,0.0,0.0,1.0,0.0,0.0,0.0,0.0,0.0,1.0,0
0.7723880597014925,1.0,0.54367626774089,0.1807026946347542,2.0,0.0,0.0,1.0,0.0,1.0,0.0,0.0,0.0,0.0,1.0,0.0,0.0,1
-1.2649253731343284,0.0,0.42714384878122985,-0.18726900828709522,2.0,0.0,0.0,1.0,0.0,0.0,0.0,1.0,0.0,0.0,1.0,0.0,0.0,1
-0.7388059701492538,0.5,0.7884144260069658,-0.7857130108568486,0.0,0.0,0.0,0.0,1.0,1.0,0.0,0.0,0.0,0.0,0.0,0.0,1.0,0
-1.257462686567164,1.0,-0.5734061277193382,0.08120868980062963,2.0,0.0,0.0,1.0,0.0,1.0,0.0,0.0,0.0,0.0,1.0,0.0,0.0,1
0.6716417910447762,-1.5,-0.09563712904650463,0.7131842458025346,2.0,0.0,0.0,1.0,0.0,1.0,0.0,0.0,0.0,0.0,1.0,0.0,0.0,1
0.055970149253731345,-0.5,0.11838414569103796,0.6901845164551745,0.0,0.0,0.0,1.0,0.0,0.0,0.0,1.0,0.0,0.0,1.0,0.0,0.0,0
-1.4328358208955223,1.0,0.19421908050204714,-0.8240139459848791,0.0,1.0,0.0,1.0,0.0,1.0,0.0,0.0,0.0,0.0,1.0,0.0,0.0,0
0.7313432835820896,-0.5,-0.49095415203203063,1.4840850211874532,0.0,0.0,0.0,0.0,1.0,0.0,0.0,0.0,1.0,0.0,1.0,0.0,0.0,1
0.8768656716417911,-0.5,-0.1332015888587146,0.5544837826359462,0.0,0.0,0.0,1.0,0.0,1.0,0.0,0.0,0.0,0.0,0.0,1.0,0.0,0
-0.5746268656716418,0.5,0.029715655058210208,-0.21068143623411636,1.0,0.0,0.0,1.0,0.0,1.0,0.0,0.0,0.0,0.0,0.0,0.0,1.0,0
-0.026119402985074626,-1.0,-0.47119331126023306,-0.8010815106562204,1.0,1.0,1.0,0.0,0.0,0.0,0.0,1.0,0.0,0.0,1.0,0.0,0.0,0
0.22388059701492538,0.5,-0.35786130309026243,1.124373921981814,1.0,0.0,0.0,1.0,0.0,0.0,1.0,0.0,0.0,0.0,1.0,0.0,0.0,1
-0.018656716417910446,2.5,-0.21174477356950988,-0.68029775012258,2.0,0.0,0.0,1.0,0.0,0.0,0.0,0.0,0.0,1.0,1.0,0.0,0.0,1
1.712686567164179,-0.5,0.26985772277988357,0.8552349382414836,1.0,0.0,0.0,1.0,0.0,1.0,0.0,0.0,0.0,0.0,1.0,0.0,0.0,0
0.06343283582089553,-1.0,-0.23133763486781295,0.6440781492611752,0.0,0.0,0.0,1.0,0.0,0.0,1.0,0.0,0.0,0.0,0.0,0.0,1.0,1
1.0820895522388059,1.5,0.5398138182225052,-0.1793049607040633,1.0,1.0,0.0,1.0,0.0,1.0,0.0,0.0,0.0,0.0,1.0,0.0,0.0,1
-0.45149253731343286,-1.0,-0.32168242354588494,-0.8705716006424605,-1.0,0.0,0.0,1.0,0.0,1.0,0.0,0.0,0.0,0.0,0.0,1.0,0.0,0
0.018656716417910446,1.5,0.9095769346253609,0.05098848722448717,0.0,0.0,0.0,1.0,0.0,0.0,0.0,1.0,0.0,0.0,1.0,0.0,0.0,1
-0.43283582089552236,1.0,2.1018217428645753,-0.8692690910297286,2.0,0.0,0.0,0.0,1.0,0.0,0.0,1.0,0.0,0.0,0.0,1.0,0.0,1
-1.4067164179104477,0.0,-0.5742335887687072,1.1082355920959475,-1.0,0.0,0.0,0.0,1.0,1.0,0.0,0.0,0.0,0.0,1.0,0.0,0.0,1
-0.7723880597014925,0.0,-0.5842526768715116,-0.7307571399844898,2.0,0.0,0.0,1.0,0.0,0.0,1.0,0.0,0.0,0.0,1.0,0.0,0.0,1
0.19029850746268656,1.0,1.0796066458342148,-0.250763562961244,0.0,0.0,0.0,1.0,0.0,1.0,0.0,0.0,0.0,0.0,0.0,1.0,0.0,0
0.8059701492537313,1.0,-0.4553748254456061,-0.9210297779314124,3.0,0.0,0.0,1.0,0.0,0.0,1.0,0.0,0.0,0.0,0.0,1.0,0.0,1
0.07835820895522388,1.5,-0.47475164437023104,0.6367648284556832,0.0,0.0,0.0,1.0,0.0,1.0,0.0,0.0,0.0,0.0,1.0,0.0,0.0,1
-0.23880597014925373,1.5,1.1131747190593853,-0.18621410686959236,-1.0,0.0,0.0,0.0,1.0,0.0,0.0,1.0,0.0,0.0,0.0,1.0,0.0,1
-0.376865671641791,-1.0,-0.3481944132083936,-0.20567098150499902,1.0,0.0,0.0,1.0,0.0,0.0,0.0,0.0,1.0,0.0,0.0,0.0,1.0,0
1.171641791044776,0.0,-0.2822807607539532,-0.8541671723133739,2.0,1.0,0.0,1.0,0.0,1.0,0.0,0.0,0.0,0.0,0.0,0.0,1.0,1
0.48134328358208955,-1.5,0.8030227997874537,-0.5962186502847512,-1.0,0.0,0.0,1.0,0.0,0.0,1.0,0.0,0.0,0.0,0.0,0.0,1.0,0
1.4104477611940298,1.0,2.0172573381810497,-0.17514794817772283,1.0,0.0,0.0,0.0,1.0,1.0,0.0,0.0,0.0,0.0,0.0,1.0,0.0,0
-0.19402985074626866,-0.5,1.3316258472416371,1.0824662989888552,0.0,0.0,0.0,0.0,1.0,1.0,0.0,0.0,0.0,0.0,1.0,0.0,0.0,1
0.0,0.0,0.1756548852774107,0.06482384154724699,0.0,0.0,0.0,1.0,0.0,0.0,0.0,1.0,0.0,0.0,0.0,1.0,0.0,0
1.0559701492537314,-1.5,-0.2152734044682614,0.9271776586821936,1.0,0.0,0.0,0.0,1.0,0.0,1.0,0.0,0.0,0.0,1.0,0.0,0.0,1
-0.5373134328358209,0.0,-0.316963641183819,0.05694311576375815,1.0,0.0,0.0,0.0,1.0,0.0,0.0,0.0,0.0,1.0,1.0,0.0,0.0,1
0.4216417910447761,0.0,-0.0651094856507937,1.118306750429599,-1.0,0.0,0.0,0.0,1.0,0.0,0.0,1.0,0.0,0.0,0.0,0.0,1.0,1
0.06716417910447761,-1.0,-0.37781708406992615,-1.043639958478265,0.0,0.0,0.0,1.0,0.0,0.0,0.0,0.0,1.0,0.0,1.0,0.0,0.0,0
1.0186567164179106,-1.5,-0.5692186666953565,-0.38734133058416526,3.0,0.0,0.0,1.0,0.0,0.0,0.0,0.0,1.0,0.0,1.0,0.0,0.0,1
0.11567164179104478,-0.5,0.3994285325349276,-0.5216306870059552,2.0,0.0,0.0,1.0,0.0,1.0,0.0,0.0,0.0,0.0,0.0,0.0,1.0,1
-0.09701492537313433,0.0,-0.4168714954278567,-0.7775957557431524,2.0,1.0,0.0,1.0,0.0,1.0,0.0,0.0,0.0,0.0,1.0,0.0,0.0,1
-0.7910447761194029,0.0,-0.23828539976433316,-0.5956162076856932,-1.0,0.0,0.0,0.0,1.0,0.0,0.0,1.0,0.0,0.0,0.0,1.0,0.0,0
0.8694029850746269,0.5,2.006942023232645,-0.6130036338112553,0.0,1.0,0.0,1.0,0.0,0.0,0.0,1.0,0.0,0.0,0.0,0.0,1.0,0
0.5559701492537313,1.0,0.36989492344269337,0.5728947103787929,0.0,0.0,0.0,1.0,0.0,0.0,1.0,0.0,0.0,0.0,0.0,1.0,0.0,0
-0.2835820895522388,0.5,-0.5406661446043399,-1.0059861590205583,1.0,0.0,0.0,1.0,0.0,0.0,0.0,0.0,1.0,0.0,0.0,1.0,0.0,0
0.35447761194029853,0.0,-0.5669697715207765,1.7206757969526445,0.0,0.0,0.0,1.0,0.0,0.0,0.0,1.0,0.0,0.0,1.0,0.0,0.0,1
0.7276119402985075,-1.0,0.010850384328663715,-0.628680649187712,0.0,0.0,0.0,0.0,1.0,0.0,0.0,0.0,0.0,1.0,0.0,1.0,0.0,1
-0.3805970149253731,0.5,0.11001084554736734,0.1707401308698455,-1.0,0.0,0.0,1.0,0.0,1.0,0.0,0.0,0.0,0.0,1.0,0.0,0.0,1
0.7798507462686567,0.0,1.2312637156114925,0.31273784814611044,0.0,0.0,0.0,1.0,0.0,1.0,0.0,0.0,0.0,0.0,0.0,1.0,0.0,0
-0.12313432835820895,-0.5,0.9271687673147202,0.25574758747921045,0.0,0.0,0.0,1.0,0.0,1.0,0.0,0.0,0.0,0.0,1.0,0.0,0.0,1
0.667910447761194,1.0,-0.31053025057602335,1.2553954484682202,-1.0,0.0,0.0,1.0,0.0,0.0,1.0,0.0,0.0,0.0,0.0,0.0,1.0,1
0.8656716417910447,0.5,1.7384751006048305,0.29471620716167357,1.0,0.0,0.0,1.0,0.0,0.0,0.0,1.0,0.0,0.0,1.0,0.0,0.0,1
0.6343283582089553,-1.0,-0.17860359503291767,0.11858383941268304,1.0,0.0,0.0,1.0,0.0,0.0,1.0,0.0,0.0,0.0,0.0,0.0,1.0,0
0.746268656716418,-0.5,-0.1617100838664938,-0.3450132338090164,2.0,0.0,0.0,0.0,1.0,0.0,0.0,0.0,0.0,1.0,1.0,0.0,0.0,1
0.27611940298507465,1.0,-0.36873162804511733,-0.15894165861065845,1.0,0.0,0.0,0.0,1.0,1.0,0.0,0.0,0.0,0.0,1.0,0.0,0.0,0
0.47761194029850745,-0.5,-0.18693698108139495,1.7206757969526445,1.0,1.0,0.0,1.0,0.0,0.0,1.0,0.0,0.0,0.0,1.0,0.0,0.0,1
-0.8134328358208955,0.5,0.23595436242239382,1.2422345657216782,0.0,0.0,0.0,1.0,0.0,1.0,0.0,0.0,0.0,0.0,0.0,1.0,0.0,1
-1.212686567164179,0.0,1.0914308323358148,0.972142265825742,0.0,0.0,0.0,1.0,0.0,1.0,0.0,0.0,0.0,0.0,1.0,0.0,0.0,0
-1.5522388059701493,0.0,-0.5963165309947713,-0.03946598139430416,1.0,0.0,0.0,1.0,0.0,1.0,0.0,0.0,0.0,0.0,1.0,0.0,0.0,0
-0.018656716417910446,0.5,-0.5845396904340784,0.48726272068903775,0.0,1.0,1.0,0.0,0.0,0.0,1.0,0.0,0.0,0.0,1.0,0.0,0.0,0
-0.5634328358208955,0.0,0.7567644324159047,0.4413043429737954,0.0,0.0,0.0,1.0,0.0,1.0,0.0,0.0,0.0,0.0,0.0,1.0,0.0,0
-0.4141791044776119,0.0,1.2829392422249157,-0.9073650661169947,1.0,0.0,0.0,1.0,0.0,1.0,0.0,0.0,0.0,0.0,0.0,1.0,0.0,1
0.07835820895522388,1.0,0.476945182354688,1.0757991132445046,-1.0,0.0,0.0,1.0,0.0,1.0,0.0,0.0,0.0,0.0,0.0,1.0,0.0,1
-0.3917910447761194,-1.5,0.9665421837153189,0.8734242990528324,1.0,1.0,0.0,0.0,1.0,0.0,0.0,0.0,0.0,1.0,1.0,0.0,0.0,0
-0.8992537313432836,-0.5,0.856501893710016,-0.014741199544798621,1.0,0.0,0.0,1.0,0.0,1.0,0.0,0.0,0.0,0.0,1.0,0.0,0.0,0
-1.6194029850746268,-1.0,0.01960782741519102,-0.6692890673352032,1.0,1.0,0.0,1.0,0.0,1.0,0.0,0.0,0.0,0.0,1.0,0.0,0.0,0
0.8134328358208955,0.5,0.5416537982849586,0.5977199791475543,0.0,1.0,0.0,0.0,1.0,1.0,0.0,0.0,0.0,0.0,1.0,0.0,0.0,1
0.22014925373134328,-0.5,0.19021219119886246,-0.7661915616588555,0.0,0.0,0.0,0.0,1.0,0.0,0.0,1.0,0.0,0.0,0.0,0.0,1.0,0
0.4701492537313433,-0.5,0.6661144054385475,0.43050918402641186,2.0,1.0,0.0,1.0,0.0,0.0,0.0,1.0,0.0,0.0,1.0,0.0,0.0,1
0.16791044776119404,-1.5,-0.6130812005357282,-0.5556305875184814,1.0,0.0,0.0,1.0,0.0,0.0,1.0,0.0,0.0,0.0,1.0,0.0,0.0,0
0.14925373134328357,1.0,0.07266127374419604,1.6664881561896658,2.0,0.0,0.0,1.0,0.0,0.0,1.0,0.0,0.0,0.0,1.0,0.0,0.0,1
0.34701492537313433,0.0,-0.3218475740916047,-0.2814571463215639,0.0,1.0,0.0,1.0,0.0,0.0,1.0,0.0,0.0,0.0,0.0,0.0,1.0,1
0.5447761194029851,0.5,-0.5248629762232742,0.46151538565627537,-1.0,0.0,0.0,1.0,0.0,0.0,0.0,1.0,0.0,0.0,0.0,0.0,1.0,1
0.16791044776119404,1.5,1.8382003174640826,0.5728580516569046,2.0,0.0,1.0,0.0,0.0,0.0,0.0,1.0,0.0,0.0,1.0,0.0,0.0,1
0.9776119402985075,1.5,-0.310947080154547,-0.2429011653192044,3.0,1.0,0.0,1.0,0.0,0.0,1.0,0.0,0.0,0.0,0.0,1.0,0.0,1
0.3843283582089552,0.0,0.37169373250331017,-0.3363468114559209,1.0,0.0,0.0,1.0,0.0,1.0,0.0,0.0,0.0,0.0,1.0,0.0,0.0,0
0.753731343283582,-0.5,0.8017581595004598,-0.7043575547262781,1.0,0.0,0.0,1.0,0.0,0.0,0.0,0.0,0.0,1.0,1.0,0.0,0.0,0
-1.0149253731343284,0.0,1.136690910362489,-0.9503525720664036,-1.0,0.0,0.0,0.0,1.0,0.0,0.0,1.0,0.0,0.0,1.0,0.0,0.0,0
1.1791044776119404,1.0,-0.4814233574844705,1.7206757969526445,1.0,0.0,0.0,0.0,1.0,1.0,0.0,0.0,0.0,0.0,0.0,0.0,1.0,1
-0.13059701492537312,0.0,-0.1357338585704366,-0.021835105458580313,0.0,0.0,0.0,1.0,0.0,1.0,0.0,0.0,0.0,0.0,0.0,0.0,1.0,0
-0.9813432835820896,0.0,0.17903514326781317,1.241556440633192,1.0,1.0,0.0,1.0,0.0,1.0,0.0,0.0,0.0,0.0,0.0,1.0,0.0,1
-0.835820895522388,-1.5,-0.32411697969249714,-0.5127478252775767,0.0,0.0,0.0,1.0,0.0,0.0,1.0,0.0,0.0,0.0,1.0,0.0,0.0,0
-0.11194029850746269,0.0,-0.4146170958025378,-0.497276430604681,1.0,0.0,0.0,1.0,0.0,0.0,0.0,1.0,0.0,0.0,1.0,0.0,0.0,1
0.667910447761194,-0.5,0.872984415730813,-0.3389267083631912,0.0,0.0,0.0,1.0,0.0,0.0,1.0,0.0,0.0,0.0,0.0,0.0,1.0,0
0.3917910447761194,0.0,-0.5092423685135876,-0.5958544259838989,1.0,0.0,0.0,1.0,0.0,1.0,0.0,0.0,0.0,0.0,0.0,1.0,0.0,1
0.332089552238806,-0.5,0.1453693841861644,0.28779101378856575,1.0,0.0,0.0,1.0,0.0,0.0,0.0,1.0,0.0,0.0,0.0,1.0,0.0,0
-0.8059701492537313,-0.5,-0.05878295632095379,-0.5071668070187926,0.0,0.0,0.0,1.0,0.0,0.0,1.0,0.0,0.0,0.0,1.0,0.0,0.0,0
-0.7126865671641791,-0.5,0.02183577855587461,-0.7247581093868599,-1.0,0.0,0.0,1.0,0.0,0.0,0.0,0.0,0.0,1.0,1.0,0.0,0.0,0
0.5410447761194029,2.5,0.19193695364351784,-0.6398084168097475,1.0,0.0,0.0,1.0,0.0,1.0,0.0,0.0,0.0,0.0,1.0,0.0,0.0,1
0.3656716417910448,0.5,-0.23748054955481582,-0.5946519325516348,0.0,0.0,0.0,1.0,0.0,1.0,0.0,0.0,0.0,0.0,0.0,1.0,0.0,0
0.3843283582089552,0.0,2.060068807615792,-0.041374407388920564,-1.0,0.0,0.0,1.0,0.0,1.0,0.0,0.0,0.0,0.0,1.0,0.0,0.0,0
0.29850746268656714,1.5,0.46594324295311534,-0.5452194948104231,1.0,0.0,0.0,1.0,0.0,0.0,1.0,0.0,0.0,0.0,0.0,0.0,1.0,1
-0.2873134328358209,2.5,-0.17251913069809235,-0.34719763775917467,-1.0,0.0,0.0,1.0,0.0,1.0,0.0,0.0,0.0,0.0,0.0,0.0,1.0,1
0.12686567164179105,-1.5,-0.3154671776256654,0.16955408457213153,0.0,0.0,0.0,1.0,0.0,1.0,0.0,0.0,0.0,0.0,1.0,0.0,0.0,0
0.3619402985074627,0.0,0.2932972944912014,0.001051440984941076,1.0,1.0,0.0,1.0,0.0,1.0,0.0,0.0,0.0,0.0,0.0,0.0,1.0,0
0.22388059701492538,1.5,-0.4777116219274375,-0.4752361582356893,1.0,0.0,0.0,1.0,0.0,0.0,0.0,1.0,0.0,0.0,0.0,1.0,0.0,1
0.3619402985074627,0.0,0.31333727361262226,-0.18360263804499352,3.0,0.0,0.0,1.0,0.0,0.0,0.0,0.0,0.0,1.0,1.0,0.0,0.0,1
0.34701492537313433,0.0,0.9698348035561797,0.12471316028565158,2.0,0.0,0.0,1.0,0.0,0.0,0.0,0.0,0.0,1.0,0.0,0.0,1.0,1
0.13059701492537312,0.0,-0.6217278394225659,0.29529322011829023,0.0,0.0,0.0,1.0,0.0,1.0,0.0,0.0,0.0,0.0,0.0,1.0,0.0,1
0.5634328358208955,0.0,1.4994261001586005,0.5665321992428107,0.0,0.0,0.0,1.0,0.0,1.0,0.0,0.0,0.0,0.0,0.0,0.0,1.0,0
0.30970149253731344,-0.5,-0.33452651869156674,-0.6595717754790855,0.0,0.0,0.0,1.0,0.0,0.0,1.0,0.0,0.0,0.0,1.0,0.0,0.0,0
-1.1679104477611941,-1.5,0.33775267038769813,0.033820999985341986,1.0,0.0,1.0,0.0,0.0,0.0,0.0,1.0,0.0,0.0,1.0,0.0,0.0,0
0.007462686567164179,1.5,1.2404171719618067,0.8990136528834614,1.0,0.0,0.0,1.0,0.0,1.0,0.0,0.0,0.0,0.0,1.0,0.0,0.0,1
-0.29850746268656714,-0.5,-0.14570068629255364,-0.3726421466664526,1.0,0.0,0.0,1.0,0.0,0.0,1.0,0.0,0.0,0.0,1.0,0.0,0.0,0
-0.5223880597014925,0.0,0.7314377852747779,-0.37048969186904357,0.0,0.0,0.0,0.0,1.0,1.0,0.0,0.0,0.0,0.0,1.0,0.0,0.0,0
-0.5111940298507462,2.5,0.08204604762662641,0.6252287896922554,-1.0,0.0,0.0,1.0,0.0,0.0,0.0,1.0,0.0,0.0,1.0,0.0,0.0,1
-1.3395522388059702,0.5,-0.16554118642904464,0.9256694689996746,2.0,0.0,0.0,1.0,0.0,1.0,0.0,0.0,0.0,0.0,0.0,1.0,0.0,1
0.9888059701492538,-0.5,1.055613151116377,-0.6032685744916862,0.0,0.0,0.0,1.0,0.0,1.0,0.0,0.0,0.0,0.0,0.0,1.0,0.0,0
-1.544776119402985,-0.5,0.45186467885644527,-0.5632911644978865,1.0,1.0,0.0,1.0,0.0,0.0,0.0,0.0,1.0,0.0,1.0,0.0,0.0,0
0.20522388059701493,1.0,-0.42917072606765994,0.3111827144250738,0.0,0.0,0.0,1.0,0.0,0.0,0.0,0.0,1.0,0.0,1.0,0.0,0.0,0
0.7350746268656716,0.5,0.17167214044816986,-0.16285470841209032,1.0,0.0,0.0,0.0,1.0,1.0,0.0,0.0,0.0,0.0,0.0,1.0,0.0,0
0.4552238805970149,2.5,1.6249014347802047,0.6158502224550437,3.0,0.0,0.0,1.0,0.0,0.0,1.0,0.0,0.0,0.0,1.0,0.0,0.0,1
0.1417910447761194,-1.5,0.37529960888737246,-0.3994331669267258,-1.0,0.0,0.0,1.0,0.0,0.0,1.0,0.0,0.0,0.0,1.0,0.0,0.0,0
0.208955223880597,-0.5,-0.25820953693635157,0.6130683723987438,0.0,0.0,0.0,1.0,0.0,1.0,0.0,0.0,0.0,0.0,0.0,1.0,0.0,0
-0.664179104477612,-1.0,-0.33419933993357304,0.08063690043134511,-1.0,0.0,0.0,1.0,0.0,0.0,1.0,0.0,0.0,0.0,0.0,0.0,1.0,0
-0.5932835820895522,1.5,0.5662613722058054,-0.45540479152637886,1.0,0.0,0.0,1.0,0.0,1.0,0.0,0.0,0.0,0.0,0.0,1.0,0.0,1
1.3843283582089552,1.0,-0.4084270335477135,0.5193719952678508,-1.0,1.0,0.0,0.0,1.0,1.0,0.0,0.0,0.0,0.0,0.0,1.0,0.0,0
0.3582089552238806,-0.5,0.7428785035704405,0.19631399315714687,1.0,0.0,0.0,0.0,1.0,0.0,1.0,0.0,0.0,0.0,0.0,0.0,1.0,0
1.1119402985074627,1.0,-0.31977750732464766,0.32939698767151016,0.0,0.0,0.0,0.0,1.0,1.0,0.0,0.0,0.0,0.0,1.0,0.0,0.0,1
-0.007462686567164179,-0.5,-0.26031931123930785,0.7334136439535938,1.0,0.0,0.0,1.0,0.0,0.0,0.0,0.0,1.0,0.0,0.0,1.0,0.0,0
0.29850746268656714,0.0,0.026824375117440517,1.0596414270985262,0.0,0.0,0.0,1.0,0.0,1.0,0.0,0.0,0.0,0.0,0.0,0.0,1.0,0
0.8134328358208955,1.0,0.5792562506854256,-0.3720794939622915,-1.0,0.0,0.0,1.0,0.0,1.0,0.0,0.0,0.0,0.0,1.0,0.0,0.0,1
-0.996268656716418,0.0,0.1293692255014617,0.4643787593905921,1.0,0.0,0.0,1.0,0.0,1.0,0.0,0.0,0.0,0.0,0.0,1.0,0.0,0
0.22761194029850745,-1.0,-0.12909051311138664,-0.5575137175430868,1.0,0.0,0.0,1.0,0.0,0.0,0.0,1.0,0.0,0.0,0.0,1.0,0.0,1
-0.667910447761194,-1.5,-0.35011531065069046,0.8249575715352727,1.0,0.0,0.0,0.0,1.0,1.0,0.0,0.0,0.0,0.0,1.0,0.0,0.0,0
-1.2649253731343284,-0.5,-0.5747044797303782,-0.5188846288346679,2.0,0.0,0.0,1.0,0.0,0.0,0.0,1.0,0.0,0.0,0.0,0.0,1.0,1
-0.7686567164179104,-0.5,0.5122891564193052,1.5116046038588713,1.0,0.0,0.0,0.0,1.0,0.0,0.0,0.0,1.0,0.0,0.0,0.0,1.0,1
-0.7947761194029851,1.5,-0.48061129501661004,-0.22676418697022083,1.0,1.0,0.0,1.0,0.0,1.0,0.0,0.0,0.0,0.0,0.0,1.0,0.0,1
-0.0708955223880597,1.5,-0.1435493835882277,0.7305758817621841,1.0,0.0,0.0,1.0,0.0,0.0,1.0,0.0,0.0,0.0,0.0,1.0,0.0,1
-0.20522388059701493,-1.0,-0.5087480158149572,-0.10306471288704604,2.0,0.0,0.0,1.0,0.0,1.0,0.0,0.0,0.0,0.0,0.0,0.0,1.0,1
0.5074626865671642,0.0,-0.5511869812637438,-0.04629307303235278,0.0,0.0,0.0,1.0,0.0,0.0,0.0,0.0,0.0,1.0,1.0,0.0,0.0,1
0.11940298507462686,1.0,-0.15355451516387222,-0.8459666000427354,0.0,1.0,0.0,1.0,0.0,0.0,0.0,0.0,1.0,0.0,0.0,1.0,0.0,0
1.1082089552238805,-0.5,0.6271451355630924,-0.15749380562204524,-1.0,0.0,0.0,1.0,0.0,0.0,0.0,1.0,0.0,0.0,0.0,1.0,0.0,0
1.0261194029850746,1.0,-0.47797151828822326,-0.5044821860762672,-1.0,1.0,0.0,0.0,1.0,1.0,0.0,0.0,0.0,0.0,1.0,0.0,0.0,0
0.1865671641791045,2.0,0.7821315804088955,-0.5969768332167259,1.0,0.0,0.0,1.0,0.0,0.0,0.0,0.0,1.0,0.0,0.0,1.0,0.0,1
-1.0149253731343284,0.0,-0.4440582885604603,0.5644030272883348,0.0,1.0,0.0,1.0,0.0,1.0,0.0,0.0,0.0,0.0,0.0,0.0,1.0,0
-0.6007462686567164,-0.5,-0.49195219394902157,0.9677721038292916,1.0,1.0,0.0,0.0,1.0,1.0,0.0,0.0,0.0,0.0,0.0,1.0,0.0,1
0.27238805970149255,0.5,-0.2520945579871356,-0.8157959627197995,-1.0,0.0,0.0,1.0,0.0,0.0,0.0,1.0,0.0,0.0,0.0,1.0,0.0,0
0.5149253731343284,-1.5,1.1084718356751928,1.0818604943264272,1.0,0.0,0.0,1.0,0.0,1.0,0.0,0.0,0.0,0.0,0.0,1.0,0.0,1
1.3917910447761195,-0.5,0.7138106244049309,1.4437104787254988,1.0,0.0,0.0,0.0,1.0,0.0,0.0,1.0,0.0,0.0,0.0,1.0,0.0,1
0.19402985074626866,-1.5,0.4517430445635999,-0.8319893902692823,1.0,0.0,0.0,0.0,1.0,1.0,0.0,0.0,0.0,0.0,1.0,0.0,0.0,1
1.2537313432835822,-1.0,-0.09240168573456939,0.7910168979635864,1.0,0.0,0.0,1.0,0.0,1.0,0.0,0.0,0.0,0.0,1.0,0.0,0.0,0
0.5298507462686567,0.0,0.40490739614665294,0.14501802568225095,2.0,0.0,0.0,1.0,0.0,0.0,0.0,1.0,0.0,0.0,0.0,0.0,1.0,1
0.5671641791044776,2.0,1.2875907072112627,0.23905467794617463,1.0,0.0,0.0,1.0,0.0,0.0,0.0,1.0,0.0,0.0,0.0,1.0,0.0,1
-0.033582089552238806,0.0,-0.05002355650401248,0.6299958412873081,-1.0,1.0,0.0,0.0,1.0,1.0,0.0,0.0,0.0,0.0,1.0,0.0,0.0,0
0.4253731343283582,0.5,-0.5371936172541452,1.1907728330601968,0.0,0.0,1.0,0.0,0.0,0.0,0.0,0.0,0.0,1.0,0.0,0.0,1.0,1
1.2462686567164178,0.5,0.2787085978973074,-0.7800257495120411,0.0,0.0,0.0,0.0,1.0,0.0,0.0,1.0,0.0,0.0,1.0,0.0,0.0,0
-0.007462686567164179,1.0,0.19449956538352012,1.1252762024069805,0.0,0.0,0.0,0.0,1.0,1.0,0.0,0.0,0.0,0.0,1.0,0.0,0.0,1
-0.7873134328358209,0.5,0.8502600227274548,0.28756298741985536,0.0,0.0,0.0,1.0,0.0,1.0,0.0,0.0,0.0,0.0,0.0,1.0,0.0,0
0.75,1.0,0.04417651272450012,0.2892270291028929,0.0,0.0,0.0,1.0,0.0,1.0,0.0,0.0,0.0,0.0,0.0,1.0,0.0,1
0.5447761194029851,1.5,-0.5635039856399612,0.08202083009594563,1.0,0.0,0.0,0.0,1.0,1.0,0.0,0.0,0.0,0.0,0.0,1.0,0.0,1
0.5149253731343284,-1.0,-0.4620958620425674,0.6196418076947585,2.0,0.0,1.0,0.0,0.0,1.0,0.0,0.0,0.0,0.0,0.0,0.0,1.0,1
0.2462686567164179,1.5,0.05728514366123846,1.7206757969526445,0.0,1.0,0.0,1.0,0.0,0.0,0.0,1.0,0.0,0.0,0.0,1.0,0.0,1
0.35447761194029853,0.0,-0.2765057405067792,1.321611931709434,2.0,1.0,0.0,1.0,0.0,1.0,0.0,0.0,0.0,0.0,1.0,0.0,0.0,1
1.2723880597014925,1.0,0.517792802934609,-0.30672075544922645,1.0,0.0,0.0,1.0,0.0,1.0,0.0,0.0,0.0,0.0,1.0,0.0,0.0,0
1.1007462686567164,0.5,1.1843380136846662,-0.4434045318304617,1.0,0.0,0.0,1.0,0.0,0.0,1.0,0.0,0.0,0.0,1.0,0.0,0.0,0
0.3208955223880597,2.0,0.14057317855670326,-1.0624873335874074,0.0,0.0,0.0,1.0,0.0,0.0,0.0,1.0,0.0,0.0,0.0,0.0,1.0,1
-0.5335820895522388,-0.5,-0.13569840188452784,1.3045074702240056,2.0,0.0,0.0,1.0,0.0,0.0,1.0,0.0,0.0,0.0,0.0,0.0,1.0,1
-0.208955223880597,1.0,-0.11260452746432781,0.12923686131773526,0.0,0.0,0.0,0.0,1.0,1.0,0.0,0.0,0.0,0.0,1.0,0.0,0.0,0
1.3208955223880596,0.5,-0.505338997332646,0.617580531623708,0.0,0.0,0.0,0.0,1.0,1.0,0.0,0.0,0.0,0.0,0.0,0.0,1.0,0
0.011194029850746268,0.5,-0.3507717943238981,0.9362641495664439,0.0,0.0,0.0,0.0,1.0,1.0,0.0,0.0,0.0,0.0,1.0,0.0,0.0,1
-0.06716417910447761,1.0,0.8689852378659956,-0.3120532600998385,0.0,0.0,0.0,1.0,0.0,0.0,1.0,0.0,0.0,0.0,0.0,0.0,1.0,0
1.0820895522388059,0.5,-0.39549048038461193,-0.03586187446603513,1.0,1.0,0.0,1.0,0.0,0.0,1.0,0.0,0.0,0.0,0.0,1.0,0.0,0
-0.4962686567164179,-1.0,0.5278504044764383,0.17450134319201507,0.0,1.0,0.0,1.0,0.0,1.0,0.0,0.0,0.0,0.0,0.0,0.0,1.0,0
1.126865671641791,0.0,-0.4767079436387961,-0.5186083792610209,1.0,0.0,0.0,1.0,0.0,1.0,0.0,0.0,0.0,0.0,0.0,1.0,0.0,0
0.06716417910447761,-1.0,0.6499012006731586,0.8856689931946254,0.0,0.0,1.0,0.0,0.0,1.0,0.0,0.0,0.0,0.0,0.0,1.0,0.0,1
-1.3917910447761195,1.5,0.9656650425444313,-0.7230428024252827,2.0,0.0,0.0,1.0,0.0,0.0,0.0,1.0,0.0,0.0,0.0,1.0,0.0,1
0.208955223880597,0.0,-0.10414511536402618,-0.1850612044326388,0.0,0.0,0.0,1.0,0.0,1.0,0.0,0.0,0.0,0.0,1.0,0.0,0.0,0
0.8619402985074627,-1.5,0.13617631387682458,0.7812096239785419,-1.0,0.0,0.0,0.0,1.0,0.0,0.0,0.0,0.0,1.0,0.0,0.0,1.0,0
1.2164179104477613,1.0,-0.5952510529951264,-0.0711941281136127,1.0,0.0,0.0,1.0,0.0,1.0,0.0,0.0,0.0,0.0,0.0,1.0,0.0,0
0.2574626865671642,-0.5,-0.2934031502942843,-0.5708758241330757,2.0,1.0,0.0,1.0,0.0,0.0,0.0,1.0,0.0,0.0,0.0,1.0,0.0,1
0.27238805970149255,0.5,0.36972292640703236,-0.9721854383132676,0.0,0.0,0.0,1.0,0.0,0.0,1.0,0.0,0.0,0.0,1.0,0.0,0.0,0
-0.8731343283582089,2.0,-0.29783687840021694,-0.8975226127626708,-1.0,0.0,0.0,1.0,0.0,0.0,1.0,0.0,0.0,0.0,1.0,0.0,0.0,1
-0.6791044776119403,0.5,-0.5551763017650769,-0.39052507276941845,-1.0,1.0,0.0,0.0,1.0,0.0,1.0,0.0,0.0,0.0,0.0,1.0,0.0,0
0.08582089552238806,-1.0,0.9755570007174464,-0.2506801009824748,1.0,0.0,0.0,0.0,1.0,0.0,0.0,1.0,0.0,0.0,0.0,0.0,1.0,0
1.1940298507462686,1.0,-0.5911170107940091,1.7206757969526445,0.0,0.0,0.0,1.0,0.0,1.0,0.0,0.0,0.0,0.0,0.0,0.0,1.0,1
0.11194029850746269,0.5,-0.004941676210259337,-0.9151265580258551,1.0,0.0,0.0,0.0,1.0,0.0,1.0,0.0,0.0,0.0,1.0,0.0,0.0,0
-0.014925373134328358,-1.0,-0.3735807808821682,0.0484393130784591,1.0,0.0,0.0,0.0,1.0,0.0,0.0,1.0,0.0,0.0,0.0,0.0,1.0,0
-0.2947761194029851,1.5,0.16101920171818002,0.39725108448855245,2.0,0.0,0.0,1.0,0.0,0.0,1.0,0.0,0.0,0.0,1.0,0.0,0.0,1
0.1791044776119403,-0.5,-0.15297995866009134,0.32230873801233423,1.0,0.0,0.0,0.0,1.0,0.0,0.0,0.0,1.0,0.0,0.0,0.0,1.0,0
0.6753731343283582,-0.5,-0.2702249800031703,0.5267914245572954,0.0,1.0,0.0,1.0,0.0,0.0,1.0,0.0,0.0,0.0,1.0,0.0,0.0,0
0.15671641791044777,0.5,-0.3746585192251254,0.5205855191598199,0.0,0.0,0.0,1.0,0.0,1.0,0.0,0.0,0.0,0.0,1.0,0.0,0.0,0
0.24253731343283583,0.5,0.8680677152902972,0.10720448689097495,-1.0,0.0,0.0,1.0,0.0,1.0,0.0,0.0,0.0,0.0,1.0,0.0,0.0,0
1.126865671641791,-0.5,-0.5516966338707285,0.9459330111969901,0.0,0.0,0.0,0.0,1.0,1.0,0.0,0.0,0.0,0.0,0.0,1.0,0.0,0
-0.3358208955223881,1.5,0.4473326878246488,0.07649807628770824,1.0,0.0,0.0,0.0,1.0,0.0,1.0,0.0,0.0,0.0,1.0,0.0,0.0,1
-0.5597014925373134,-0.5,2.3282197247632426,-0.004455299039505662,1.0,0.0,0.0,1.0,0.0,0.0,1.0,0.0,0.0,0.0,0.0,1.0,0.0,0
-0.5373134328358209,-0.5,1.641514768217244,-0.39827093604748237,0.0,1.0,0.0,1.0,0.0,1.0,0.0,0.0,0.0,0.0,1.0,0.0,0.0,0
-1.3582089552238805,0.5,-0.43422338304646313,0.3830154456322568,2.0,0.0,0.0,1.0,0.0,1.0,0.0,0.0,0.0,0.0,0.0,1.0,0.0,1
0.2537313432835821,0.0,0.34437495187264955,0.33767494539265475,1.0,0.0,0.0,1.0,0.0,0.0,1.0,0.0,0.0,0.0,0.0,0.0,1.0,0
-0.06716417910447761,0.5,-0.260992181673086,0.8394145054147927,0.0,1.0,0.0,1.0,0.0,1.0,0.0,0.0,0.0,0.0,0.0,0.0,1.0,0
-0.5261194029850746,-0.5,-0.058091610171567234,1.374545515514243,0.0,0.0,0.0,1.0,0.0,1.0,0.0,0.0,0.0,0.0,1.0,0.0,0.0,1
-0.07462686567164178,-0.5,-0.19506691855898425,-0.3944076850922742,2.0,0.0,0.0,1.0,0.0,0.0,1.0,0.0,0.0,0.0,0.0,0.0,1.0,1
-0.6604477611940298,-1.0,-0.21265664491663436,0.5312087277430375,2.0,0.0,0.0,0.0,1.0,0.0,1.0,0.0,0.0,0.0,1.0,0.0,0.0,1
1.6492537313432836,-1.0,-0.46692936055899653,0.3357965526620832,1.0,0.0,0.0,0.0,1.0,0.0,0.0,1.0,0.0,0.0,1.0,0.0,0.0,0
0.30970149253731344,-1.0,1.634747900486955,1.2599224171205956,1.0,0.0,0.0,0.0,1.0,1.0,0.0,0.0,0.0,0.0,0.0,0.0,1.0,1
0.33955223880597013,1.5,-0.60953230954818,0.7641629066111788,2.0,0.0,0.0,1.0,0.0,0.0,0.0,1.0,0.0,0.0,1.0,0.0,0.0,1
0.8395522388059702,1.0,2.928353262084197,-0.5512500908323223,2.0,1.0,0.0,1.0,0.0,0.0,1.0,0.0,0.0,0.0,0.0,1.0,0.0,1
0.8880597014925373,1.5,0.40409895307167565,0.062444073227138186,1.0,0.0,0.0,1.0,0.0,0.0,0.0,1.0,0.0,0.0,1.0,0.0,0.0,1
-0.7686567164179104,-0.5,0.23454502976287747,-0.21760539326200284,3.0,0.0,0.0,0.0,1.0,0.0,0.0,0.0,0.0,1.0,0.0,1.0,0.0,1
-0.041044776119402986,-0.5,0.14267365130491588,-0.06113535431958364,2.0,0.0,0.0,0.0,1.0,0.0,0.0,1.0,0.0,0.0,1.0,0.0,0.0,1
-0.0037313432835820895,0.5,-0.5199441676640582,0.053286231044983964,0.0,0.0,0.0,1.0,0.0,0.0,0.0,1.0,0.0,0.0,1.0,0.0,0.0,1
0.26865671641791045,0.5,-0.5007401190215578,-0.8631615227110312,2.0,0.0,0.0,1.0,0.0,0.0,0.0,1.0,0.0,0.0,0.0,1.0,0.0,1
-0.041044776119402986,0.5,1.3850706038182683,0.7978400707152628,0.0,1.0,0.0,0.0,1.0,1.0,0.0,0.0,0.0,0.0,0.0,1.0,0.0,0
-0.17537313432835822,-1.0,1.7071833913635437,0.17815629300344346,2.0,0.0,0.0,1.0,0.0,0.0,0.0,1.0,0.0,0.0,0.0,0.0,1.0,1
1.0671641791044777,-1.0,-0.14979482264641933,0.7074617705320421,0.0,1.0,0.0,0.0,1.0,0.0,1.0,0.0,0.0,0.0,0.0,1.0,0.0,0
-0.11940298507462686,0.0,-0.26081784750209946,1.1874161692215641,0.0,0.0,0.0,1.0,0.0,0.0,0.0,0.0,1.0,0.0,0.0,1.0,0.0,1
0.5447761194029851,-1.5,-0.5696150620021729,-0.029557026816231728,2.0,1.0,0.0,1.0,0.0,0.0,0.0,1.0,0.0,0.0,0.0,1.0,0.0,1
0.5335820895522388,0.5,-0.07370264755796181,-0.37560024436336836,0.0,1.0,0.0,1.0,0.0,0.0,0.0,0.0,0.0,1.0,1.0,0.0,0.0,1
-0.16044776119402984,0.0,0.24253815345766055,0.3564554131205165,1.0,0.0,0.0,0.0,1.0,0.0,0.0,1.0,0.0,0.0,1.0,0.0,0.0,0
-0.9552238805970149,0.5,1.4650664891397616,-0.4952830350141055,0.0,0.0,0.0,1.0,0.0,0.0,0.0,1.0,0.0,0.0,1.0,0.0,0.0,1
0.7761194029850746,0.5,0.41720233102861454,0.16088569436915673,1.0,1.0,0.0,0.0,1.0,0.0,1.0,0.0,0.0,0.0,0.0,0.0,1.0,0
-0.40298507462686567,0.5,-0.39477054093689323,0.4245362201641343,-1.0,0.0,0.0,1.0,0.0,0.0,0.0,1.0,0.0,0.0,1.0,0.0,0.0,0
-1.6194029850746268,-0.5,-0.1568656028163732,0.8744072444809684,0.0,0.0,0.0,1.0,0.0,0.0,0.0,1.0,0.0,0.0,0.0,0.0,1.0,0
0.31343283582089554,0.5,-0.36544245290892036,-0.6787939336726708,0.0,0.0,0.0,1.0,0.0,1.0,0.0,0.0,0.0,0.0,0.0,0.0,1.0,0
-0.7313432835820896,0.5,-0.44442351524759605,0.016487224290961208,1.0,0.0,0.0,0.0,1.0,0.0,1.0,0.0,0.0,0.0,1.0,0.0,0.0,0
0.16044776119402984,0.5,-0.5709114590882254,1.4459706903911345,0.0,1.0,0.0,0.0,1.0,0.0,0.0,0.0,1.0,0.0,1.0,0.0,0.0,1
0.6455223880597015,0.0,-0.25055798399774615,-0.7109917598932695,0.0,0.0,0.0,1.0,0.0,1.0,0.0,0.0,0.0,0.0,1.0,0.0,0.0,0
-0.8171641791044776,0.5,-0.4507186546626296,0.8005111213207655,2.0,0.0,0.0,1.0,0.0,1.0,0.0,0.0,0.0,0.0,0.0,1.0,0.0,1
-0.11567164179104478,-0.5,0.17634274363408634,0.4778400311499095,0.0,0.0,0.0,1.0,0.0,0.0,0.0,1.0,0.0,0.0,0.0,1.0,0.0,0
-0.20522388059701493,-1.0,-0.417985681506048,0.3266532433107919,0.0,0.0,0.0,0.0,1.0,0.0,0.0,1.0,0.0,0.0,1.0,0.0,0.0,1
0.23134328358208955,-1.0,-0.11273658983252877,-0.8944185981837,0.0,0.0,1.0,0.0,0.0,1.0,0.0,0.0,0.0,0.0,1.0,0.0,0.0,0
1.1604477611940298,2.0,0.0896605444545663,0.8132376563543866,1.0,0.0,0.0,1.0,0.0,0.0,0.0,1.0,0.0,0.0,0.0,1.0,0.0,1
-0.05223880597014925,0.0,0.03594525754237801,0.23605969300633609,-1.0,0.0,0.0,1.0,0.0,0.0,0.0,0.0,1.0,0.0,0.0,1.0,0.0,0
-0.3619402985074627,-1.5,3.337096182590628,-0.573428448148072,-1.0,0.0,0.0,1.0,0.0,1.0,0.0,0.0,0.0,0.0,0.0,1.0,0.0,0
-0.07835820895522388,-0.5,1.0476899436033926,1.3693251354051184,1.0,0.0,0.0,1.0,0.0,0.0,0.0,1.0,0.0,0.0,0.0,0.0,1.0,1
0.20149253731343283,0.0,-0.5904219404543076,1.487538041281054,0.0,0.0,0.0,1.0,0.0,0.0,0.0,1.0,0.0,0.0,0.0,1.0,0.0,1
-0.6753731343283582,-1.0,-0.3863962762545196,-0.4602541366936563,0.0,0.0,0.0,1.0,0.0,1.0,0.0,0.0,0.0,0.0,1.0,0.0,0.0,1
0.007462686567164179,0.5,0.20347343890053116,0.8268907814797001,0.0,0.0,0.0,1.0,0.0,1.0,0.0,0.0,0.0,0.0,1.0,0.0,0.0,1
-0.291044776119403,1.5,-0.022499164874834086,-0.17552374115034172,2.0,0.0,0.0,0.0,1.0,1.0,0.0,0.0,0.0,0.0,1.0,0.0,0.0,1
-0.1417910447761194,1.0,0.0932447564163232,-0.15453530603162421,0.0,0.0,0.0,1.0,0.0,0.0,0.0,1.0,0.0,0.0,0.0,0.0,1.0,0
0.029850746268656716,2.0,-0.36298197777743707,0.3897992163918022,2.0,0.0,0.0,0.0,1.0,1.0,0.0,0.0,0.0,0.0,0.0,1.0,0.0,1
-0.7388059701492538,-1.0,-0.4308423992458677,-0.05754006417647621,2.0,0.0,0.0,1.0,0.0,1.0,0.0,0.0,0.0,0.0,1.0,0.0,0.0,1
0.22388059701492538,0.5,0.14619919375368606,0.04911604165886734,1.0,0.0,0.0,0.0,1.0,0.0,0.0,0.0,0.0,1.0,1.0,0.0,0.0,1
0.9291044776119403,-0.5,-0.5709154094642277,-0.5379709058093265,3.0,0.0,1.0,0.0,0.0,1.0,0.0,0.0,0.0,0.0,1.0,0.0,0.0,1
0.7873134328358209,0.0,-0.3006975215154093,0.18386905338915654,0.0,0.0,0.0,1.0,0.0,0.0,0.0,0.0,0.0,1.0,1.0,0.0,0.0,1
1.1044776119402986,-1.0,-0.28659212156558256,1.2131037480094031,1.0,0.0,0.0,1.0,0.0,1.0,0.0,0.0,0.0,0.0,1.0,0.0,0.0,1
0.5149253731343284,-0.5,0.7618044424891233,-0.3554188685096176,0.0,1.0,0.0,1.0,0.0,1.0,0.0,0.0,0.0,0.0,1.0,0.0,0.0,0
1.7682089552238844,-0.5,-0.15986501159350408,0.43959648336728496,1.0,0.0,0.0,1.0,0.0,1.0,0.0,0.0,0.0,0.0,0.0,1.0,0.0,0
1.7682089552238844,0.0,-0.4720740122136982,0.637820080392257,2.0,0.0,0.0,0.0,1.0,0.0,0.0,1.0,0.0,0.0,1.0,0.0,0.0,1
1.1417910447761195,0.0,0.05743244968160157,-0.7238388974730809,-1.0,0.0,0.0,0.0,1.0,0.0,0.0,0.0,0.0,1.0,0.0,1.0,0.0,1
-0.8768656716417911,-0.5,-0.1232653676595646,0.6155212941055634,1.0,0.0,0.0,1.0,0.0,0.0,1.0,0.0,0.0,0.0,0.0,1.0,0.0,0
-0.06716417910447761,1.5,0.0021466752522728157,-0.5191566691819388,-1.0,0.0,0.0,1.0,0.0,0.0,0.0,1.0,0.0,0.0,0.0,1.0,0.0,1
1.1417910447761195,-1.0,-0.07522044991145412,-0.1705941874111219,1.0,0.0,0.0,1.0,0.0,0.0,0.0,1.0,0.0,0.0,1.0,0.0,0.0,0
0.7723880597014925,1.0,0.26931395679889575,0.2068261631593131,2.0,0.0,0.0,0.0,1.0,1.0,0.0,0.0,0.0,0.0,1.0,0.0,0.0,1
0.022388059701492536,0.0,0.6499069184135724,-0.9285372197518977,1.0,0.0,0.0,1.0,0.0,0.0,0.0,1.0,0.0,0.0,1.0,0.0,0.0,0
-0.19029850746268656,2.5,-0.201554219685093,0.3802316164559342,0.0,0.0,0.0,0.0,1.0,0.0,1.0,0.0,0.0,0.0,1.0,0.0,0.0,1
-1.1828358208955223,-1.0,-0.42453940958658715,0.23672635224102292,0.0,0.0,0.0,1.0,0.0,1.0,0.0,0.0,0.0,0.0,0.0,1.0,0.0,0
0.5634328358208955,-0.5,-0.3916887551035611,0.8473930203855295,0.0,0.0,0.0,0.0,1.0,0.0,1.0,0.0,0.0,0.0,0.0,0.0,1.0,0
-0.8395522388059702,0.0,-0.41233011977721395,0.1823476947765877,1.0,1.0,0.0,1.0,0.0,0.0,1.0,0.0,0.0,0.0,1.0,0.0,0.0,0
-0.4664179104477612,-1.5,0.8726690924268267,-0.190918411722252,0.0,0.0,0.0,1.0,0.0,1.0,0.0,0.0,0.0,0.0,1.0,0.0,0.0,0
0.5186567164179104,0.5,-0.2057670162170985,0.6757625518391899,1.0,0.0,0.0,0.0,1.0,0.0,0.0,0.0,0.0,1.0,1.0,0.0,0.0,1
-1.0522388059701493,-0.5,-0.2642478341081074,-0.3221217376601275,1.0,1.0,0.0,1.0,0.0,1.0,0.0,0.0,0.0,0.0,1.0,0.0,0.0,0
0.5932835820895522,2.0,0.14280471918091958,0.7785352185171389,0.0,0.0,0.0,1.0,0.0,0.0,0.0,1.0,0.0,0.0,1.0,0.0,0.0,1
-1.0485074626865671,-1.0,-0.24557391903295442,-1.0693196078992746,-1.0,0.0,0.0,1.0,0.0,1.0,0.0,0.0,0.0,0.0,0.0,1.0,0.0,0
-0.011194029850746268,0.0,1.8959556557555501,-0.7260738098964555,0.0,1.0,0.0,1.0,0.0,1.0,0.0,0.0,0.0,0.0,1.0,0.0,0.0,0
0.15671641791044777,-0.5,-0.5330903251237468,0.5385975211533304,1.0,0.0,0.0,1.0,0.0,1.0,0.0,0.0,0.0,0.0,1.0,0.0,0.0,0
0.6865671641791045,-0.5,-0.5837360579321458,0.02526568654064179,0.0,0.0,0.0,1.0,0.0,0.0,0.0,1.0,0.0,0.0,0.0,0.0,1.0,0
-0.7238805970149254,-1.5,0.4406300064597354,0.2042791375177735,1.0,0.0,0.0,1.0,0.0,0.0,0.0,0.0,1.0,0.0,1.0,0.0,0.0,0
-0.48507462686567165,2.5,0.6398902949277682,0.2442483832746161,1.0,0.0,0.0,0.0,1.0,1.0,0.0,0.0,0.0,0.0,1.0,0.0,0.0,1
-0.29850746268656714,-0.5,-0.12343803326148027,1.0501277658009627,1.0,0.0,0.0,1.0,0.0,0.0,0.0,0.0,1.0,0.0,1.0,0.0,0.0,0
0.6455223880597015,0.0,-0.1962074969837875,-0.8380889627858165,2.0,0.0,0.0,0.0,1.0,1.0,0.0,0.0,0.0,0.0,0.0,1.0,0.0,1
-1.1902985074626866,0.5,0.5893997431382334,-0.6795450045600843,0.0,0.0,0.0,1.0,0.0,0.0,1.0,0.0,0.0,0.0,0.0,1.0,0.0,0
0.5261194029850746,-1.0,0.42522595257214313,0.12226471690336853,1.0,0.0,0.0,1.0,0.0,1.0,0.0,0.0,0.0,0.0,1.0,0.0,0.0,0
1.0970149253731343,-0.5,-0.16326318899557787,-0.6743208508700174,2.0,0.0,0.0,1.0,0.0,1.0,0.0,0.0,0.0,0.0,1.0,0.0,0.0,1
0.8656716417910447,2.5,3.488464304680498,1.0298408975302344,3.0,0.0,0.0,0.0,1.0,0.0,1.0,0.0,0.0,0.0,1.0,0.0,0.0,1
-0.4216417910447761,1.5,-0.21018724268166578,-0.5157890746997148,1.0,0.0,0.0,1.0,0.0,1.0,0.0,0.0,0.0,0.0,1.0,0.0,0.0,1
-0.75,-1.0,-0.5690368859823308,-0.44961006371137835,1.0,0.0,0.0,1.0,0.0,0.0,0.0,1.0,0.0,0.0,1.0,0.0,0.0,0
0.026119402985074626,-0.5,-0.1343179129970511,0.5794011488212305,0.0,0.0,0.0,0.0,1.0,1.0,0.0,0.0,0.0,0.0,1.0,0.0,0.0,0
0.48507462686567165,-1.0,-0.1424738325858177,0.4492625743150674,-1.0,0.0,0.0,1.0,0.0,0.0,0.0,1.0,0.0,0.0,1.0,0.0,0.0,0
-1.3395522388059702,-0.5,-0.22911352270172378,0.21743450970296208,1.0,0.0,0.0,1.0,0.0,1.0,0.0,0.0,0.0,0.0,0.0,1.0,0.0,0
-0.4626865671641791,-1.0,1.1169078908590861,0.21110611285427291,0.0,1.0,0.0,1.0,0.0,1.0,0.0,0.0,0.0,0.0,0.0,0.0,1.0,0
-0.011194029850746268,0.5,0.03940138718956954,-0.5450339981946951,0.0,0.0,0.0,1.0,0.0,0.0,0.0,1.0,0.0,0.0,0.0,0.0,1.0,1
-0.26119402985074625,-0.5,-0.3570975157468731,-0.6007597303412094,1.0,0.0,0.0,1.0,0.0,0.0,1.0,0.0,0.0,0.0,0.0,1.0,0.0,0
-0.20149253731343283,1.0,1.1050522484268883,0.10790662977386481,1.0,0.0,0.0,0.0,1.0,1.0,0.0,0.0,0.0,0.0,1.0,0.0,0.0,0
-0.8395522388059702,0.5,0.9528807844298876,0.5314380422086661,1.0,0.0,0.0,1.0,0.0,0.0,0.0,1.0,0.0,0.0,0.0,0.0,1.0,0
-0.917910447761194,0.0,1.36845044611073,-0.03064509281874945,-1.0,0.0,0.0,0.0,1.0,0.0,0.0,1.0,0.0,0.0,1.0,0.0,0.0,1
-0.4216417910447761,-1.0,-0.44138270426877724,1.367807320317247,0.0,0.0,0.0,1.0,0.0,0.0,0.0,1.0,0.0,0.0,0.0,1.0,0.0,1
-0.5485074626865671,0.0,2.379958451317932,0.3969832568163964,0.0,0.0,0.0,1.0,0.0,0.0,0.0,0.0,0.0,1.0,1.0,0.0,0.0,1
0.17164179104477612,-1.0,2.770686624637927,0.4363188809519617,0.0,0.0,0.0,0.0,1.0,1.0,0.0,0.0,0.0,0.0,1.0,0.0,0.0,0
1.1940298507462686,-0.5,1.2438805317038784,0.12309393949438104,0.0,0.0,0.0,1.0,0.0,0.0,1.0,0.0,0.0,0.0,1.0,0.0,0.0,1
-0.1828358208955224,0.0,-0.48423212212151584,-0.4291196706696534,-1.0,0.0,0.0,0.0,1.0,1.0,0.0,0.0,0.0,0.0,0.0,0.0,1.0,0
0.5522388059701493,1.0,-0.5034201278340121,-0.0326937683651422,0.0,1.0,0.0,0.0,1.0,1.0,0.0,0.0,0.0,0.0,1.0,0.0,0.0,0
-0.3656716417910448,0.0,1.3893810419653772,-0.33017779377187045,1.0,0.0,0.0,0.0,1.0,0.0,0.0,1.0,0.0,0.0,0.0,0.0,1.0,1
-0.5373134328358209,-1.0,0.3194251584750528,-0.12138827897022664,0.0,0.0,0.0,1.0,0.0,0.0,0.0,1.0,0.0,0.0,1.0,0.0,0.0,0
0.1044776119402985,-1.0,1.539061954961294,-0.6739669662499674,0.0,0.0,0.0,1.0,0.0,0.0,1.0,0.0,0.0,0.0,1.0,0.0,0.0,0
0.08582089552238806,0.0,0.21648892584300933,-0.7573485769770332,1.0,0.0,0.0,1.0,0.0,0.0,0.0,1.0,0.0,0.0,0.0,0.0,1.0,0
0.5895522388059702,-0.5,0.4301926370593116,1.0259960231181953,-1.0,0.0,1.0,0.0,0.0,0.0,1.0,0.0,0.0,0.0,0.0,1.0,0.0,0
-0.25,0.0,0.051505416677223886,1.6695554259577516,1.0,0.0,0.0,1.0,0.0,1.0,0.0,0.0,0.0,0.0,1.0,0.0,0.0,1
-0.4925373134328358,0.0,1.8063400420701587,1.0141543896140894,1.0,1.0,0.0,0.0,1.0,0.0,1.0,0.0,0.0,0.0,0.0,0.0,1.0,0
0.6977611940298507,0.0,-0.571352702882333,0.42359766825046086,0.0,0.0,0.0,1.0,0.0,1.0,0.0,0.0,0.0,0.0,1.0,0.0,0.0,0
0.31716417910447764,2.0,-0.5173452745332279,-0.6375351603329125,0.0,0.0,1.0,0.0,0.0,1.0,0.0,0.0,0.0,0.0,1.0,0.0,0.0,1
-0.5671641791044776,-0.5,1.1139840141447634,-0.08828149846465394,1.0,0.0,0.0,1.0,0.0,1.0,0.0,0.0,0.0,0.0,0.0,0.0,1.0,0
0.5559701492537313,0.0,-0.07655409330204156,1.5086326793015454,-1.0,0.0,0.0,0.0,1.0,1.0,0.0,0.0,0.0,0.0,1.0,0.0,0.0,1
1.1492537313432836,-1.5,0.05615803395249583,0.0749187054760797,2.0,0.0,0.0,0.0,1.0,1.0,0.0,0.0,0.0,0.0,1.0,0.0,0.0,1
0.4925373134328358,1.0,-0.480137781466896,-0.37203970923239754,1.0,0.0,0.0,1.0,0.0,0.0,0.0,1.0,0.0,0.0,0.0,1.0,0.0,0
0.1791044776119403,0.0,0.5667567025036374,1.4714716476367862,1.0,0.0,0.0,1.0,0.0,0.0,0.0,1.0,0.0,0.0,1.0,0.0,0.0,1
-0.3917910447761194,1.0,0.9260011654788541,0.8994413069522932,-1.0,0.0,0.0,0.0,1.0,0.0,0.0,1.0,0.0,0.0,0.0,1.0,0.0,0
0.7313432835820896,-0.5,0.3579050519958047,-0.4648785153782725,0.0,0.0,0.0,0.0,1.0,0.0,0.0,0.0,0.0,1.0,1.0,0.0,0.0,0
-0.3619402985074627,-1.0,2.3888875546402684,0.30058111261336284,0.0,1.0,0.0,1.0,0.0,1.0,0.0,0.0,0.0,0.0,0.0,0.0,1.0,1
0.07835820895522388,2.0,-0.5387058010533372,-0.47283126641505596,0.0,0.0,0.0,1.0,0.0,0.0,0.0,1.0,0.0,0.0,0.0,0.0,1.0,1
1.6529850746268657,-0.5,2.8811880458860513,-0.48631505207322784,1.0,0.0,0.0,1.0,0.0,0.0,0.0,1.0,0.0,0.0,0.0,1.0,0.0,0
-0.914179104477612,0.5,-0.3960434203071797,-0.1860317931132467,-1.0,0.0,0.0,0.0,1.0,1.0,0.0,0.0,0.0,0.0,0.0,1.0,0.0,0
-0.1044776119402985,-1.0,-0.5015287084529134,-0.6964488819011024,2.0,0.0,0.0,1.0,0.0,1.0,0.0,0.0,0.0,0.0,0.0,1.0,0.0,1
0.585820895522388,-1.0,-0.29016287524368345,-0.33688487355968766,1.0,0.0,0.0,1.0,0.0,1.0,0.0,0.0,0.0,0.0,1.0,0.0,0.0,0
-1.3395522388059702,-1.0,0.2185025758596136,-0.06721936294050025,-1.0,0.0,0.0,1.0,0.0,1.0,0.0,0.0,0.0,0.0,0.0,0.0,1.0,1
0.5074626865671642,-0.5,0.5429317332547927,0.6702157189345169,1.0,1.0,0.0,1.0,0.0,1.0,0.0,0.0,0.0,0.0,0.0,1.0,0.0,1
0.5783582089552238,-0.5,-0.6160090639165875,-0.8204917562887477,2.0,1.0,0.0,1.0,0.0,1.0,0.0,0.0,0.0,0.0,0.0,1.0,0.0,1
-0.1791044776119403,0.0,-0.2992445348303192,-0.2634348311875228,0.0,0.0,0.0,1.0,0.0,1.0,0.0,0.0,0.0,0.0,1.0,0.0,0.0,0
0.43283582089552236,0.0,0.7905119099985325,0.6531797337085158,0.0,0.0,0.0,1.0,0.0,0.0,0.0,1.0,0.0,0.0,0.0,1.0,0.0,0
-0.4141791044776119,0.5,-0.6026137228685062,-0.8434978216184951,1.0,1.0,0.0,1.0,0.0,0.0,0.0,1.0,0.0,0.0,0.0,1.0,0.0,0
1.0335820895522387,1.0,-0.5527732219541307,-0.5095876010970206,1.0,0.0,0.0,1.0,0.0,0.0,0.0,1.0,0.0,0.0,0.0,1.0,0.0,0
-0.3619402985074627,0.0,0.42513301506148055,-0.4965350829552225,-1.0,0.0,0.0,1.0,0.0,0.0,0.0,1.0,0.0,0.0,1.0,0.0,0.0,0
1.458955223880597,0.0,-0.21100891160408777,0.7248639191894148,2.0,0.0,0.0,1.0,0.0,0.0,1.0,0.0,0.0,0.0,1.0,0.0,0.0,1
0.08582089552238806,-1.0,-0.2157581469086136,0.6793382990483483,0.0,0.0,0.0,1.0,0.0,1.0,0.0,0.0,0.0,0.0,1.0,0.0,0.0,0
-1.0708955223880596,-0.5,-0.19119540722353148,-0.8905233569089107,-1.0,0.0,0.0,1.0,0.0,1.0,0.0,0.0,0.0,0.0,1.0,0.0,0.0,0
-0.1828358208955224,0.0,-0.3273068688211728,-0.17831319755466832,0.0,0.0,0.0,0.0,1.0,0.0,0.0,1.0,0.0,0.0,0.0,1.0,0.0,0
-0.3246268656716418,-0.5,-0.35025929960529273,1.0832224326169475,1.0,0.0,1.0,0.0,0.0,1.0,0.0,0.0,0.0,0.0,0.0,0.0,1.0,1
-0.026119402985074626,-0.5,-0.467904357282777,-0.6094485592154952,-1.0,0.0,1.0,0.0,0.0,0.0,1.0,0.0,0.0,0.0,0.0,1.0,0.0,0
-0.5335820895522388,-1.5,1.7393931821578754,1.0070382053291578,3.0,0.0,0.0,1.0,0.0,1.0,0.0,0.0,0.0,0.0,1.0,0.0,0.0,1
0.7985074626865671,-1.0,-0.6018633653592937,-0.49015278134444923,1.0,0.0,0.0,1.0,0.0,0.0,0.0,1.0,0.0,0.0,1.0,0.0,0.0,0
1.7682089552238844,1.0,-0.33418530688738685,0.8984911878473717,1.0,0.0,0.0,0.0,1.0,0.0,0.0,0.0,1.0,0.0,0.0,1.0,0.0,0
0.9253731343283582,-0.5,0.7693113516219878,1.3223180065332438,-1.0,0.0,0.0,0.0,1.0,1.0,0.0,0.0,0.0,0.0,0.0,1.0,0.0,1
1.2835820895522387,-0.5,2.123964166429632,1.0681684913495302,-1.0,0.0,0.0,0.0,1.0,0.0,0.0,0.0,0.0,1.0,1.0,0.0,0.0,0
0.5559701492537313,0.5,-0.14348850114384248,-0.38653948737660254,0.0,0.0,0.0,1.0,0.0,1.0,0.0,0.0,0.0,0.0,1.0,0.0,0.0,0
-1.1902985074626866,1.0,-0.057322328994576496,1.4099722769870169,1.0,0.0,0.0,1.0,0.0,1.0,0.0,0.0,0.0,0.0,0.0,0.0,1.0,1
-0.7611940298507462,0.5,0.3419296090345884,0.1983078712814203,2.0,0.0,0.0,0.0,1.0,1.0,0.0,0.0,0.0,0.0,1.0,0.0,0.0,1
0.8955223880597015,2.0,-0.601430089351947,-0.039883169142774136,-1.0,0.0,0.0,1.0,0.0,1.0,0.0,0.0,0.0,0.0,0.0,0.0,1.0,1
0.15298507462686567,0.0,0.5710804591417631,-0.9730689719195587,-1.0,1.0,0.0,1.0,0.0,1.0,0.0,0.0,0.0,0.0,1.0,0.0,0.0,0
0.5074626865671642,-0.5,-0.49772156319670363,0.47432403450091737,1.0,0.0,0.0,0.0,1.0,1.0,0.0,0.0,0.0,0.0,1.0,0.0,0.0,0
-0.10820895522388059,-0.5,-0.4829060259102371,-0.3863514732863342,0.0,0.0,0.0,1.0,0.0,1.0,0.0,0.0,0.0,0.0,0.0,1.0,0.0,0
0.5708955223880597,0.5,3.488464304680498,1.451056010202718,0.0,0.0,0.0,1.0,0.0,0.0,0.0,1.0,0.0,0.0,1.0,0.0,0.0,1
-0.7425373134328358,0.5,-0.5000691646769562,-0.6194804936209606,0.0,0.0,0.0,1.0,0.0,1.0,0.0,0.0,0.0,0.0,0.0,0.0,1.0,0
0.27238805970149255,-1.0,0.11840159181276859,-0.02098057538222445,0.0,0.0,0.0,0.0,1.0,1.0,0.0,0.0,0.0,0.0,1.0,0.0,0.0,0
0.6716417910447762,0.5,-0.04382963490811602,0.4704303533170559,2.0,0.0,0.0,1.0,0.0,1.0,0.0,0.0,0.0,0.0,1.0,0.0,0.0,1
-0.9589552238805971,0.5,-0.23642013100331746,-0.5200665819558583,1.0,0.0,0.0,0.0,1.0,1.0,0.0,0.0,0.0,0.0,1.0,0.0,0.0,1
0.06716417910447761,-1.5,0.35447549055546196,-0.08570966703404816,-1.0,0.0,0.0,1.0,0.0,1.0,0.0,0.0,0.0,0.0,0.0,1.0,0.0,0
0.8134328358208955,-0.5,-0.2553120212308759,-0.44794004418111777,-1.0,1.0,0.0,0.0,1.0,1.0,0.0,0.0,0.0,0.0,1.0,0.0,0.0,0
-0.44402985074626866,-0.5,-0.002530768592200158,0.6216833258973706,2.0,1.0,0.0,1.0,0.0,0.0,1.0,0.0,0.0,0.0,1.0,0.0,0.0,1
-1.0335820895522387,-1.0,1.0824777899737015,-0.10949866411854482,2.0,1.0,0.0,1.0,0.0,0.0,0.0,1.0,0.0,0.0,1.0,0.0,0.0,1
-0.17164179104477612,-1.5,0.24304404042922004,1.3971486894755412,0.0,0.0,0.0,1.0,0.0,0.0,1.0,0.0,0.0,0.0,1.0,0.0,0.0,1
-1.1007462686567164,0.5,1.062981183223741,1.3652000934433555,1.0,1.0,0.0,1.0,0.0,1.0,0.0,0.0,0.0,0.0,0.0,1.0,0.0,1
-0.4216417910447761,2.0,0.8467480778465567,0.046050749718057955,1.0,0.0,1.0,0.0,0.0,1.0,0.0,0.0,0.0,0.0,0.0,0.0,1.0,1
0.44402985074626866,-0.5,0.09907880867657262,0.12658169203089265,0.0,0.0,0.0,1.0,0.0,1.0,0.0,0.0,0.0,0.0,0.0,1.0,0.0,1
-0.8097014925373134,-1.5,1.7501978256982658,-0.7567494216302189,0.0,0.0,0.0,1.0,0.0,0.0,0.0,1.0,0.0,0.0,0.0,0.0,1.0,0
-0.6977611940298507,-1.5,-0.5310882745245593,-0.5382936682176336,1.0,0.0,0.0,1.0,0.0,1.0,0.0,0.0,0.0,0.0,0.0,1.0,0.0,0
-0.26119402985074625,0.5,-0.3340381262311727,0.7363543796278547,0.0,0.0,0.0,1.0,0.0,0.0,1.0,0.0,0.0,0.0,0.0,1.0,0.0,0
0.24253731343283583,-0.5,-0.01147714895824223,-0.5883253256226023,1.0,0.0,0.0,1.0,0.0,1.0,0.0,0.0,0.0,0.0,1.0,0.0,0.0,0
-0.835820895522388,-1.0,-0.44078005989811236,0.4012980852290319,0.0,0.0,0.0,1.0,0.0,0.0,1.0,0.0,0.0,0.0,0.0,1.0,0.0,1
0.08208955223880597,1.5,-0.08848074123269586,0.6499687056147986,0.0,0.0,0.0,1.0,0.0,1.0,0.0,0.0,0.0,0.0,1.0,0.0,0.0,1
0.34701492537313433,-1.5,0.5882923186003362,0.6480775519712443,0.0,0.0,0.0,1.0,0.0,1.0,0.0,0.0,0.0,0.0,0.0,1.0,0.0,0
-0.917910447761194,-0.5,-0.47007052077740646,-1.014309434302786,1.0,0.0,0.0,1.0,0.0,0.0,0.0,1.0,0.0,0.0,1.0,0.0,0.0,0
0.10820895522388059,1.5,-0.3438037809219691,0.5537285596079744,1.0,0.0,0.0,0.0,1.0,1.0,0.0,0.0,0.0,0.0,0.0,1.0,0.0,1
-0.47388059701492535,0.5,-0.16445019050883283,-0.23132226872591055,2.0,0.0,0.0,1.0,0.0,0.0,1.0,0.0,0.0,0.0,1.0,0.0,0.0,1
-0.291044776119403,0.0,1.6426895471903413,0.03892278107846372,-1.0,0.0,0.0,0.0,1.0,1.0,0.0,0.0,0.0,0.0,0.0,0.0,1.0,0
0.4141791044776119,-0.5,0.19608869855512737,-0.028776131215416615,2.0,0.0,0.0,0.0,1.0,0.0,1.0,0.0,0.0,0.0,1.0,0.0,0.0,1
0.47388059701492535,0.0,-0.31764453930598713,1.7206757969526445,2.0,0.0,0.0,1.0,0.0,1.0,0.0,0.0,0.0,0.0,0.0,1.0,0.0,1
-0.11940298507462686,0.5,1.2325260848576225,1.6394126502298478,-1.0,0.0,0.0,1.0,0.0,0.0,0.0,1.0,0.0,0.0,1.0,0.0,0.0,1
1.7682089552238844,0.0,1.03621916847732,1.5216400614300036,0.0,0.0,0.0,1.0,0.0,1.0,0.0,0.0,0.0,0.0,1.0,0.0,0.0,1
-0.9552238805970149,0.0,0.5994902473937256,-0.5554034082017857,1.0,0.0,0.0,1.0,0.0,0.0,0.0,1.0,0.0,0.0,0.0,1.0,0.0,1
-0.1791044776119403,1.0,-0.237860497259465,0.5754333380569827,0.0,0.0,0.0,1.0,0.0,0.0,1.0,0.0,0.0,0.0,1.0,0.0,0.0,0
-0.5410447761194029,1.0,1.0161969071850427,-0.4990254934797329,2.0,1.0,0.0,0.0,1.0,1.0,0.0,0.0,0.0,0.0,0.0,0.0,1.0,1
0.6753731343283582,1.5,-0.5021032020934141,0.47239634130221125,-1.0,0.0,1.0,0.0,0.0,1.0,0.0,0.0,0.0,0.0,1.0,0.0,0.0,1
-0.48134328358208955,-1.5,-0.6217278394225659,-0.7597219207265274,1.0,0.0,1.0,0.0,0.0,0.0,0.0,1.0,0.0,0.0,0.0,1.0,0.0,0
0.5149253731343284,0.5,0.5138213143987275,0.8158712577790969,1.0,0.0,0.0,1.0,0.0,1.0,0.0,0.0,0.0,0.0,1.0,0.0,0.0,1
-0.3880597014925373,-0.5,-0.3304408101408014,0.04094153472515201,0.0,0.0,0.0,1.0,0.0,0.0,0.0,0.0,0.0,1.0,0.0,1.0,0.0,0
0.0708955223880597,1.5,0.14788417618001126,1.7206757969526445,0.0,0.0,0.0,1.0,0.0,0.0,0.0,1.0,0.0,0.0,1.0,0.0,0.0,1
-0.44029850746268656,0.0,-0.5122337539753097,-0.8943990843899926,-1.0,0.0,0.0,1.0,0.0,0.0,0.0,0.0,0.0,1.0,1.0,0.0,0.0,1
-0.3917910447761194,-0.5,-0.36364101808648064,1.0042670260876707,1.0,0.0,0.0,0.0,1.0,0.0,1.0,0.0,0.0,0.0,0.0,1.0,0.0,0
-0.2574626865671642,1.0,0.12470548243646894,0.5548888680259509,1.0,1.0,0.0,1.0,0.0,0.0,0.0,1.0,0.0,0.0,0.0,1.0,0.0,0
-0.2537313432835821,-0.5,1.661907314026997,0.231641522778116,-1.0,0.0,1.0,0.0,0.0,1.0,0.0,0.0,0.0,0.0,1.0,0.0,0.0,1
1.1828358208955223,0.5,-0.35442384162687185,-1.025038949063091,0.0,0.0,0.0,1.0,0.0,0.0,0.0,1.0,0.0,0.0,1.0,0.0,0.0,1
-0.9664179104477612,-0.5,1.2528151089144826,1.2615830639368573,0.0,0.0,0.0,1.0,0.0,1.0,0.0,0.0,0.0,0.0,0.0,1.0,0.0,1
-0.35074626865671643,0.0,0.008646983315747503,-0.5840897794996469,0.0,0.0,0.0,1.0,0.0,0.0,1.0,0.0,0.0,0.0,0.0,0.0,1.0,0
-0.31343283582089554,-0.5,0.19023326848633482,-0.25584416212576405,2.0,1.0,0.0,1.0,0.0,1.0,0.0,0.0,0.0,0.0,1.0,0.0,0.0,1
-0.05970149253731343,0.5,0.07261513376955288,-0.6099304371514701,0.0,0.0,0.0,1.0,0.0,1.0,0.0,0.0,0.0,0.0,1.0,0.0,0.0,0
-0.2574626865671642,0.0,0.6391157237996865,-0.32978796524050613,1.0,0.0,0.0,0.0,1.0,0.0,0.0,1.0,0.0,0.0,0.0,1.0,0.0,0
-0.2947761194029851,-1.5,-0.5082893377402058,-0.9693424449574255,1.0,1.0,0.0,1.0,0.0,1.0,0.0,0.0,0.0,0.0,0.0,1.0,0.0,1
0.22761194029850745,0.0,-0.022078638993150497,-0.29317337504515795,-1.0,0.0,0.0,1.0,0.0,0.0,0.0,1.0,0.0,0.0,1.0,0.0,0.0,0
-1.037313432835821,-1.0,0.7456004918921992,1.286693445634511,1.0,0.0,0.0,1.0,0.0,1.0,0.0,0.0,0.0,0.0,1.0,0.0,0.0,1
-0.21641791044776118,-0.5,-0.03728835211530729,-0.004975705257933868,1.0,0.0,0.0,1.0,0.0,1.0,0.0,0.0,0.0,0.0,1.0,0.0,0.0,0
1.1194029850746268,0.5,0.03722043577310046,0.4104626889193882,0.0,0.0,0.0,0.0,1.0,1.0,0.0,0.0,0.0,0.0,1.0,0.0,0.0,1
0.458955223880597,0.0,-0.5092006892315227,-0.48810207830518504,0.0,1.0,0.0,1.0,0.0,1.0,0.0,0.0,0.0,0.0,1.0,0.0,0.0,0
-0.2873134328358209,0.0,-0.5378996915892145,-0.02517066228040991,2.0,0.0,0.0,0.0,1.0,1.0,0.0,0.0,0.0,0.0,1.0,0.0,0.0,1
-0.6194029850746269,0.5,-0.5132158086197125,-0.19836527105853563,0.0,0.0,0.0,0.0,1.0,1.0,0.0,0.0,0.0,0.0,1.0,0.0,0.0,0
0.8843283582089553,0.5,-0.40370176439400773,1.5551449527199195,0.0,0.0,0.0,0.0,1.0,1.0,0.0,0.0,0.0,0.0,1.0,0.0,0.0,1
-1.0820895522388059,0.0,-0.0532514620327255,-0.15941284198142808,-1.0,0.0,0.0,1.0,0.0,1.0,0.0,0.0,0.0,0.0,1.0,0.0,0.0,1
-0.2798507462686567,-0.5,0.48338339593607615,-0.8826911666740134,1.0,0.0,0.0,1.0,0.0,1.0,0.0,0.0,0.0,0.0,1.0,0.0,0.0,0
0.13805970149253732,0.0,-0.4269795300430551,1.7085247635972316,1.0,0.0,0.0,1.0,0.0,1.0,0.0,0.0,0.0,0.0,1.0,0.0,0.0,1
-0.24253731343283583,-0.5,1.0540781549554454,0.5627606595805665,2.0,1.0,0.0,1.0,0.0,0.0,1.0,0.0,0.0,0.0,0.0,1.0,0.0,1
1.6380597014925373,1.0,-0.46289554533233346,1.6996814578943047,0.0,0.0,0.0,1.0,0.0,1.0,0.0,0.0,0.0,0.0,1.0,0.0,0.0,1
-0.1455223880597015,0.0,-0.2569400615864051,-0.6585587346186538,0.0,0.0,0.0,1.0,0.0,1.0,0.0,0.0,0.0,0.0,0.0,0.0,1.0,0
-0.34328358208955223,1.0,0.15482560985800495,-0.32189662577360956,1.0,0.0,0.0,1.0,0.0,0.0,1.0,0.0,0.0,0.0,1.0,0.0,0.0,0
-0.0708955223880597,1.0,-0.4784599510879233,0.1773856850516427,1.0,0.0,0.0,0.0,1.0,0.0,0.0,1.0,0.0,0.0,0.0,1.0,0.0,0
-0.291044776119403,0.5,-0.23290442895007177,-0.13306663101867428,-1.0,0.0,0.0,0.0,1.0,1.0,0.0,0.0,0.0,0.0,1.0,0.0,0.0,0
-0.7014925373134329,0.0,-0.4945349981791674,-0.4197375852783156,1.0,0.0,0.0,1.0,0.0,0.0,1.0,0.0,0.0,0.0,1.0,0.0,0.0,0
0.2873134328358209,0.5,0.5917913036341302,-0.3967903478594322,0.0,0.0,0.0,0.0,1.0,1.0,0.0,0.0,0.0,0.0,0.0,0.0,1.0,0
0.5261194029850746,-1.0,-0.516539826560335,-1.0513709013194832,1.0,0.0,0.0,1.0,0.0,0.0,1.0,0.0,0.0,0.0,0.0,0.0,1.0,0
1.2649253731343284,0.0,0.880871168121658,1.7064476640299722,3.0,0.0,0.0,1.0,0.0,0.0,1.0,0.0,0.0,0.0,0.0,1.0,0.0,1
0.3582089552238806,0.5,3.107522204846574,0.1412340868216189,2.0,0.0,0.0,1.0,0.0,0.0,0.0,1.0,0.0,0.0,1.0,0.0,0.0,1
-0.3805970149253731,-1.5,0.9929980198103604,0.45258569445249613,1.0,1.0,0.0,1.0,0.0,0.0,0.0,1.0,0.0,0.0,0.0,0.0,1.0,1
-0.20522388059701493,-0.5,1.1515454591957517,-0.3339381532536607,-1.0,0.0,0.0,1.0,0.0,0.0,0.0,0.0,1.0,0.0,1.0,0.0,0.0,0
0.1417910447761194,0.0,-0.5574387425901386,1.4137861453456824,0.0,0.0,0.0,1.0,0.0,1.0,0.0,0.0,0.0,0.0,1.0,0.0,0.0,1
0.5783582089552238,0.0,-0.5296944402952976,-0.21818544481530275,1.0,0.0,0.0,1.0,0.0,1.0,0.0,0.0,0.0,0.0,0.0,1.0,0.0,0
0.6044776119402985,-1.5,0.3445532322183695,0.7430236327125825,1.0,0.0,0.0,0.0,1.0,1.0,0.0,0.0,0.0,0.0,1.0,0.0,0.0,0
-1.0186567164179106,1.5,0.983655556616332,-0.2652622318984177,0.0,0.0,0.0,1.0,0.0,1.0,0.0,0.0,0.0,0.0,1.0,0.0,0.0,1
0.018656716417910446,0.0,0.2567271999158955,0.588128969503004,0.0,0.0,0.0,0.0,1.0,1.0,0.0,0.0,0.0,0.0,1.0,0.0,0.0,1
-0.6268656716417911,0.0,-0.39331747512539467,0.9892420847470117,2.0,1.0,0.0,0.0,1.0,0.0,0.0,0.0,1.0,0.0,0.0,1.0,0.0,1
0.06716417910447761,0.5,0.05035313725526219,0.6626664582898802,0.0,0.0,1.0,0.0,0.0,1.0,0.0,0.0,0.0,0.0,0.0,1.0,0.0,0
-0.029850746268656716,-0.5,0.019895208710056112,1.4504118439096403,1.0,0.0,0.0,1.0,0.0,1.0,0.0,0.0,0.0,0.0,1.0,0.0,0.0,1
0.44029850746268656,-0.5,-0.3179825597049643,0.27109565304311173,0.0,0.0,0.0,1.0,0.0,0.0,0.0,1.0,0.0,0.0,1.0,0.0,0.0,0
1.3395522388059702,-1.5,-0.08896055916481241,-0.7705637958499997,1.0,0.0,0.0,1.0,0.0,0.0,0.0,0.0,1.0,0.0,1.0,0.0,0.0,0
-0.7350746268656716,-0.5,-0.49381232335635666,0.11471243508936588,2.0,0.0,0.0,0.0,1.0,0.0,0.0,1.0,0.0,0.0,0.0,1.0,0.0,1
-0.7649253731343284,-0.5,0.7240558644063299,0.7518802923501213,1.0,0.0,1.0,0.0,0.0,1.0,0.0,0.0,0.0,0.0,1.0,0.0,0.0,0
-0.585820895522388,-0.5,0.8666737383725497,0.8002506016689108,0.0,0.0,1.0,0.0,0.0,0.0,0.0,0.0,1.0,0.0,0.0,0.0,1.0,0
-1.041044776119403,0.0,1.0971002318567644,1.120220047210204,-1.0,0.0,0.0,1.0,0.0,1.0,0.0,0.0,0.0,0.0,0.0,0.0,1.0,1
-0.6082089552238806,-0.5,-0.4610785983379211,0.3537860487676205,0.0,0.0,0.0,1.0,0.0,1.0,0.0,0.0,0.0,0.0,1.0,0.0,0.0,0
0.6828358208955224,0.5,-0.6101087550325804,0.05748135166650311,0.0,0.0,0.0,1.0,0.0,1.0,0.0,0.0,0.0,0.0,0.0,1.0,0.0,0
1.1455223880597014,0.0,0.15253148795947982,0.7749457036322583,-1.0,0.0,0.0,0.0,1.0,1.0,0.0,0.0,0.0,0.0,1.0,0.0,0.0,0
-0.8544776119402985,0.0,-0.027259204474802946,-0.8205997145125064,0.0,0.0,0.0,1.0,0.0,0.0,0.0,1.0,0.0,0.0,0.0,1.0,0.0,0
0.7201492537313433,0.0,-0.04972454092416187,-0.4438679356322261,0.0,1.0,0.0,1.0,0.0,0.0,0.0,1.0,0.0,0.0,1.0,0.0,0.0,0
0.7014925373134329,1.5,0.21008647246328327,0.0560917049202115,0.0,0.0,0.0,1.0,0.0,0.0,1.0,0.0,0.0,0.0,0.0,1.0,0.0,1
0.5597014925373134,-1.5,-0.4876306943345316,0.22787821032775374,0.0,0.0,0.0,1.0,0.0,0.0,0.0,1.0,0.0,0.0,0.0,0.0,1.0,0
0.9589552238805971,1.0,-0.37917358162941067,0.6242524255317311,1.0,0.0,0.0,0.0,1.0,1.0,0.0,0.0,0.0,0.0,1.0,0.0,0.0,0
-0.47761194029850745,0.5,0.7353021806076094,-0.7253034357222715,0.0,0.0,0.0,1.0,0.0,1.0,0.0,0.0,0.0,0.0,0.0,1.0,0.0,0
-1.6007462686567164,-1.5,1.4416311149597476,-0.8364094791080466,2.0,0.0,0.0,1.0,0.0,0.0,1.0,0.0,0.0,0.0,0.0,1.0,0.0,1
0.4626865671641791,0.0,-0.2692078940241509,0.24755526492690652,-1.0,1.0,0.0,1.0,0.0,1.0,0.0,0.0,0.0,0.0,1.0,0.0,0.0,1
0.15671641791044777,-0.5,-0.38796398691593303,0.13273077438034692,0.0,0.0,0.0,1.0,0.0,1.0,0.0,0.0,0.0,0.0,0.0,0.0,1.0,0
-0.06716417910447761,-1.5,0.48645399136326833,0.08959071312143574,0.0,0.0,0.0,1.0,0.0,1.0,0.0,0.0,0.0,0.0,1.0,0.0,0.0,1
-0.7686567164179104,0.0,-0.5652025216283778,-0.4627093111954241,2.0,0.0,0.0,1.0,0.0,1.0,0.0,0.0,0.0,0.0,0.0,1.0,0.0,1
0.5708955223880597,1.0,1.2472216063019779,-1.0189569949194626,2.0,1.0,0.0,1.0,0.0,0.0,0.0,1.0,0.0,0.0,1.0,0.0,0.0,1
-0.5186567164179104,0.0,-0.4102556431930442,-0.18247889659996003,2.0,0.0,0.0,1.0,0.0,0.0,0.0,1.0,0.0,0.0,1.0,0.0,0.0,1
-0.5932835820895522,-1.0,0.8435980726099632,-0.3880791497451898,1.0,0.0,0.0,0.0,1.0,0.0,0.0,1.0,0.0,0.0,1.0,0.0,0.0,1
0.19029850746268656,-1.5,-0.25697222792236457,-0.4410503250985137,1.0,0.0,0.0,1.0,0.0,1.0,0.0,0.0,0.0,0.0,0.0,1.0,0.0,0
0.6380597014925373,0.0,-0.17649523522728122,0.4809827653890775,0.0,0.0,0.0,0.0,1.0,1.0,0.0,0.0,0.0,0.0,0.0,1.0,0.0,0
0.8843283582089553,-0.5,-0.25959827178125694,-0.21516209599445205,1.0,1.0,0.0,1.0,0.0,1.0,0.0,0.0,0.0,0.0,1.0,0.0,0.0,0
0.13805970149253732,0.0,0.6727180939332779,0.01572271265387986,0.0,0.0,0.0,1.0,0.0,0.0,1.0,0.0,0.0,0.0,1.0,0.0,0.0,0
-0.6716417910447762,-0.5,2.7447097260171485,1.579801516923447,0.0,0.0,0.0,0.0,1.0,1.0,0.0,0.0,0.0,0.0,1.0,0.0,0.0,1
0.2798507462686567,1.0,-0.25174812487492765,0.6536408876599659,1.0,1.0,0.0,1.0,0.0,0.0,0.0,0.0,1.0,0.0,1.0,0.0,0.0,0
-1.6194029850746268,-1.5,-0.6078448010889859,1.0965828063458263,1.0,1.0,0.0,1.0,0.0,1.0,0.0,0.0,0.0,0.0,0.0,0.0,1.0,1
0.20522388059701493,0.5,0.394352593519966,-0.19310574758995824,0.0,0.0,0.0,1.0,0.0,1.0,0.0,0.0,0.0,0.0,1.0,0.0,0.0,0
0.5447761194029851,0.0,0.4915943419033829,-0.04949584207213504,1.0,0.0,0.0,1.0,0.0,1.0,0.0,0.0,0.0,0.0,1.0,0.0,0.0,0
-0.6940298507462687,0.5,0.6161654302698987,0.9078054926203212,-1.0,0.0,0.0,0.0,1.0,0.0,0.0,1.0,0.0,0.0,0.0,0.0,1.0,0
-0.6156716417910447,-0.5,0.11023030924038538,-0.579485615446475,-1.0,0.0,0.0,1.0,0.0,0.0,1.0,0.0,0.0,0.0,0.0,1.0,0.0,0
-0.4664179104477612,0.5,1.5156957951682044,-0.45220043715656116,2.0,1.0,0.0,1.0,0.0,0.0,0.0,0.0,0.0,1.0,0.0,1.0,0.0,1
1.2835820895522387,-0.5,-0.2934251503925288,-0.35667733712765654,1.0,0.0,0.0,1.0,0.0,0.0,1.0,0.0,0.0,0.0,1.0,0.0,0.0,0
0.9253731343283582,-1.5,0.1286849500595718,-0.5862447763189845,1.0,0.0,0.0,1.0,0.0,0.0,0.0,0.0,1.0,0.0,1.0,0.0,0.0,0
-1.041044776119403,0.5,2.279443344778305,-0.4699070661063753,-1.0,0.0,1.0,0.0,0.0,1.0,0.0,0.0,0.0,0.0,1.0,0.0,0.0,0
-0.1828358208955224,-1.0,1.0882379691232973,1.7206757969526445,0.0,1.0,0.0,0.0,1.0,0.0,0.0,0.0,1.0,0.0,1.0,0.0,0.0,1
0.7201492537313433,0.5,-0.6217278394225659,-0.5831195423511291,1.0,0.0,0.0,0.0,1.0,0.0,1.0,0.0,0.0,0.0,1.0,0.0,0.0,0
0.20522388059701493,-1.0,0.42812788520079437,1.6774987474905272,0.0,0.0,0.0,1.0,0.0,0.0,1.0,0.0,0.0,0.0,0.0,1.0,0.0,1
-0.007462686567164179,-0.5,-0.18418493606109046,-0.6581276109258115,1.0,0.0,0.0,1.0,0.0,0.0,1.0,0.0,0.0,0.0,1.0,0.0,0.0,0
-0.7276119402985075,0.0,-0.5980806859382624,-0.21304857766258575,1.0,0.0,0.0,1.0,0.0,0.0,0.0,0.0,1.0,0.0,1.0,0.0,0.0,0
-0.5597014925373134,1.5,1.2371627507560077,0.6241781318441711,-1.0,0.0,0.0,1.0,0.0,1.0,0.0,0.0,0.0,0.0,0.0,1.0,0.0,1
-0.08955223880597014,0.0,-0.48483782996384844,0.587436800043877,0.0,0.0,0.0,1.0,0.0,1.0,0.0,0.0,0.0,0.0,1.0,0.0,0.0,1
-0.6567164179104478,1.0,-0.2581413773524423,-0.5386333085716186,1.0,0.0,0.0,1.0,0.0,1.0,0.0,0.0,0.0,0.0,0.0,1.0,0.0,1
-1.0,0.5,0.7879059905051399,-0.3871323994259873,0.0,0.0,0.0,1.0,0.0,0.0,0.0,1.0,0.0,0.0,0.0,0.0,1.0,0
0.3246268656716418,0.0,0.21443593155695329,-0.6855803023533966,1.0,0.0,0.0,1.0,0.0,0.0,0.0,0.0,1.0,0.0,1.0,0.0,0.0,0
0.29850746268656714,0.5,-0.0931765538036637,-0.7600552928447828,0.0,0.0,0.0,0.0,1.0,0.0,0.0,1.0,0.0,0.0,0.0,1.0,0.0,0
-0.48507462686567165,-1.0,1.0168620642057782,-0.864968891159236,1.0,0.0,0.0,1.0,0.0,0.0,0.0,1.0,0.0,0.0,0.0,1.0,0.0,0
-1.1119402985074627,-1.0,-0.4733599010537135,1.3456304585370324,1.0,0.0,0.0,1.0,0.0,1.0,0.0,0.0,0.0,0.0,0.0,1.0,0.0,1
-0.3805970149253731,0.0,-0.5764492704439422,0.1480482708214331,0.0,0.0,0.0,0.0,1.0,1.0,0.0,0.0,0.0,0.0,1.0,0.0,0.0,0
0.7238805970149254,0.0,-0.5836777017749957,-0.527236799859589,0.0,0.0,0.0,1.0,0.0,0.0,0.0,0.0,1.0,0.0,1.0,0.0,0.0,0
0.041044776119402986,0.0,0.41112946099565284,1.1228814241460112,2.0,0.0,0.0,0.0,1.0,1.0,0.0,0.0,0.0,0.0,0.0,0.0,1.0,1
-0.3694029850746269,-0.5,-0.004662503919721304,1.0624680328256522,-1.0,0.0,0.0,1.0,0.0,1.0,0.0,0.0,0.0,0.0,0.0,0.0,1.0,0
0.4925373134328358,-1.5,-0.4618282182811612,-0.3536322164827659,3.0,0.0,0.0,1.0,0.0,0.0,0.0,1.0,0.0,0.0,0.0,0.0,1.0,1
0.8731343283582089,-1.0,-0.6047820164229184,-0.3391946447659071,0.0,0.0,0.0,1.0,0.0,1.0,0.0,0.0,0.0,0.0,1.0,0.0,0.0,0
1.6417910447761195,0.0,-0.1370045956659999,0.10963173164715731,1.0,0.0,0.0,1.0,0.0,0.0,1.0,0.0,0.0,0.0,0.0,1.0,0.0,0
0.6865671641791045,-0.5,0.36319259473431476,-0.822553897117892,0.0,0.0,0.0,1.0,0.0,0.0,1.0,0.0,0.0,0.0,1.0,0.0,0.0,0
-1.123134328358209,0.0,-0.46314428058512214,0.5074743195145561,2.0,0.0,0.0,0.0,1.0,0.0,0.0,1.0,0.0,0.0,0.0,0.0,1.0,1
0.917910447761194,0.0,-0.5773314976783568,-0.5466737430941703,0.0,1.0,0.0,1.0,0.0,1.0,0.0,0.0,0.0,0.0,1.0,0.0,0.0,1
-0.5149253731343284,-1.5,-0.05415636752483284,0.10500084773207612,0.0,0.0,0.0,0.0,1.0,0.0,0.0,1.0,0.0,0.0,1.0,0.0,0.0,0
-0.8283582089552238,-1.0,-0.018408838604873072,0.047670914902530344,1.0,0.0,0.0,1.0,0.0,0.0,1.0,0.0,0.0,0.0,1.0,0.0,0.0,0
-0.06343283582089553,0.0,-0.39533557324130836,-0.10852419951425768,1.0,0.0,0.0,1.0,0.0,0.0,1.0,0.0,0.0,0.0,1.0,0.0,0.0,0
0.6007462686567164,-1.0,-0.3078781181358436,-0.1910179667800695,2.0,0.0,0.0,1.0,0.0,0.0,0.0,1.0,0.0,0.0,0.0,1.0,0.0,1
-0.11567164179104478,-1.5,-0.3768227080196642,-0.40953274056715133,1.0,0.0,0.0,1.0,0.0,0.0,0.0,0.0,0.0,1.0,1.0,0.0,0.0,0
0.376865671641791,0.5,-0.5016676492740655,-0.9661837845397641,0.0,0.0,0.0,1.0,0.0,0.0,0.0,0.0,0.0,1.0,1.0,0.0,0.0,1
-0.6940298507462687,2.0,0.48697776402584125,-0.7192525936814192,3.0,0.0,0.0,1.0,0.0,1.0,0.0,0.0,0.0,0.0,1.0,0.0,0.0,1
-0.7238805970149254,-1.5,0.4797524570021454,-0.6908979032059649,1.0,0.0,0.0,1.0,0.0,1.0,0.0,0.0,0.0,0.0,1.0,0.0,0.0,0
0.011194029850746268,0.5,0.04816810025764631,0.23675521785794673,-1.0,0.0,0.0,1.0,0.0,0.0,0.0,0.0,0.0,1.0,1.0,0.0,0.0,1
0.45149253731343286,0.0,0.15944056857257136,-0.6859972311111414,2.0,0.0,0.0,0.0,1.0,0.0,0.0,1.0,0.0,0.0,0.0,0.0,1.0,1
-0.7313432835820896,0.0,-0.36453970654562445,-0.21363365484429372,0.0,0.0,0.0,1.0,0.0,0.0,1.0,0.0,0.0,0.0,1.0,0.0,0.0,0
-0.13805970149253732,0.5,0.11685158801408174,-0.8135938984352616,1.0,1.0,0.0,1.0,0.0,1.0,0.0,0.0,0.0,0.0,0.0,1.0,0.0,0
-0.43283582089552236,2.0,0.11720293836865178,0.6918009287370745,1.0,0.0,0.0,1.0,0.0,0.0,0.0,1.0,0.0,0.0,1.0,0.0,0.0,1
-1.6194029850746268,0.5,-0.285914905859899,-0.6364710820539151,0.0,0.0,0.0,1.0,0.0,0.0,0.0,1.0,0.0,0.0,0.0,1.0,0.0,0
1.3582089552238805,2.0,-0.36091128895233066,1.0437957543481178,3.0,0.0,0.0,1.0,0.0,0.0,1.0,0.0,0.0,0.0,0.0,1.0,0.0,1
1.1902985074626866,-1.5,0.24628904793326015,1.6861354605006573,0.0,0.0,0.0,0.0,1.0,1.0,0.0,0.0,0.0,0.0,0.0,0.0,1.0,1
0.0708955223880597,-1.0,-0.2867189863241692,-0.5596520234433908,0.0,0.0,0.0,1.0,0.0,0.0,0.0,1.0,0.0,0.0,1.0,0.0,0.0,0
0.4925373134328358,-1.0,-0.3359590944437297,-0.47397190451752624,-1.0,0.0,0.0,1.0,0.0,1.0,0.0,0.0,0.0,0.0,0.0,0.0,1.0,0
-0.09701492537313433,0.0,1.0323824201836653,0.8976420015754736,3.0,0.0,1.0,0.0,0.0,1.0,0.0,0.0,0.0,0.0,1.0,0.0,0.0,1
-0.13059701492537312,-0.5,-0.6046798266598552,0.711751370404454,-1.0,0.0,0.0,1.0,0.0,1.0,0.0,0.0,0.0,0.0,0.0,1.0,0.0,0
0.5261194029850746,-1.0,-0.16384438765286397,0.89561152993042,1.0,0.0,0.0,1.0,0.0,1.0,0.0,0.0,0.0,0.0,0.0,1.0,0.0,0
-0.011194029850746268,0.5,0.08220441716661082,-0.7274115167370105,0.0,1.0,0.0,1.0,0.0,1.0,0.0,0.0,0.0,0.0,0.0,1.0,0.0,0
0.753731343283582,0.0,-0.5344520518406595,-0.9325255137340261,1.0,0.0,0.0,0.0,1.0,1.0,0.0,0.0,0.0,0.0,0.0,1.0,0.0,0
0.291044776119403,0.0,0.7258322948500258,-0.3489274211288174,0.0,0.0,0.0,1.0,0.0,1.0,0.0,0.0,0.0,0.0,0.0,1.0,0.0,0
-0.5298507462686567,0.5,-0.20265768479043567,0.08939884167016723,0.0,0.0,0.0,1.0,0.0,1.0,0.0,0.0,0.0,0.0,0.0,0.0,1.0,0
-1.4962686567164178,1.0,-0.2768164911524944,-0.8421704506159967,2.0,0.0,0.0,1.0,0.0,1.0,0.0,0.0,0.0,0.0,1.0,0.0,0.0,1
-1.257462686567164,-1.0,-0.36491873657078555,0.9055220500646197,1.0,0.0,0.0,0.0,1.0,0.0,1.0,0.0,0.0,0.0,0.0,1.0,0.0,0
0.6716417910447762,1.0,0.4042529249190264,-0.699066599149328,1.0,0.0,0.0,1.0,0.0,1.0,0.0,0.0,0.0,0.0,0.0,0.0,1.0,0
-0.3917910447761194,-0.5,0.5814454764027491,0.30402745720573887,0.0,0.0,0.0,1.0,0.0,1.0,0.0,0.0,0.0,0.0,0.0,1.0,0.0,0
0.30970149253731344,-1.5,-0.18011078841136682,-0.6993170572227019,2.0,0.0,0.0,1.0,0.0,1.0,0.0,0.0,0.0,0.0,0.0,0.0,1.0,1
0.5597014925373134,-1.0,-0.3134971327938547,1.030945649895939,1.0,0.0,0.0,0.0,1.0,0.0,1.0,0.0,0.0,0.0,1.0,0.0,0.0,0
-0.5634328358208955,0.0,-0.3602330813318093,-0.8821742467252472,-1.0,0.0,0.0,1.0,0.0,0.0,0.0,1.0,0.0,0.0,0.0,0.0,1.0,1
-0.9888059701492538,-1.0,2.181591941963827,0.4459363568326372,0.0,0.0,0.0,0.0,1.0,1.0,0.0,0.0,0.0,0.0,0.0,0.0,1.0,1
0.5447761194029851,-0.5,0.14478080176934155,-0.28236596723358726,1.0,0.0,0.0,0.0,1.0,1.0,0.0,0.0,0.0,0.0,1.0,0.0,0.0,0
0.4141791044776119,-1.0,0.27997725111940597,0.12435834456722379,0.0,0.0,0.0,1.0,0.0,1.0,0.0,0.0,0.0,0.0,0.0,0.0,1.0,1
0.2873134328358209,-1.5,-0.4493554859834512,-0.7383925966743436,0.0,0.0,0.0,1.0,0.0,1.0,0.0,0.0,0.0,0.0,1.0,0.0,0.0,1
0.17537313432835822,0.5,0.31319660207428573,0.958902203199003,0.0,0.0,0.0,1.0,0.0,0.0,1.0,0.0,0.0,0.0,0.0,0.0,1.0,0
-1.3208955223880596,1.0,-0.45901808458136223,-0.82738999774316,2.0,0.0,0.0,1.0,0.0,1.0,0.0,0.0,0.0,0.0,0.0,0.0,1.0,1
-0.9067164179104478,0.5,0.24926376815642765,0.9947683644378394,1.0,1.0,0.0,1.0,0.0,1.0,0.0,0.0,0.0,0.0,0.0,1.0,0.0,0
-0.09328358208955224,-0.5,2.3281348432318545,-0.10365989983247804,1.0,0.0,0.0,1.0,0.0,1.0,0.0,0.0,0.0,0.0,1.0,0.0,0.0,0
0.8208955223880597,-1.0,-0.4222128192001255,-0.13654942111685744,0.0,0.0,0.0,1.0,0.0,1.0,0.0,0.0,0.0,0.0,0.0,0.0,1.0,0
1.1417910447761195,0.5,0.3511240609631455,0.5509165922867385,0.0,0.0,0.0,1.0,0.0,1.0,0.0,0.0,0.0,0.0,1.0,0.0,0.0,1
-0.5410447761194029,-0.5,-0.12059870079860366,0.7146488738473511,1.0,0.0,0.0,1.0,0.0,0.0,1.0,0.0,0.0,0.0,0.0,0.0,1.0,0
-0.1791044776119403,1.5,-0.5025723766519223,-0.5454472687806345,3.0,0.0,0.0,1.0,0.0,1.0,0.0,0.0,0.0,0.0,0.0,1.0,0.0,1
-0.20522388059701493,0.0,-0.6217278394225659,-0.5378775532362599,1.0,0.0,0.0,1.0,0.0,1.0,0.0,0.0,0.0,0.0,0.0,1.0,0.0,0
1.0746268656716418,-1.0,-0.6001847238473493,-0.6734751548396635,0.0,0.0,0.0,1.0,0.0,1.0,0.0,0.0,0.0,0.0,0.0,0.0,1.0,0
-1.2985074626865671,0.0,0.7318627297336169,0.2125098233434547,0.0,0.0,0.0,1.0,0.0,1.0,0.0,0.0,0.0,0.0,0.0,0.0,1.0,0
-0.7835820895522388,0.0,-0.22184427477102095,0.23896910566083668,0.0,0.0,0.0,1.0,0.0,0.0,1.0,0.0,0.0,0.0,1.0,0.0,0.0,0
-1.4514925373134329,-0.5,0.314601302823431,0.7280619197713172,1.0,0.0,0.0,0.0,1.0,0.0,0.0,1.0,0.0,0.0,0.0,0.0,1.0,0
0.7723880597014925,0.5,-0.2948459740833253,1.0002315212760509,1.0,0.0,0.0,0.0,1.0,0.0,1.0,0.0,0.0,0.0,0.0,0.0,1.0,0
-0.746268656716418,-1.5,0.9340478803359219,-0.16842555964238898,3.0,0.0,0.0,1.0,0.0,0.0,0.0,1.0,0.0,0.0,0.0,0.0,1.0,1
0.3656716417910448,-0.5,1.4255016667759013,-0.020829123134235936,0.0,0.0,0.0,1.0,0.0,1.0,0.0,0.0,0.0,0.0,0.0,1.0,0.0,0
1.7388059701492538,-0.5,-0.6067721632123363,0.9359717142124859,1.0,0.0,0.0,1.0,0.0,0.0,1.0,0.0,0.0,0.0,0.0,0.0,1.0,0
0.8544776119402985,-1.0,0.5925200344255706,0.5859285985841052,1.0,0.0,0.0,0.0,1.0,0.0,1.0,0.0,0.0,0.0,1.0,0.0,0.0,1
0.23507462686567165,1.5,0.012974672142384637,-0.09628183441794778,-1.0,0.0,0.0,1.0,0.0,0.0,0.0,1.0,0.0,0.0,0.0,0.0,1.0,1
0.15671641791044777,-0.5,0.46453501762961535,-0.6436967773997311,0.0,0.0,0.0,1.0,0.0,1.0,0.0,0.0,0.0,0.0,1.0,0.0,0.0,0
1.7682089552238844,0.0,0.7463752478128848,-0.7057277494102976,0.0,0.0,0.0,1.0,0.0,0.0,0.0,0.0,0.0,1.0,1.0,0.0,0.0,1
0.30597014925373134,1.0,-0.0018569007677993418,0.1388528436590924,1.0,0.0,1.0,0.0,0.0,1.0,0.0,0.0,0.0,0.0,0.0,1.0,0.0,1
-1.25,1.5,0.5893701876335635,-0.8879562162022618,0.0,1.0,0.0,1.0,0.0,0.0,0.0,1.0,0.0,0.0,1.0,0.0,0.0,1
-1.6194029850746268,-1.0,-0.3220547963907178,0.6434451144339058,0.0,0.0,0.0,1.0,0.0,0.0,1.0,0.0,0.0,0.0,1.0,0.0,0.0,0
0.03731343283582089,0.5,1.1952555799174307,0.7583152227629743,-1.0,0.0,0.0,1.0,0.0,0.0,1.0,0.0,0.0,0.0,0.0,1.0,0.0,0
0.43656716417910446,0.0,-0.4359967946780215,1.1946267604184369,0.0,0.0,0.0,1.0,0.0,1.0,0.0,0.0,0.0,0.0,1.0,0.0,0.0,1
0.4552238805970149,-0.5,0.1333210849947679,0.37690308338915035,1.0,0.0,0.0,1.0,0.0,1.0,0.0,0.0,0.0,0.0,1.0,0.0,0.0,0
-1.4365671641791045,-1.0,1.3987000875484363,1.031174230860429,1.0,0.0,0.0,1.0,0.0,1.0,0.0,0.0,0.0,0.0,0.0,1.0,0.0,0
0.43656716417910446,0.0,0.9651749067909644,1.1159366487764724,2.0,0.0,0.0,1.0,0.0,0.0,0.0,0.0,0.0,1.0,0.0,1.0,0.0,1
0.4626865671641791,2.0,-0.5793593468964734,-0.04547537806168443,0.0,0.0,0.0,1.0,0.0,1.0,0.0,0.0,0.0,0.0,0.0,1.0,0.0,1
-0.5447761194029851,1.0,-0.6024907253419636,-0.3465685327889223,1.0,0.0,0.0,0.0,1.0,0.0,0.0,1.0,0.0,0.0,1.0,0.0,0.0,0
0.2947761194029851,0.5,-0.11971811406047174,1.2700185641992743,2.0,0.0,0.0,1.0,0.0,0.0,1.0,0.0,0.0,0.0,0.0,0.0,1.0,1
-0.31716417910447764,0.0,-0.05538357003123763,1.2057533442209794,1.0,0.0,0.0,1.0,0.0,1.0,0.0,0.0,0.0,0.0,0.0,0.0,1.0,1
-0.9925373134328358,0.5,0.2475227270119837,0.45821661887819687,0.0,0.0,1.0,0.0,0.0,1.0,0.0,0.0,0.0,0.0,1.0,0.0,0.0,0
-0.4701492537313433,-1.0,-0.5229168708446706,-0.785164178616698,1.0,0.0,0.0,1.0,0.0,0.0,0.0,1.0,0.0,0.0,1.0,0.0,0.0,0
0.14925373134328357,-1.0,-0.29309009475802067,0.5286151663468455,1.0,0.0,0.0,0.0,1.0,1.0,0.0,0.0,0.0,0.0,0.0,1.0,0.0,0
-0.5783582089552238,-0.5,-0.47326744301832613,-0.3604647093182335,3.0,0.0,0.0,1.0,0.0,1.0,0.0,0.0,0.0,0.0,1.0,0.0,0.0,1
0.48880597014925375,1.0,-0.07123870362346936,-0.32432473952877944,1.0,0.0,0.0,1.0,0.0,1.0,0.0,0.0,0.0,0.0,0.0,1.0,0.0,0
-0.753731343283582,-1.5,-0.022307663477127145,0.15880487739988175,1.0,0.0,0.0,1.0,0.0,0.0,1.0,0.0,0.0,0.0,0.0,1.0,0.0,1
-1.6007462686567164,-1.0,0.11415963639944728,0.21241720672967265,0.0,0.0,0.0,1.0,0.0,0.0,0.0,1.0,0.0,0.0,0.0,1.0,0.0,0
-1.6194029850746268,0.0,0.4460453320179478,0.5165727715921324,1.0,1.0,0.0,0.0,1.0,0.0,0.0,1.0,0.0,0.0,1.0,0.0,0.0,0
0.21641791044776118,-0.5,1.353636831157317,-0.0887693617869299,0.0,0.0,0.0,1.0,0.0,0.0,1.0,0.0,0.0,0.0,0.0,1.0,0.0,0
1.6865671641791045,0.5,-0.39252221522206054,-0.652878831096993,0.0,0.0,1.0,0.0,0.0,0.0,0.0,0.0,0.0,1.0,0.0,0.0,1.0,1
-0.41044776119402987,-0.5,-0.5523842403118248,0.4125938120792139,1.0,0.0,0.0,1.0,0.0,1.0,0.0,0.0,0.0,0.0,0.0,1.0,0.0,0
-0.022388059701492536,0.5,0.005430108237213002,-1.0010939087489734,0.0,0.0,1.0,0.0,0.0,1.0,0.0,0.0,0.0,0.0,0.0,1.0,0.0,0
0.10074626865671642,0.5,-0.5089343435903686,-0.6082180172139205,-1.0,0.0,0.0,0.0,1.0,0.0,0.0,1.0,0.0,0.0,1.0,0.0,0.0,0
-0.08955223880597014,0.0,-0.16869314671399072,0.7192684928450078,1.0,0.0,0.0,1.0,0.0,0.0,1.0,0.0,0.0,0.0,0.0,1.0,0.0,0
-0.43283582089552236,2.5,0.6103191165439251,1.3543878202073099,1.0,1.0,0.0,1.0,0.0,1.0,0.0,0.0,0.0,0.0,0.0,0.0,1.0,1
-0.44776119402985076,1.0,0.12247218897403422,0.38631978032347397,-1.0,0.0,0.0,1.0,0.0,1.0,0.0,0.0,0.0,0.0,1.0,0.0,0.0,0
-1.2723880597014925,0.5,-0.2525815002984776,-0.39283345669485253,-1.0,0.0,0.0,1.0,0.0,0.0,1.0,0.0,0.0,0.0,1.0,0.0,0.0,0
0.20522388059701493,0.5,0.05785845868961094,0.2352224447952861,-1.0,0.0,1.0,0.0,0.0,1.0,0.0,0.0,0.0,0.0,0.0,1.0,0.0,1
-0.1828358208955224,0.5,-0.4085095223047031,0.9379855113173576,1.0,0.0,0.0,0.0,1.0,1.0,0.0,0.0,0.0,0.0,0.0,1.0,0.0,1
-0.1791044776119403,1.5,-0.5861601759578203,0.9038256101246063,1.0,1.0,0.0,0.0,1.0,1.0,0.0,0.0,0.0,0.0,1.0,0.0,0.0,1
1.0149253731343284,2.5,0.8861866475780394,0.0021950128749064234,0.0,1.0,0.0,0.0,1.0,0.0,0.0,1.0,0.0,0.0,1.0,0.0,0.0,1
-1.1679104477611941,-1.0,0.09430073612557097,-0.21077768354239204,-1.0,0.0,0.0,1.0,0.0,0.0,0.0,1.0,0.0,0.0,1.0,0.0,0.0,1
0.5111940298507462,1.0,0.609082538896399,0.3266386123221224,1.0,0.0,0.0,1.0,0.0,1.0,0.0,0.0,0.0,0.0,1.0,0.0,0.0,0
0.026119402985074626,-0.5,-0.11056451867196117,1.460139432819408,0.0,0.0,0.0,1.0,0.0,1.0,0.0,0.0,0.0,0.0,0.0,1.0,0.0,1
0.33955223880597013,0.0,0.23358572114341886,-0.5713755005193759,1.0,0.0,0.0,0.0,1.0,1.0,0.0,0.0,0.0,0.0,0.0,1.0,0.0,0
0.7649253731343284,1.0,-0.6158871245112381,-0.2283817793534679,1.0,1.0,0.0,1.0,0.0,1.0,0.0,0.0,0.0,0.0,1.0,0.0,0.0,1
0.7947761194029851,-0.5,-0.20589600544855505,-0.21884059519575993,1.0,1.0,0.0,1.0,0.0,1.0,0.0,0.0,0.0,0.0,1.0,0.0,0.0,0
-0.07835820895522388,-0.5,-0.06905062758635658,0.8257446706122606,1.0,0.0,0.0,1.0,0.0,0.0,0.0,1.0,0.0,0.0,1.0,0.0,0.0,0
-0.6753731343283582,-1.0,0.39185237306174864,-0.38642764239251565,1.0,1.0,0.0,1.0,0.0,0.0,1.0,0.0,0.0,0.0,1.0,0.0,0.0,0
-0.15298507462686567,0.0,1.069064760951264,-0.15986402582224993,2.0,0.0,0.0,1.0,0.0,0.0,1.0,0.0,0.0,0.0,1.0,0.0,0.0,1
-0.7947761194029851,1.0,0.04103921891717991,-0.7126694793571715,0.0,0.0,0.0,0.0,1.0,0.0,0.0,1.0,0.0,0.0,0.0,0.0,1.0,0
0.44776119402985076,0.5,1.19010738138629,0.7531789575533262,1.0,1.0,0.0,1.0,0.0,0.0,0.0,1.0,0.0,0.0,0.0,0.0,1.0,1
-0.7910447761194029,0.5,-0.328830445652424,-0.802138241661606,0.0,0.0,0.0,1.0,0.0,1.0,0.0,0.0,0.0,0.0,0.0,0.0,1.0,0
0.26865671641791045,-1.5,0.6363520313315038,0.3104929899115481,0.0,1.0,0.0,1.0,0.0,0.0,0.0,1.0,0.0,0.0,0.0,0.0,1.0,0
0.4962686567164179,-1.5,-0.32534919474697227,-0.7412892426061372,1.0,0.0,0.0,1.0,0.0,0.0,1.0,0.0,0.0,0.0,0.0,1.0,0.0,1
0.5186567164179104,-1.0,0.30884135238297183,-0.6434840658541864,0.0,0.0,0.0,1.0,0.0,0.0,1.0,0.0,0.0,0.0,1.0,0.0,0.0,0
-0.1828358208955224,-1.5,1.690764041686419,0.010075223172621718,1.0,0.0,0.0,1.0,0.0,0.0,1.0,0.0,0.0,0.0,1.0,0.0,0.0,0
0.26492537313432835,-1.0,-0.13703402153604133,-0.012171401520933383,1.0,0.0,0.0,1.0,0.0,1.0,0.0,0.0,0.0,0.0,0.0,1.0,0.0,0
-0.2798507462686567,-0.5,-0.6217278394225659,-0.22504904659670574,0.0,1.0,0.0,1.0,0.0,1.0,0.0,0.0,0.0,0.0,0.0,1.0,0.0,0
-0.4925373134328358,2.5,-0.5359424574131803,0.7143033875647417,0.0,0.0,0.0,0.0,1.0,1.0,0.0,0.0,0.0,0.0,1.0,0.0,0.0,1
-0.8395522388059702,0.5,0.4008415045011461,0.4679574379931409,0.0,0.0,0.0,1.0,0.0,1.0,0.0,0.0,0.0,0.0,1.0,0.0,0.0,0
0.9552238805970149,-1.0,0.5065581992618323,-0.3363462129030766,0.0,1.0,0.0,1.0,0.0,1.0,0.0,0.0,0.0,0.0,0.0,0.0,1.0,0
-0.417910447761194,0.0,0.6410397208380602,1.6508864302486368,1.0,0.0,0.0,0.0,1.0,0.0,0.0,1.0,0.0,0.0,0.0,0.0,1.0,1
-0.7052238805970149,2.0,-0.1796956322880708,1.0605226862532606,3.0,0.0,0.0,1.0,0.0,1.0,0.0,0.0,0.0,0.0,0.0,1.0,0.0,1
0.2537313432835821,-1.5,0.69317755534103,-0.0313210701161872,2.0,0.0,0.0,0.0,1.0,1.0,0.0,0.0,0.0,0.0,1.0,0.0,0.0,1
0.09701492537313433,2.0,0.21526657672578706,-0.18149374348290925,0.0,0.0,0.0,0.0,1.0,1.0,0.0,0.0,0.0,0.0,0.0,0.0,1.0,1
1.7014925373134329,0.5,-0.243642827347167,-0.8461368858489206,1.0,1.0,0.0,1.0,0.0,0.0,0.0,0.0,1.0,0.0,0.0,1.0,0.0,0
-1.0634328358208955,-1.0,-0.3792737522578431,1.2365402943650865,0.0,0.0,1.0,0.0,0.0,1.0,0.0,0.0,0.0,0.0,1.0,0.0,0.0,1
-1.1567164179104477,-0.5,-0.4316626773989413,0.24309177990444772,0.0,1.0,0.0,1.0,0.0,1.0,0.0,0.0,0.0,0.0,0.0,0.0,1.0,0
-0.30597014925373134,-0.5,-0.5982726336498505,-0.6126180378961832,-1.0,1.0,0.0,0.0,1.0,0.0,0.0,1.0,0.0,0.0,0.0,0.0,1.0,0
1.3097014925373134,0.0,0.27567368337693304,0.14333181325826197,1.0,0.0,0.0,0.0,1.0,0.0,0.0,1.0,0.0,0.0,1.0,0.0,0.0,0
1.3843283582089552,0.5,-0.333139267374685,0.40601124253653553,-1.0,0.0,0.0,1.0,0.0,0.0,1.0,0.0,0.0,0.0,0.0,1.0,0.0,0
-0.48134328358208955,-1.0,-0.39071577121131695,0.49933134286192943,1.0,0.0,0.0,1.0,0.0,1.0,0.0,0.0,0.0,0.0,1.0,0.0,0.0,0
-1.1604477611940298,0.5,0.5305297903589917,-0.9739848458888782,0.0,0.0,0.0,0.0,1.0,0.0,0.0,0.0,0.0,1.0,1.0,0.0,0.0,1
-1.123134328358209,1.5,-0.5116687163119469,0.48995234797334297,1.0,0.0,0.0,1.0,0.0,0.0,1.0,0.0,0.0,0.0,1.0,0.0,0.0,1
0.2947761194029851,1.5,-0.3908978651904013,-0.4829673366315795,-1.0,1.0,0.0,0.0,1.0,0.0,0.0,1.0,0.0,0.0,0.0,1.0,0.0,1
0.4626865671641791,0.0,-0.4567767822518175,0.49302923651638497,0.0,0.0,0.0,1.0,0.0,1.0,0.0,0.0,0.0,0.0,0.0,0.0,1.0,0
1.044776119402985,-1.0,0.6770003077370949,0.9241466742771118,3.0,0.0,0.0,1.0,0.0,1.0,0.0,0.0,0.0,0.0,0.0,1.0,0.0,1
1.3134328358208955,0.0,-0.5069497343334561,-0.8808391541444709,0.0,1.0,0.0,1.0,0.0,1.0,0.0,0.0,0.0,0.0,0.0,1.0,0.0,0
0.029850746268656716,1.5,2.552624793954364,-0.06311070272195363,-1.0,1.0,0.0,0.0,1.0,1.0,0.0,0.0,0.0,0.0,1.0,0.0,0.0,1
-0.43283582089552236,1.0,1.5769242151383187,0.8875595424365574,-1.0,0.0,0.0,1.0,0.0,1.0,0.0,0.0,0.0,0.0,0.0,1.0,0.0,0
-1.078358208955224,-1.5,0.7397794427329631,0.6118555542876274,0.0,0.0,1.0,0.0,0.0,1.0,0.0,0.0,0.0,0.0,1.0,0.0,0.0,0
-0.31716417910447764,-0.5,-0.3473557439352177,0.2378174035723456,1.0,0.0,0.0,1.0,0.0,0.0,0.0,0.0,0.0,1.0,0.0,1.0,0.0,0
-0.503731343283582,-0.5,-0.5664089297081031,0.896462187469034,-1.0,0.0,0.0,1.0,0.0,1.0,0.0,0.0,0.0,0.0,1.0,0.0,0.0,0
0.23880597014925373,1.0,0.6730356085403593,-0.6876968951530882,1.0,0.0,0.0,1.0,0.0,1.0,0.0,0.0,0.0,0.0,1.0,0.0,0.0,0
-0.376865671641791,-0.5,0.8513646519549676,-0.584258419734628,0.0,0.0,0.0,0.0,1.0,0.0,0.0,1.0,0.0,0.0,1.0,0.0,0.0,0
0.19029850746268656,-1.0,0.5859607049422838,-0.3165399025330317,1.0,0.0,0.0,1.0,0.0,1.0,0.0,0.0,0.0,0.0,0.0,1.0,0.0,0
-1.5597014925373134,0.5,0.16725849308034232,-0.383076446476826,0.0,0.0,0.0,1.0,0.0,1.0,0.0,0.0,0.0,0.0,1.0,0.0,0.0,0
-1.1753731343283582,0.0,0.2939149310067949,0.4705770293423507,0.0,0.0,0.0,1.0,0.0,1.0,0.0,0.0,0.0,0.0,0.0,0.0,1.0,0
0.1791044776119403,-1.0,0.06454505816378416,0.7473774395017573,0.0,0.0,0.0,1.0,0.0,0.0,0.0,0.0,0.0,1.0,1.0,0.0,0.0,0
0.47761194029850745,1.0,0.40461986448329845,-0.5219384283339148,0.0,0.0,0.0,1.0,0.0,1.0,0.0,0.0,0.0,0.0,1.0,0.0,0.0,0
1.0261194029850746,-1.0,0.1457716355966638,-0.5620166065718464,0.0,0.0,0.0,1.0,0.0,0.0,0.0,1.0,0.0,0.0,0.0,1.0,0.0,0
0.4925373134328358,0.5,0.34861238095892244,-0.5603424860805943,0.0,0.0,0.0,1.0,0.0,0.0,0.0,0.0,0.0,1.0,1.0,0.0,0.0,1
0.16417910447761194,0.5,-0.6119940454813996,-0.014615091284920504,0.0,1.0,0.0,0.0,1.0,0.0,0.0,1.0,0.0,0.0,1.0,0.0,0.0,0
0.04477611940298507,0.0,3.210577875512539,-0.03177586666591428,0.0,1.0,0.0,0.0,1.0,1.0,0.0,0.0,0.0,0.0,1.0,0.0,0.0,1
-0.3805970149253731,0.0,-0.3839088516512582,-0.2991581894834226,1.0,0.0,0.0,0.0,1.0,1.0,0.0,0.0,0.0,0.0,1.0,0.0,0.0,0
0.291044776119403,-1.5,0.5528180548587729,-0.3111424094787118,0.0,0.0,0.0,1.0,0.0,1.0,0.0,0.0,0.0,0.0,0.0,1.0,0.0,0
1.4664179104477613,-1.0,2.125868090479276,0.1877339141389371,2.0,1.0,0.0,1.0,0.0,1.0,0.0,0.0,0.0,0.0,0.0,1.0,0.0,1
-0.2873134328358209,1.5,-0.17739992207231994,0.2443186492909794,-1.0,0.0,1.0,0.0,0.0,0.0,1.0,0.0,0.0,0.0,1.0,0.0,0.0,1
-0.41044776119402987,1.0,-0.20252138837573158,-1.0484020935854035,1.0,0.0,1.0,0.0,0.0,1.0,0.0,0.0,0.0,0.0,1.0,0.0,0.0,0
0.5186567164179104,-1.0,0.019071041500876292,0.502231033857477,1.0,0.0,1.0,0.0,0.0,0.0,0.0,1.0,0.0,0.0,0.0,1.0,0.0,0
0.14925373134328357,0.0,-0.23758820160281993,-0.4214408621275465,0.0,0.0,0.0,1.0,0.0,0.0,0.0,1.0,0.0,0.0,0.0,0.0,1.0,0
-0.3656716417910448,0.5,-0.2227356061418061,1.5732933773487885,-1.0,0.0,0.0,1.0,0.0,1.0,0.0,0.0,0.0,0.0,1.0,0.0,0.0,1
-0.7985074626865671,-1.5,0.9015902037872952,-0.3728500786978022,0.0,0.0,0.0,1.0,0.0,1.0,0.0,0.0,0.0,0.0,0.0,1.0,0.0,0
-0.29850746268656714,-1.0,0.027923756454564692,-0.057522677585145246,0.0,1.0,1.0,0.0,0.0,1.0,0.0,0.0,0.0,0.0,0.0,1.0,0.0,0
0.4962686567164179,-0.5,-0.44286998899374524,-0.4071823846005808,0.0,0.0,0.0,1.0,0.0,1.0,0.0,0.0,0.0,0.0,1.0,0.0,0.0,0
0.05223880597014925,2.5,0.3612009045743619,1.2048213806314874,-1.0,0.0,0.0,0.0,1.0,1.0,0.0,0.0,0.0,0.0,1.0,0.0,0.0,1
0.3246268656716418,0.0,1.1164335809919481,0.675896500973709,-1.0,0.0,0.0,1.0,0.0,0.0,1.0,0.0,0.0,0.0,0.0,0.0,1.0,0
-0.7388059701492538,1.0,1.2060657546795968,-0.5002889763456075,1.0,0.0,0.0,1.0,0.0,0.0,1.0,0.0,0.0,0.0,0.0,0.0,1.0,0
-0.5559701492537313,0.0,-0.2445708164626759,1.041398190220316,0.0,1.0,0.0,1.0,0.0,0.0,0.0,0.0,0.0,1.0,1.0,0.0,0.0,1
0.8992537313432836,-1.5,-0.41528579570654217,1.0045535362488187,-1.0,0.0,0.0,1.0,0.0,0.0,0.0,0.0,1.0,0.0,1.0,0.0,0.0,0
0.10820895522388059,0.0,0.9558824584307928,-0.9285039471043184,-1.0,0.0,0.0,0.0,1.0,0.0,0.0,1.0,0.0,0.0,1.0,0.0,0.0,0
-0.208955223880597,1.0,-0.043501183121375284,0.23520423704144353,1.0,0.0,0.0,1.0,0.0,1.0,0.0,0.0,0.0,0.0,1.0,0.0,0.0,1
-1.6194029850746268,0.0,1.3179805853388564,-0.4989148946384057,0.0,0.0,0.0,1.0,0.0,1.0,0.0,0.0,0.0,0.0,0.0,0.0,1.0,1
-0.1044776119402985,2.0,1.7424373837521754,0.015005723033027166,1.0,0.0,0.0,0.0,1.0,1.0,0.0,0.0,0.0,0.0,1.0,0.0,0.0,1
-0.4664179104477612,2.0,-0.4370408194267344,-0.37660421830781526,1.0,0.0,0.0,0.0,1.0,0.0,1.0,0.0,0.0,0.0,0.0,0.0,1.0,1
-1.3805970149253732,0.5,-0.5854663277758891,0.9467323061208645,0.0,0.0,0.0,0.0,1.0,0.0,0.0,1.0,0.0,0.0,0.0,1.0,0.0,0
0.7276119402985075,-0.5,0.13334583761208527,0.7129377320891863,1.0,0.0,0.0,1.0,0.0,0.0,0.0,1.0,0.0,0.0,1.0,0.0,0.0,0
0.664179104477612,-0.5,0.1589996217229546,-0.9847051638145347,0.0,0.0,0.0,1.0,0.0,1.0,0.0,0.0,0.0,0.0,1.0,0.0,0.0,0
-1.0820895522388059,0.0,1.388884397497318,0.19927879711217997,1.0,1.0,0.0,1.0,0.0,0.0,0.0,1.0,0.0,0.0,1.0,0.0,0.0,1
0.22761194029850745,1.0,-0.23542370502926266,0.31070273348882543,2.0,0.0,0.0,0.0,1.0,0.0,1.0,0.0,0.0,0.0,0.0,0.0,1.0,1
0.31716417910447764,-1.0,2.8023779398814135,0.18232145801484967,1.0,0.0,0.0,0.0,1.0,1.0,0.0,0.0,0.0,0.0,0.0,1.0,0.0,0
-0.9626865671641791,-0.5,0.4137781568295972,-0.12701000398088616,1.0,1.0,0.0,1.0,0.0,0.0,1.0,0.0,0.0,0.0,1.0,0.0,0.0,0
-0.1791044776119403,-1.5,-0.6217278394225659,0.15452227880413003,1.0,0.0,0.0,1.0,0.0,0.0,1.0,0.0,0.0,0.0,1.0,0.0,0.0,0
0.45149253731343286,0.5,-0.38275765894063485,-1.001210870639964,1.0,0.0,0.0,0.0,1.0,1.0,0.0,0.0,0.0,0.0,1.0,0.0,0.0,0
0.6082089552238806,0.0,-0.012648552088063566,-0.12485217150008998,2.0,1.0,0.0,1.0,0.0,0.0,1.0,0.0,0.0,0.0,1.0,0.0,0.0,1
1.6567164179104477,-0.5,1.009323894985383,0.4515118288937135,1.0,0.0,0.0,1.0,0.0,0.0,1.0,0.0,0.0,0.0,1.0,0.0,0.0,1
0.7238805970149254,-1.0,-0.5653879459995366,-0.40037191416830814,2.0,1.0,0.0,0.0,1.0,0.0,0.0,1.0,0.0,0.0,0.0,1.0,0.0,1
-0.055970149253731345,-1.0,0.04986650272043357,-0.24197977554963432,-1.0,0.0,0.0,1.0,0.0,1.0,0.0,0.0,0.0,0.0,1.0,0.0,0.0,1
0.9029850746268657,-1.0,1.8748015431365777,0.279663071997467,0.0,0.0,0.0,1.0,0.0,0.0,1.0,0.0,0.0,0.0,0.0,1.0,0.0,1
0.25,-0.5,-0.22283849687714277,-0.7663718138567476,0.0,0.0,0.0,0.0,1.0,0.0,0.0,1.0,0.0,0.0,0.0,1.0,0.0,0
-0.41044776119402987,-1.5,1.2959671030171813,0.5474575654773187,1.0,0.0,0.0,0.0,1.0,1.0,0.0,0.0,0.0,0.0,1.0,0.0,0.0,0
-0.44776119402985076,0.5,-0.25064035820592917,0.7864278245585032,2.0,0.0,0.0,1.0,0.0,0.0,0.0,0.0,0.0,1.0,0.0,0.0,1.0,1
0.6716417910447762,0.0,-0.05082255706408499,-0.6266554979140292,1.0,0.0,0.0,0.0,1.0,1.0,0.0,0.0,0.0,0.0,1.0,0.0,0.0,0
-0.4291044776119403,-0.5,0.3170551064720469,0.20724092471839808,0.0,1.0,0.0,0.0,1.0,1.0,0.0,0.0,0.0,0.0,0.0,1.0,0.0,0
1.0746268656716418,0.0,-0.33186474334786864,0.9062282551234909,0.0,0.0,0.0,1.0,0.0,0.0,0.0,1.0,0.0,0.0,0.0,1.0,0.0,0
-0.2462686567164179,-0.5,-0.44094167468209783,-0.8175616388981003,0.0,0.0,0.0,1.0,0.0,1.0,0.0,0.0,0.0,0.0,1.0,0.0,0.0,0
-0.12686567164179105,0.0,0.04631948401982685,0.20415677396923743,0.0,0.0,0.0,0.0,1.0,1.0,0.0,0.0,0.0,0.0,0.0,1.0,0.0,0
0.5074626865671642,0.0,-0.34242300656223706,-0.6866132355585028,0.0,1.0,0.0,0.0,1.0,1.0,0.0,0.0,0.0,0.0,0.0,1.0,0.0,0
-0.20522388059701493,0.0,-0.10667026247676759,-0.28539251250659703,1.0,0.0,0.0,1.0,0.0,0.0,0.0,0.0,1.0,0.0,1.0,0.0,0.0,0
1.0261194029850746,0.5,0.7348840940463515,0.0575234680529129,-1.0,0.0,0.0,1.0,0.0,0.0,0.0,1.0,0.0,0.0,1.0,0.0,0.0,0
0.8992537313432836,-1.0,-0.567067719041833,-0.4451479250412535,0.0,0.0,0.0,1.0,0.0,0.0,0.0,1.0,0.0,0.0,1.0,0.0,0.0,0
0.6492537313432836,-0.5,0.31529590500441024,0.5137651275646655,1.0,0.0,0.0,1.0,0.0,1.0,0.0,0.0,0.0,0.0,1.0,0.0,0.0,0
-1.5149253731343284,1.5,3.472023039764085,0.27684812992685337,-1.0,1.0,0.0,1.0,0.0,1.0,0.0,0.0,0.0,0.0,0.0,1.0,0.0,1
0.029850746268656716,-1.5,-0.47477283081159577,-0.5840917935086382,0.0,0.0,0.0,0.0,1.0,1.0,0.0,0.0,0.0,0.0,0.0,1.0,0.0,0
0.47388059701492535,1.0,-0.31502813075835673,-0.8125317824727595,1.0,0.0,0.0,1.0,0.0,0.0,1.0,0.0,0.0,0.0,1.0,0.0,0.0,0
-0.022388059701492536,0.0,-0.08655298850546833,1.3578054146576,0.0,0.0,0.0,0.0,1.0,0.0,0.0,1.0,0.0,0.0,1.0,0.0,0.0,1
-1.1492537313432836,-1.5,-0.33194774793433546,0.7998626929804385,1.0,1.0,0.0,1.0,0.0,1.0,0.0,0.0,0.0,0.0,0.0,1.0,0.0,1
0.26865671641791045,0.5,1.4195847765464802,0.5744430151924714,-1.0,0.0,0.0,1.0,0.0,0.0,0.0,1.0,0.0,0.0,1.0,0.0,0.0,0
-0.6231343283582089,0.0,0.2628926841671013,-0.2725973949067374,-1.0,0.0,0.0,1.0,0.0,0.0,1.0,0.0,0.0,0.0,0.0,1.0,0.0,0
-0.8246268656716418,-1.5,0.7644017038585679,-0.6206312146431331,0.0,0.0,0.0,1.0,0.0,0.0,0.0,1.0,0.0,0.0,1.0,0.0,0.0,0
0.30223880597014924,-1.5,-0.5786145923628916,-0.6184535163618397,-1.0,0.0,0.0,1.0,0.0,1.0,0.0,0.0,0.0,0.0,1.0,0.0,0.0,0
0.3694029850746269,-1.0,3.488464304680498,-0.24075137095955315,1.0,0.0,0.0,1.0,0.0,0.0,0.0,1.0,0.0,0.0,1.0,0.0,0.0,1
1.6194029850746268,1.5,1.9595679961917314,-0.9850194423902471,1.0,0.0,0.0,1.0,0.0,1.0,0.0,0.0,0.0,0.0,0.0,0.0,1.0,1
-0.3283582089552239,0.5,-0.5272158221747874,1.0513882173032376,0.0,0.0,0.0,1.0,0.0,0.0,1.0,0.0,0.0,0.0,0.0,1.0,0.0,0
0.7350746268656716,0.5,-0.47024013813934884,-0.17480837594801482,0.0,0.0,0.0,0.0,1.0,1.0,0.0,0.0,0.0,0.0,1.0,0.0,0.0,1
0.23507462686567165,1.0,0.13964643803640892,0.12333520776809523,-1.0,0.0,0.0,1.0,0.0,0.0,0.0,1.0,0.0,0.0,0.0,1.0,0.0,0
-0.6305970149253731,0.5,0.28713843458505195,0.33149474411478747,-1.0,0.0,0.0,1.0,0.0,1.0,0.0,0.0,0.0,0.0,1.0,0.0,0.0,0
0.40671641791044777,-1.0,3.488464304680498,0.023698399409509397,0.0,1.0,0.0,1.0,0.0,0.0,0.0,0.0,0.0,1.0,1.0,0.0,0.0,1
-0.014925373134328358,0.0,-0.3723792282622462,0.1071488364627576,3.0,0.0,0.0,0.0,1.0,1.0,0.0,0.0,0.0,0.0,0.0,1.0,0.0,1
-0.26865671641791045,-1.0,3.488464304680498,-0.03132520000642663,3.0,0.0,0.0,1.0,0.0,0.0,0.0,0.0,1.0,0.0,0.0,0.0,1.0,1
0.7947761194029851,0.0,-0.10244955856287397,0.9818759420467105,2.0,0.0,0.0,1.0,0.0,1.0,0.0,0.0,0.0,0.0,0.0,1.0,0.0,1
0.9850746268656716,-1.0,-0.4434731438670114,1.026617926003604,1.0,0.0,0.0,0.0,1.0,1.0,0.0,0.0,0.0,0.0,1.0,0.0,0.0,0
0.23507462686567165,-0.5,-0.124440230001283,-0.9868538802105481,-1.0,0.0,0.0,1.0,0.0,0.0,0.0,1.0,0.0,0.0,1.0,0.0,0.0,0
-0.7761194029850746,0.5,-0.11495782841469135,-0.7631938449353046,-1.0,0.0,0.0,1.0,0.0,1.0,0.0,0.0,0.0,0.0,0.0,1.0,0.0,0
-0.8805970149253731,-1.0,0.10171203579105989,0.18273690749789884,-1.0,0.0,0.0,1.0,0.0,1.0,0.0,0.0,0.0,0.0,0.0,1.0,0.0,0
0.31716417910447764,2.5,0.8963817851946045,-0.7792249958613598,0.0,0.0,1.0,0.0,0.0,0.0,0.0,0.0,1.0,0.0,1.0,0.0,0.0,1
0.5,0.5,0.04791597959733151,-0.5229763810869806,-1.0,0.0,0.0,1.0,0.0,0.0,0.0,1.0,0.0,0.0,0.0,1.0,0.0,0
0.5522388059701493,0.5,1.4483832192073565,1.7206757969526445,0.0,1.0,0.0,0.0,1.0,1.0,0.0,0.0,0.0,0.0,1.0,0.0,0.0,1
-0.11940298507462686,-1.0,-0.6025331742051939,-0.1464389024953071,1.0,1.0,0.0,1.0,0.0,0.0,1.0,0.0,0.0,0.0,0.0,1.0,0.0,1
-1.3022388059701493,1.0,-0.1038389083840062,-0.8243200500324086,0.0,0.0,0.0,0.0,1.0,1.0,0.0,0.0,0.0,0.0,1.0,0.0,0.0,0
-0.4962686567164179,0.5,0.5797273304439243,-0.6463162132833563,1.0,0.0,0.0,1.0,0.0,1.0,0.0,0.0,0.0,0.0,0.0,1.0,0.0,0
1.1194029850746268,-1.5,0.2899342621383275,-0.44303598382516357,1.0,0.0,0.0,1.0,0.0,0.0,0.0,0.0,0.0,1.0,1.0,0.0,0.0,0
-0.8694029850746269,-0.5,-0.5804044253897149,0.04608798349877116,-1.0,0.0,0.0,0.0,1.0,1.0,0.0,0.0,0.0,0.0,0.0,1.0,0.0,1
0.9850746268656716,1.0,0.18806448596406947,0.3224785724278767,1.0,0.0,1.0,0.0,0.0,0.0,1.0,0.0,0.0,0.0,1.0,0.0,0.0,0
-0.2835820895522388,-0.5,3.2487785281621395,-0.4368394312669907,0.0,0.0,0.0,1.0,0.0,1.0,0.0,0.0,0.0,0.0,0.0,0.0,1.0,0
0.7164179104477612,0.0,0.6498220507888874,-1.0462325251374518,1.0,0.0,0.0,1.0,0.0,0.0,0.0,0.0,1.0,0.0,1.0,0.0,0.0,0
0.7313432835820896,-1.0,-0.5010004180125426,1.26358882487675,1.0,0.0,0.0,0.0,1.0,0.0,0.0,1.0,0.0,0.0,0.0,0.0,1.0,1
-1.2798507462686568,1.0,-0.5969788110611352,0.6711430862623069,0.0,1.0,0.0,1.0,0.0,0.0,0.0,1.0,0.0,0.0,0.0,1.0,0.0,0
-1.5037313432835822,-1.5,-0.5548638904885953,1.4051130750408212,0.0,1.0,0.0,1.0,0.0,1.0,0.0,0.0,0.0,0.0,1.0,0.0,0.0,1
-0.19402985074626866,1.0,-0.26292698948098386,-0.7466294111462963,3.0,0.0,0.0,0.0,1.0,1.0,0.0,0.0,0.0,0.0,1.0,0.0,0.0,1
0.9701492537313433,0.5,-0.18890412969471027,1.4545559047954522,1.0,0.0,0.0,1.0,0.0,0.0,0.0,1.0,0.0,0.0,0.0,1.0,0.0,1
0.4925373134328358,1.0,3.488464304680498,-0.5039668538362806,-1.0,0.0,0.0,0.0,1.0,1.0,0.0,0.0,0.0,0.0,1.0,0.0,0.0,0
-0.2835820895522388,-0.5,-0.44027839694591364,-0.8916843848008059,1.0,0.0,0.0,1.0,0.0,0.0,0.0,1.0,0.0,0.0,1.0,0.0,0.0,0
-0.14925373134328357,-0.5,1.5487104396623455,0.08681291623876457,-1.0,0.0,0.0,0.0,1.0,1.0,0.0,0.0,0.0,0.0,1.0,0.0,0.0,0
-0.06716417910447761,0.5,1.4455739649846522,1.2811353412285373,0.0,0.0,0.0,0.0,1.0,1.0,0.0,0.0,0.0,0.0,1.0,0.0,0.0,1
-0.21641791044776118,-1.0,1.2391185684395685,0.42202084132971285,-1.0,0.0,0.0,1.0,0.0,0.0,1.0,0.0,0.0,0.0,0.0,1.0,0.0,0
1.4029850746268657,1.0,0.6744896791879809,0.23953619839737,1.0,0.0,0.0,0.0,1.0,1.0,0.0,0.0,0.0,0.0,1.0,0.0,0.0,0
-0.3843283582089552,0.0,-0.28918259945668107,-0.49155887266710496,0.0,0.0,0.0,1.0,0.0,0.0,1.0,0.0,0.0,0.0,0.0,1.0,0.0,0
-0.16044776119402984,0.5,0.5489752279582092,-0.11061063452005462,1.0,0.0,0.0,1.0,0.0,1.0,0.0,0.0,0.0,0.0,1.0,0.0,0.0,0
-0.1455223880597015,0.0,-0.31697376666538823,1.2528106221177184,1.0,0.0,0.0,1.0,0.0,1.0,0.0,0.0,0.0,0.0,1.0,0.0,0.0,1
-0.41044776119402987,0.0,-0.49760755051376643,0.8026188069102207,1.0,0.0,1.0,0.0,0.0,0.0,0.0,0.0,1.0,0.0,0.0,1.0,0.0,0
-1.164179104477612,0.5,0.19679071351203378,-0.3359218084838747,0.0,0.0,1.0,0.0,0.0,0.0,0.0,1.0,0.0,0.0,1.0,0.0,0.0,0
0.15298507462686567,0.0,-0.21634492235013167,-0.021966308819114256,-1.0,0.0,0.0,1.0,0.0,1.0,0.0,0.0,0.0,0.0,0.0,1.0,0.0,0
0.16417910447761194,2.0,1.5425874037381424,-0.9730958714550596,-1.0,1.0,0.0,0.0,1.0,1.0,0.0,0.0,0.0,0.0,0.0,1.0,0.0,1
-0.10074626865671642,-1.0,-0.4050614551174255,-0.9380592209607865,1.0,0.0,0.0,1.0,0.0,0.0,1.0,0.0,0.0,0.0,1.0,0.0,0.0,0
1.0298507462686568,-0.5,-0.34526452461821827,-0.3245898800841253,1.0,0.0,0.0,0.0,1.0,1.0,0.0,0.0,0.0,0.0,1.0,0.0,0.0,0
-1.0186567164179106,-1.5,-0.11556814548971192,-0.3622318192519751,0.0,0.0,0.0,1.0,0.0,0.0,0.0,1.0,0.0,0.0,1.0,0.0,0.0,0
-0.7313432835820896,0.5,0.020051330197127615,-0.34051032319176955,1.0,0.0,0.0,1.0,0.0,1.0,0.0,0.0,0.0,0.0,0.0,1.0,0.0,0
-0.5261194029850746,-1.5,-0.03242719258056079,-0.6724407339236796,3.0,0.0,0.0,1.0,0.0,0.0,0.0,1.0,0.0,0.0,1.0,0.0,0.0,1
1.1567164179104477,1.5,-0.5758415179638273,-0.4505304657442456,0.0,1.0,0.0,0.0,1.0,1.0,0.0,0.0,0.0,0.0,1.0,0.0,0.0,1
-0.5671641791044776,0.0,-0.11273532485011566,-0.13286795632560985,0.0,0.0,0.0,1.0,0.0,1.0,0.0,0.0,0.0,0.0,1.0,0.0,0.0,0
-0.2835820895522388,0.5,1.5427062509061225,0.7424871470981017,0.0,0.0,0.0,1.0,0.0,1.0,0.0,0.0,0.0,0.0,0.0,0.0,1.0,1
-0.7052238805970149,-0.5,-0.5785746192510561,-0.6758344459535285,0.0,0.0,0.0,1.0,0.0,0.0,0.0,0.0,1.0,0.0,0.0,1.0,0.0,0
0.19029850746268656,-0.5,1.1182464019471758,0.49119505943300734,0.0,0.0,0.0,1.0,0.0,1.0,0.0,0.0,0.0,0.0,0.0,0.0,1.0,0
-0.23134328358208955,0.5,-0.182171935485806,0.6445853918334997,1.0,0.0,0.0,1.0,0.0,1.0,0.0,0.0,0.0,0.0,0.0,1.0,0.0,1
0.6455223880597015,-1.5,0.3350793506106942,-0.018890373995467176,0.0,0.0,0.0,0.0,1.0,1.0,0.0,0.0,0.0,0.0,0.0,1.0,0.0,0
-0.2873134328358209,1.5,-0.1544406518722613,1.0184688215485977,-1.0,0.0,0.0,1.0,0.0,0.0,1.0,0.0,0.0,0.0,1.0,0.0,0.0,1
0.04477611940298507,-0.5,0.3622142909101251,0.3679006900312232,3.0,0.0,0.0,0.0,1.0,1.0,0.0,0.0,0.0,0.0,1.0,0.0,0.0,1
0.6977611940298507,1.5,-0.5142049539928186,-0.061917751813631405,0.0,0.0,0.0,0.0,1.0,0.0,0.0,1.0,0.0,0.0,0.0,1.0,0.0,1
-1.126865671641791,1.0,-0.44242814437908545,0.06612537557756687,1.0,0.0,1.0,0.0,0.0,0.0,1.0,0.0,0.0,0.0,0.0,1.0,0.0,1
-0.6529850746268657,1.0,0.09811346625136827,-0.5874392119397854,-1.0,1.0,0.0,0.0,1.0,1.0,0.0,0.0,0.0,0.0,1.0,0.0,0.0,0
0.7686567164179104,0.0,-0.5317202862436717,1.6396254657031575,0.0,0.0,0.0,0.0,1.0,0.0,0.0,0.0,0.0,1.0,1.0,0.0,0.0,1
-0.19029850746268656,0.5,-0.1743242402612751,-0.9844218949930429,3.0,1.0,0.0,0.0,1.0,0.0,1.0,0.0,0.0,0.0,1.0,0.0,0.0,1
-0.09701492537313433,1.0,0.4077388005763397,-0.8349193996335086,-1.0,0.0,0.0,1.0,0.0,0.0,0.0,1.0,0.0,0.0,0.0,0.0,1.0,0
-0.19776119402985073,0.0,0.0636152903120899,-0.5692703203799993,0.0,0.0,0.0,1.0,0.0,0.0,0.0,1.0,0.0,0.0,0.0,0.0,1.0,0
-0.9850746268656716,0.5,1.2096198844007162,1.2534095831888852,3.0,0.0,0.0,1.0,0.0,0.0,0.0,1.0,0.0,0.0,0.0,1.0,0.0,1
0.6305970149253731,0.0,1.4157320250712024,-0.7627956955565257,2.0,0.0,0.0,1.0,0.0,1.0,0.0,0.0,0.0,0.0,0.0,1.0,0.0,1
-0.6343283582089553,1.0,-0.5692168451832486,0.5778349564464961,1.0,0.0,0.0,1.0,0.0,1.0,0.0,0.0,0.0,0.0,1.0,0.0,0.0,0
0.582089552238806,-0.5,-0.07869270124840572,0.7816828834540631,1.0,1.0,0.0,0.0,1.0,0.0,0.0,1.0,0.0,0.0,1.0,0.0,0.0,0
-0.45149253731343286,-1.5,0.05763089806553501,1.4072076680955172,0.0,0.0,1.0,0.0,0.0,1.0,0.0,0.0,0.0,0.0,1.0,0.0,0.0,1
-0.055970149253731345,-0.5,-0.3042046297696243,0.705090124726246,2.0,0.0,0.0,1.0,0.0,0.0,1.0,0.0,0.0,0.0,1.0,0.0,0.0,1
0.7276119402985075,-1.0,0.16889799383779688,-0.25647791906608575,1.0,1.0,0.0,1.0,0.0,0.0,1.0,0.0,0.0,0.0,1.0,0.0,0.0,0
-0.2574626865671642,0.0,-0.3358871537585929,0.37583166089383935,1.0,0.0,0.0,0.0,1.0,0.0,0.0,1.0,0.0,0.0,1.0,0.0,0.0,0
0.014925373134328358,0.5,-0.6168680765112037,-0.4020224766608064,2.0,0.0,0.0,1.0,0.0,0.0,0.0,1.0,0.0,0.0,1.0,0.0,0.0,1
-0.2947761194029851,-1.0,-0.16248072089786925,-1.0170957548922117,1.0,0.0,0.0,1.0,0.0,0.0,0.0,1.0,0.0,0.0,0.0,0.0,1.0,0
0.5111940298507462,-1.0,-0.15472157071355322,-0.6507887120072272,1.0,0.0,0.0,1.0,0.0,0.0,1.0,0.0,0.0,0.0,0.0,0.0,1.0,0
0.31716417910447764,0.5,-0.4094256143909296,0.035169342723087846,1.0,0.0,0.0,1.0,0.0,0.0,0.0,1.0,0.0,0.0,0.0,0.0,1.0,0
-0.23880597014925373,-1.0,-0.47656864676121163,-0.7721852632446712,0.0,1.0,0.0,1.0,0.0,1.0,0.0,0.0,0.0,0.0,0.0,0.0,1.0,0
-0.667910447761194,-1.0,-0.43653965118875104,0.0470276193224769,0.0,0.0,0.0,1.0,0.0,0.0,1.0,0.0,0.0,0.0,0.0,1.0,0.0,0
0.40671641791044777,-1.5,1.2487654442718372,0.34421204190030613,0.0,0.0,0.0,1.0,0.0,1.0,0.0,0.0,0.0,0.0,0.0,1.0,0.0,1
1.0335820895522387,0.5,1.135132895591763,0.09921312261282922,2.0,0.0,0.0,1.0,0.0,1.0,0.0,0.0,0.0,0.0,0.0,0.0,1.0,1
-0.1828358208955224,-1.0,-0.12235796763446125,-0.4663794264711875,0.0,1.0,0.0,1.0,0.0,0.0,0.0,1.0,0.0,0.0,0.0,1.0,0.0,0
0.6417910447761194,1.0,2.684636713257822,-1.042138946577391,1.0,0.0,1.0,0.0,0.0,0.0,0.0,1.0,0.0,0.0,0.0,0.0,1.0,1
-0.20522388059701493,-0.5,1.2532907867104062,-0.8613181993343968,1.0,0.0,0.0,1.0,0.0,1.0,0.0,0.0,0.0,0.0,0.0,0.0,1.0,0
1.1044776119402986,0.5,-0.13918535225472575,0.2805171569329605,0.0,0.0,1.0,0.0,0.0,1.0,0.0,0.0,0.0,0.0,1.0,0.0,0.0,0
-1.5186567164179106,-1.5,0.2363033543147267,0.9734828014036274,2.0,0.0,0.0,1.0,0.0,1.0,0.0,0.0,0.0,0.0,1.0,0.0,0.0,1
-0.029850746268656716,0.0,0.32664253334863197,0.8141029139618616,0.0,0.0,0.0,1.0,0.0,1.0,0.0,0.0,0.0,0.0,1.0,0.0,0.0,0
-0.40671641791044777,1.0,-0.6135418969513269,-0.8828412648160704,1.0,0.0,0.0,1.0,0.0,1.0,0.0,0.0,0.0,0.0,0.0,1.0,0.0,1
-0.8246268656716418,-0.5,-0.38173529756332014,-0.6696089891399872,0.0,0.0,0.0,1.0,0.0,1.0,0.0,0.0,0.0,0.0,0.0,1.0,0.0,0
-0.832089552238806,1.0,-0.39834214620518027,-0.22047907902511155,1.0,0.0,0.0,0.0,1.0,1.0,0.0,0.0,0.0,0.0,1.0,0.0,0.0,0
-1.3134328358208955,-0.5,0.2586630102975932,0.6695942313461191,0.0,1.0,0.0,1.0,0.0,1.0,0.0,0.0,0.0,0.0,1.0,0.0,0.0,0
1.0,1.5,0.747881431737287,-0.13369234803134458,0.0,0.0,0.0,0.0,1.0,1.0,0.0,0.0,0.0,0.0,0.0,1.0,0.0,1
-0.5970149253731343,0.5,-0.46375887006522437,-1.0505451947028783,0.0,0.0,0.0,1.0,0.0,1.0,0.0,0.0,0.0,0.0,1.0,0.0,0.0,0
-0.24253731343283583,0.5,-0.3006772732179406,-0.3585249912206927,0.0,0.0,0.0,1.0,0.0,0.0,1.0,0.0,0.0,0.0,1.0,0.0,0.0,1
0.5074626865671642,-0.5,0.7199650779253881,-0.5986857921966744,0.0,0.0,0.0,1.0,0.0,0.0,0.0,1.0,0.0,0.0,1.0,0.0,0.0,0
0.041044776119402986,0.5,-0.5586057497344119,1.3195680594974222,1.0,0.0,0.0,1.0,0.0,1.0,0.0,0.0,0.0,0.0,1.0,0.0,0.0,1
0.3656716417910448,-0.5,-0.5709834862815456,-0.14393505105344542,0.0,0.0,0.0,1.0,0.0,0.0,1.0,0.0,0.0,0.0,0.0,0.0,1.0,0
-0.27238805970149255,-1.0,0.7650479778380673,1.0344914071138696,0.0,0.0,0.0,1.0,0.0,1.0,0.0,0.0,0.0,0.0,1.0,0.0,0.0,1
-0.8544776119402985,2.0,0.006936741751746196,0.2059318703653165,0.0,0.0,0.0,1.0,0.0,1.0,0.0,0.0,0.0,0.0,1.0,0.0,0.0,1
-0.5074626865671642,0.5,-0.3489519941045599,-0.18696569375113894,1.0,0.0,0.0,1.0,0.0,1.0,0.0,0.0,0.0,0.0,0.0,0.0,1.0,0
0.1828358208955224,-1.0,-0.3178706402999536,0.7327532713295419,0.0,0.0,0.0,1.0,0.0,0.0,1.0,0.0,0.0,0.0,1.0,0.0,0.0,1
0.1455223880597015,-0.5,0.6036225397325097,-0.7129584281455408,1.0,0.0,0.0,0.0,1.0,1.0,0.0,0.0,0.0,0.0,0.0,1.0,0.0,0
1.085820895522388,0.0,0.757368457123392,-0.7695153658294769,0.0,0.0,0.0,1.0,0.0,1.0,0.0,0.0,0.0,0.0,1.0,0.0,0.0,1
-0.5111940298507462,0.0,1.5133054673978465,-0.8194661736602056,0.0,0.0,0.0,1.0,0.0,0.0,0.0,0.0,1.0,0.0,1.0,0.0,0.0,0
-0.835820895522388,1.5,0.2563508132314941,0.7510539789597482,1.0,1.0,0.0,0.0,1.0,0.0,0.0,1.0,0.0,0.0,1.0,0.0,0.0,1
0.43283582089552236,0.0,-0.4420434874168283,0.06116208439712243,2.0,0.0,0.0,0.0,1.0,1.0,0.0,0.0,0.0,0.0,0.0,0.0,1.0,1
-0.8768656716417911,0.0,-0.038498142573974124,0.9305580127407068,3.0,0.0,0.0,1.0,0.0,1.0,0.0,0.0,0.0,0.0,1.0,0.0,0.0,1
-0.5410447761194029,1.0,0.8047320388781587,-0.5760749342642918,0.0,0.0,0.0,1.0,0.0,1.0,0.0,0.0,0.0,0.0,0.0,1.0,0.0,0
0.6380597014925373,0.5,-0.06571198255691826,0.8519544805110082,0.0,0.0,0.0,1.0,0.0,1.0,0.0,0.0,0.0,0.0,0.0,1.0,0.0,0
1.7682089552238844,-1.0,-0.1649517701872816,-0.3459980891202299,1.0,0.0,0.0,1.0,0.0,1.0,0.0,0.0,0.0,0.0,0.0,1.0,0.0,1
0.5970149253731343,-1.5,1.1869825454918297,-0.20347324077669485,1.0,0.0,0.0,1.0,0.0,1.0,0.0,0.0,0.0,0.0,0.0,1.0,0.0,0
-1.2014925373134329,0.5,0.34952793763243184,0.34183372000985257,1.0,0.0,0.0,1.0,0.0,1.0,0.0,0.0,0.0,0.0,0.0,1.0,0.0,0
-0.6828358208955224,2.0,-0.1708774045967431,0.5972746019383015,1.0,0.0,0.0,1.0,0.0,1.0,0.0,0.0,0.0,0.0,0.0,1.0,0.0,1
0.30970149253731344,-0.5,-0.5374959681491017,-0.30853554469343647,0.0,0.0,0.0,1.0,0.0,1.0,0.0,0.0,0.0,0.0,0.0,1.0,0.0,0
0.22761194029850745,-0.5,0.11622127091190307,-0.6888081818395281,1.0,0.0,0.0,1.0,0.0,1.0,0.0,0.0,0.0,0.0,1.0,0.0,0.0,0
1.1343283582089552,0.0,0.9721801335520486,1.7206757969526445,0.0,0.0,0.0,0.0,1.0,1.0,0.0,0.0,0.0,0.0,0.0,1.0,0.0,1
-1.541044776119403,-0.5,-0.3586758830001127,1.7206757969526445,3.0,0.0,0.0,1.0,0.0,1.0,0.0,0.0,0.0,0.0,1.0,0.0,0.0,1
0.34328358208955223,-1.0,0.1207020636543311,0.9278572322936693,0.0,0.0,0.0,1.0,0.0,0.0,0.0,0.0,0.0,1.0,1.0,0.0,0.0,0
1.0895522388059702,1.5,-0.16704124386356634,0.4261028475499117,0.0,0.0,0.0,1.0,0.0,0.0,0.0,1.0,0.0,0.0,1.0,0.0,0.0,1
0.029850746268656716,-0.5,1.3115662328764568,0.2006511521630385,3.0,0.0,0.0,1.0,0.0,1.0,0.0,0.0,0.0,0.0,0.0,1.0,0.0,1
0.9328358208955224,2.0,-0.23752045945000408,0.741676298601293,-1.0,0.0,0.0,1.0,0.0,0.0,0.0,1.0,0.0,0.0,1.0,0.0,0.0,1
0.10820895522388059,-0.5,-0.3143796860411159,-0.47862294549350076,1.0,1.0,0.0,1.0,0.0,0.0,0.0,1.0,0.0,0.0,0.0,1.0,0.0,0
0.9776119402985075,-1.0,-0.16374833213548656,-0.2571635365564077,-1.0,0.0,0.0,0.0,1.0,0.0,0.0,0.0,0.0,1.0,1.0,0.0,0.0,0
-0.8880597014925373,0.5,0.5503853800522035,-0.04650669012914282,0.0,0.0,0.0,1.0,0.0,0.0,1.0,0.0,0.0,0.0,1.0,0.0,0.0,0
-0.21641791044776118,0.0,-0.11961780318419692,1.0578198746436613,1.0,0.0,0.0,1.0,0.0,0.0,0.0,1.0,0.0,0.0,0.0,1.0,0.0,0
-0.4626865671641791,0.5,0.1344426440825595,0.4393004961812241,1.0,0.0,0.0,0.0,1.0,1.0,0.0,0.0,0.0,0.0,0.0,0.0,1.0,0
1.6156716417910448,0.5,-0.12153079010591976,-0.8280857141018855,-1.0,1.0,0.0,0.0,1.0,0.0,0.0,1.0,0.0,0.0,1.0,0.0,0.0,0
-0.34328358208955223,1.0,-0.5842392267019314,-0.7128294333332839,0.0,0.0,0.0,1.0,0.0,1.0,0.0,0.0,0.0,0.0,1.0,0.0,0.0,0
-0.8880597014925373,1.0,0.24521032624230765,0.8536373531792323,0.0,0.0,0.0,0.0,1.0,1.0,0.0,0.0,0.0,0.0,1.0,0.0,0.0,0
0.458955223880597,-1.0,-0.4248577541089175,0.7121015778129111,1.0,0.0,0.0,1.0,0.0,1.0,0.0,0.0,0.0,0.0,0.0,0.0,1.0,0
0.5186567164179104,0.0,-0.5599819471938691,1.3489178680787237,2.0,0.0,0.0,1.0,0.0,0.0,1.0,0.0,0.0,0.0,1.0,0.0,0.0,1
0.12313432835820895,-0.5,-0.20664086107097204,-0.847934462302806,0.0,0.0,0.0,1.0,0.0,0.0,1.0,0.0,0.0,0.0,0.0,0.0,1.0,1
-0.1044776119402985,-1.5,0.17715244597417176,0.7133124251659971,1.0,0.0,0.0,1.0,0.0,0.0,0.0,1.0,0.0,0.0,1.0,0.0,0.0,0
0.48880597014925375,-1.5,0.21368587389738142,-0.07085584577544075,3.0,0.0,0.0,1.0,0.0,1.0,0.0,0.0,0.0,0.0,0.0,1.0,0.0,1
0.5970149253731343,1.0,0.2803917831830168,-0.4130467373860783,1.0,0.0,0.0,1.0,0.0,0.0,1.0,0.0,0.0,0.0,0.0,1.0,0.0,0
0.1791044776119403,0.5,0.6804824450233534,-0.559007707519241,-1.0,0.0,0.0,1.0,0.0,0.0,0.0,1.0,0.0,0.0,1.0,0.0,0.0,1
0.5186567164179104,-0.5,-0.5109345047167777,-0.6860338987532907,1.0,0.0,0.0,1.0,0.0,0.0,0.0,0.0,1.0,0.0,0.0,1.0,0.0,0
-1.208955223880597,0.0,0.1175452427568922,0.05613151477384376,2.0,0.0,0.0,1.0,0.0,1.0,0.0,0.0,0.0,0.0,0.0,0.0,1.0,1
0.6716417910447762,-0.5,-0.07880649581694413,0.7471676425798938,3.0,0.0,0.0,1.0,0.0,1.0,0.0,0.0,0.0,0.0,0.0,0.0,1.0,1
-0.2835820895522388,1.5,1.206385341403998,0.11799967578974063,-1.0,0.0,0.0,1.0,0.0,1.0,0.0,0.0,0.0,0.0,0.0,1.0,0.0,1
0.832089552238806,0.5,0.4650251583819783,0.39389363757633483,1.0,0.0,0.0,1.0,0.0,0.0,0.0,0.0,0.0,1.0,0.0,0.0,1.0,1
0.16417910447761194,-1.0,-0.3604707701178171,0.19715146469371392,1.0,0.0,0.0,1.0,0.0,1.0,0.0,0.0,0.0,0.0,0.0,0.0,1.0,0
-0.8955223880597015,0.0,0.7435952944146389,-0.6661115356357689,1.0,0.0,0.0,0.0,1.0,1.0,0.0,0.0,0.0,0.0,1.0,0.0,0.0,1
-0.5,0.5,0.1483458574630773,0.7997558185468939,-1.0,1.0,0.0,0.0,1.0,1.0,0.0,0.0,0.0,0.0,0.0,1.0,0.0,0
0.332089552238806,-0.5,0.6752305125629096,-0.6090497662459228,1.0,0.0,0.0,1.0,0.0,0.0,0.0,1.0,0.0,0.0,0.0,0.0,1.0,0
0.2835820895522388,0.0,-0.1490766614799632,0.23144345173270886,0.0,0.0,0.0,1.0,0.0,1.0,0.0,0.0,0.0,0.0,1.0,0.0,0.0,0
-0.15671641791044777,0.5,-0.560121814113156,-0.2311055498954044,0.0,0.0,0.0,1.0,0.0,0.0,0.0,0.0,1.0,0.0,1.0,0.0,0.0,0
0.48134328358208955,-1.0,-0.24670840572354535,-0.5629524445514045,1.0,0.0,0.0,1.0,0.0,0.0,1.0,0.0,0.0,0.0,1.0,0.0,0.0,0
0.2574626865671642,0.0,0.7189669247283116,0.9383103871901204,1.0,0.0,0.0,1.0,0.0,0.0,0.0,1.0,0.0,0.0,1.0,0.0,0.0,1
-0.4253731343283582,0.0,-0.027723246618394582,-0.7462801206392792,0.0,0.0,0.0,1.0,0.0,0.0,1.0,0.0,0.0,0.0,0.0,1.0,0.0,0
-0.07835820895522388,-0.5,0.051748000091640364,-0.4240647597554125,0.0,0.0,0.0,1.0,0.0,0.0,1.0,0.0,0.0,0.0,0.0,0.0,1.0,0
-0.13432835820895522,0.5,-0.20170432522142917,1.0457896347222149,2.0,0.0,0.0,1.0,0.0,1.0,0.0,0.0,0.0,0.0,0.0,1.0,0.0,1
0.8134328358208955,0.0,-0.3300557447114648,-0.29365951716278904,3.0,1.0,0.0,0.0,1.0,1.0,0.0,0.0,0.0,0.0,0.0,0.0,1.0,1
-0.11567164179104478,0.0,-0.34685426511496065,0.5010214576531858,2.0,1.0,0.0,1.0,0.0,0.0,0.0,0.0,1.0,0.0,0.0,0.0,1.0,1
1.0932835820895523,0.5,-0.3879968095941797,-0.10142952426576374,0.0,0.0,0.0,1.0,0.0,0.0,0.0,1.0,0.0,0.0,1.0,0.0,0.0,1
0.3843283582089552,2.0,0.17128505485577644,-0.08717727012360355,-1.0,0.0,0.0,1.0,0.0,0.0,0.0,1.0,0.0,0.0,0.0,1.0,0.0,1
0.11194029850746269,-1.5,3.488464304680498,0.2453817710864214,0.0,0.0,0.0,1.0,0.0,0.0,1.0,0.0,0.0,0.0,1.0,0.0,0.0,0
-0.48134328358208955,-0.5,0.06843556415072383,-0.026913113525408733,1.0,0.0,0.0,1.0,0.0,0.0,0.0,1.0,0.0,0.0,1.0,0.0,0.0,0
0.5186567164179104,0.0,0.16890026184787899,0.40097334537132945,2.0,0.0,0.0,1.0,0.0,1.0,0.0,0.0,0.0,0.0,0.0,0.0,1.0,1
0.09328358208955224,-1.5,0.32401923048467274,-0.2605920646293798,0.0,0.0,0.0,1.0,0.0,1.0,0.0,0.0,0.0,0.0,0.0,1.0,0.0,1
-0.05223880597014925,1.5,-0.5887062749538939,0.7707083688789278,1.0,0.0,0.0,1.0,0.0,0.0,0.0,0.0,1.0,0.0,1.0,0.0,0.0,1
1.1455223880597014,0.0,-0.16336638154135036,-0.758877050356228,1.0,0.0,0.0,0.0,1.0,0.0,1.0,0.0,0.0,0.0,0.0,1.0,0.0,0
0.7574626865671642,0.0,-0.288407813361858,0.5781208368145365,-1.0,0.0,0.0,0.0,1.0,0.0,0.0,1.0,0.0,0.0,1.0,0.0,0.0,0
0.3208955223880597,-1.5,-0.0038833727452952543,-0.20010271297531926,1.0,1.0,0.0,0.0,1.0,0.0,0.0,1.0,0.0,0.0,0.0,0.0,1.0,1
-0.3582089552238806,-1.0,-0.47070194801795007,-1.0351609085117925,1.0,0.0,0.0,1.0,0.0,0.0,0.0,1.0,0.0,0.0,0.0,1.0,0.0,1
0.1417910447761194,-1.0,-0.4986474074629128,1.7206757969526445,-1.0,0.0,0.0,1.0,0.0,1.0,0.0,0.0,0.0,0.0,1.0,0.0,0.0,1
0.06716417910447761,-1.5,-0.4372213547732482,-0.32036434481299264,1.0,0.0,0.0,1.0,0.0,1.0,0.0,0.0,0.0,0.0,0.0,1.0,0.0,0
1.0298507462686568,1.0,0.11155089625263884,0.659957527508511,-1.0,0.0,1.0,0.0,0.0,0.0,0.0,0.0,0.0,1.0,1.0,0.0,0.0,1
-0.6791044776119403,-0.5,1.0020360968539155,0.7529087997676913,3.0,0.0,0.0,1.0,0.0,0.0,0.0,1.0,0.0,0.0,1.0,0.0,0.0,1
0.7873134328358209,-0.5,-0.26994017657269,-0.41927756403267435,0.0,0.0,0.0,1.0,0.0,1.0,0.0,0.0,0.0,0.0,1.0,0.0,0.0,0
-0.6119402985074627,-0.5,-0.2564984435856078,-0.043870124796420676,-1.0,0.0,0.0,1.0,0.0,0.0,0.0,1.0,0.0,0.0,1.0,0.0,0.0,0
0.6268656716417911,-0.5,-0.6217278394225659,-0.6158848255622779,0.0,0.0,0.0,0.0,1.0,0.0,0.0,1.0,0.0,0.0,1.0,0.0,0.0,0
0.7201492537313433,0.0,-0.3940916696353438,-0.7281916099508086,2.0,0.0,0.0,1.0,0.0,0.0,0.0,0.0,0.0,1.0,1.0,0.0,0.0,1
-1.1604477611940298,0.5,-0.060146830236157106,-0.6552605629659175,-1.0,0.0,0.0,1.0,0.0,1.0,0.0,0.0,0.0,0.0,1.0,0.0,0.0,0
0.47388059701492535,-1.0,-0.30105718214747956,0.7237610322353317,1.0,0.0,1.0,0.0,0.0,1.0,0.0,0.0,0.0,0.0,1.0,0.0,0.0,0
-0.17164179104477612,-1.0,-0.6217278394225659,-0.879125807740452,1.0,0.0,0.0,1.0,0.0,1.0,0.0,0.0,0.0,0.0,0.0,1.0,0.0,1
-0.25,0.5,-0.1363964873664012,0.8862357943583868,0.0,0.0,0.0,1.0,0.0,0.0,0.0,1.0,0.0,0.0,1.0,0.0,0.0,0
0.022388059701492536,0.0,0.3977500380644338,-0.5373152950575834,1.0,1.0,0.0,1.0,0.0,0.0,0.0,1.0,0.0,0.0,0.0,1.0,0.0,0
0.17537313432835822,0.0,-0.0006438467890816774,-0.5618725130937411,0.0,0.0,0.0,1.0,0.0,1.0,0.0,0.0,0.0,0.0,0.0,0.0,1.0,0
0.9067164179104478,-0.5,0.1680880656612147,-0.15407040320432466,2.0,0.0,0.0,1.0,0.0,1.0,0.0,0.0,0.0,0.0,1.0,0.0,0.0,1
1.123134328358209,-0.5,-0.15206243884653,-0.47087313598237057,1.0,0.0,0.0,0.0,1.0,0.0,1.0,0.0,0.0,0.0,1.0,0.0,0.0,0
-1.0671641791044777,1.0,-0.1811741889222308,0.20955350136483272,0.0,1.0,0.0,0.0,1.0,1.0,0.0,0.0,0.0,0.0,1.0,0.0,0.0,0
-0.08582089552238806,2.5,-0.6197809479772987,-0.06565505057915391,0.0,0.0,0.0,1.0,0.0,1.0,0.0,0.0,0.0,0.0,0.0,1.0,0.0,1
-0.5970149253731343,0.0,0.2412451563562596,1.190790101390289,-1.0,0.0,0.0,1.0,0.0,1.0,0.0,0.0,0.0,0.0,0.0,0.0,1.0,1
0.47761194029850745,-1.5,-0.6088954602208113,-0.23608590063146115,2.0,0.0,0.0,1.0,0.0,1.0,0.0,0.0,0.0,0.0,0.0,1.0,0.0,1
1.7682089552238844,1.0,1.0181179881851539,0.8485327154942396,-1.0,0.0,0.0,0.0,1.0,0.0,0.0,0.0,0.0,1.0,0.0,0.0,1.0,1
0.16791044776119404,0.0,0.32930923562214404,-1.0588391255109946,0.0,0.0,0.0,0.0,1.0,1.0,0.0,0.0,0.0,0.0,1.0,0.0,0.0,0
-0.376865671641791,0.0,-0.31763239006312094,-0.47663879339983295,0.0,0.0,0.0,0.0,1.0,1.0,0.0,0.0,0.0,0.0,1.0,0.0,0.0,0
0.9589552238805971,-0.5,1.9282745093134839,-0.8738682437787808,1.0,0.0,1.0,0.0,0.0,0.0,0.0,1.0,0.0,0.0,0.0,1.0,0.0,0
0.05223880597014925,-1.0,-0.21525847369733297,0.12603441986492245,1.0,0.0,0.0,0.0,1.0,0.0,0.0,0.0,1.0,0.0,1.0,0.0,0.0,0
-0.44402985074626866,1.5,0.8725834076609902,0.17313116260817274,-1.0,1.0,0.0,1.0,0.0,1.0,0.0,0.0,0.0,0.0,1.0,0.0,0.0,1
0.8507462686567164,-0.5,2.7389138218964835,0.9322969968057596,0.0,0.0,0.0,1.0,0.0,1.0,0.0,0.0,0.0,0.0,1.0,0.0,0.0,0
0.1865671641791045,1.5,-0.4104562325619543,0.03616224547008482,0.0,0.0,0.0,1.0,0.0,0.0,1.0,0.0,0.0,0.0,1.0,0.0,0.0,1
0.22014925373134328,0.5,-0.190269841374397,1.306743311412594,0.0,0.0,0.0,1.0,0.0,1.0,0.0,0.0,0.0,0.0,1.0,0.0,0.0,1
-0.033582089552238806,-1.5,1.781771845011382,-0.17871248024912836,2.0,0.0,0.0,1.0,0.0,1.0,0.0,0.0,0.0,0.0,0.0,0.0,1.0,1
0.0037313432835820895,1.0,-0.24838136511947104,0.23044857711665906,1.0,0.0,0.0,1.0,0.0,0.0,1.0,0.0,0.0,0.0,0.0,1.0,0.0,1
0.22014925373134328,-0.5,0.6109420317266973,-0.9100845870567053,0.0,0.0,0.0,1.0,0.0,1.0,0.0,0.0,0.0,0.0,1.0,0.0,0.0,0
-1.1082089552238805,-1.5,-0.10385059756932727,-0.101592619364117,0.0,1.0,0.0,0.0,1.0,1.0,0.0,0.0,0.0,0.0,1.0,0.0,0.0,0
0.16791044776119404,-1.5,-0.040387964115334386,-0.22689354048072793,0.0,0.0,1.0,0.0,0.0,0.0,0.0,1.0,0.0,0.0,1.0,0.0,0.0,0
0.7052238805970149,-0.5,-0.5910661541884327,0.8429048413442831,0.0,0.0,0.0,1.0,0.0,0.0,0.0,0.0,0.0,1.0,0.0,1.0,0.0,0
-0.6828358208955224,-1.5,-0.4231794568620565,-0.8074606441825576,2.0,0.0,0.0,1.0,0.0,1.0,0.0,0.0,0.0,0.0,0.0,1.0,0.0,1
-0.31343283582089554,2.0,-0.493120401860097,-0.6398773672874775,-1.0,0.0,0.0,1.0,0.0,0.0,0.0,1.0,0.0,0.0,0.0,0.0,1.0,1
0.5895522388059702,-0.5,-0.3991118351414708,-0.30167674183945276,0.0,0.0,0.0,1.0,0.0,0.0,0.0,0.0,1.0,0.0,1.0,0.0,0.0,0
-0.5970149253731343,-1.0,-0.13698592330986187,0.041196773097432984,0.0,0.0,0.0,0.0,1.0,0.0,1.0,0.0,0.0,0.0,1.0,0.0,0.0,0
-0.4962686567164179,-1.5,0.554997734673749,0.5768975930665494,1.0,0.0,0.0,0.0,1.0,1.0,0.0,0.0,0.0,0.0,1.0,0.0,0.0,0
0.033582089552238806,0.0,-0.48155260445041964,0.7931429521313693,0.0,0.0,0.0,1.0,0.0,1.0,0.0,0.0,0.0,0.0,0.0,0.0,1.0,1
0.13059701492537312,0.5,1.4331521048927756,-0.7180403423883852,1.0,1.0,0.0,1.0,0.0,1.0,0.0,0.0,0.0,0.0,1.0,0.0,0.0,1
0.6977611940298507,-0.5,-0.5954125108496577,-0.5844725563511614,1.0,1.0,0.0,1.0,0.0,0.0,0.0,1.0,0.0,0.0,0.0,1.0,0.0,0
-0.07462686567164178,0.5,-0.4973124923739569,-0.14486383686226,1.0,0.0,0.0,1.0,0.0,1.0,0.0,0.0,0.0,0.0,1.0,0.0,0.0,0
-0.31343283582089554,-1.0,-0.4360081409983882,0.311187831671287,0.0,0.0,1.0,0.0,0.0,1.0,0.0,0.0,0.0,0.0,0.0,1.0,0.0,0
-0.041044776119402986,1.0,0.4274039328783668,-0.6456045500349424,1.0,0.0,0.0,1.0,0.0,0.0,1.0,0.0,0.0,0.0,1.0,0.0,0.0,0
0.23507462686567165,0.5,-0.32526062899364694,-0.5086638562851774,0.0,0.0,0.0,0.0,1.0,0.0,1.0,0.0,0.0,0.0,1.0,0.0,0.0,1
0.417910447761194,0.5,0.35508240653218204,-0.7236079002970155,3.0,0.0,0.0,1.0,0.0,1.0,0.0,0.0,0.0,0.0,1.0,0.0,0.0,1
0.5186567164179104,2.0,-0.279151634508586,0.5075417392417407,2.0,1.0,0.0,1.0,0.0,1.0,0.0,0.0,0.0,0.0,1.0,0.0,0.0,1
0.4626865671641791,0.0,-0.31533330739827997,-0.08970662738976787,0.0,0.0,0.0,1.0,0.0,0.0,0.0,1.0,0.0,0.0,1.0,0.0,0.0,0
0.10074626865671642,-0.5,-0.42128570246639946,-0.585116980325666,0.0,0.0,0.0,0.0,1.0,0.0,1.0,0.0,0.0,0.0,0.0,1.0,0.0,0
-0.48880597014925375,0.0,-0.44351351114035703,-0.05908163667363749,0.0,0.0,0.0,0.0,1.0,1.0,0.0,0.0,0.0,0.0,1.0,0.0,0.0,0
0.7201492537313433,-1.5,1.7227492216190652,-0.9868135706825469,0.0,0.0,0.0,1.0,0.0,0.0,1.0,0.0,0.0,0.0,0.0,1.0,0.0,0
0.5597014925373134,2.5,0.08083412453322637,0.19706028139855217,1.0,0.0,0.0,1.0,0.0,0.0,1.0,0.0,0.0,0.0,0.0,0.0,1.0,1
-0.5783582089552238,0.5,1.0068439078628768,0.8074640661264518,-1.0,0.0,0.0,1.0,0.0,1.0,0.0,0.0,0.0,0.0,0.0,1.0,0.0,0
0.21641791044776118,-1.5,-0.24994260991956677,-0.6829961894275169,-1.0,0.0,0.0,0.0,1.0,0.0,0.0,1.0,0.0,0.0,1.0,0.0,0.0,0
-1.3544776119402986,0.0,-0.1394357546237822,0.11430143376238747,1.0,0.0,0.0,1.0,0.0,0.0,0.0,0.0,0.0,1.0,0.0,1.0,0.0,1
0.21641791044776118,-1.5,2.020809796713207,-0.47620844313759136,0.0,1.0,0.0,0.0,1.0,1.0,0.0,0.0,0.0,0.0,0.0,1.0,0.0,0
0.458955223880597,-0.5,-0.5757805630411045,-0.22972779076720726,1.0,0.0,0.0,0.0,1.0,0.0,0.0,1.0,0.0,0.0,0.0,1.0,0.0,1
-0.6529850746268657,0.5,0.36450930579077684,0.5164928842961722,1.0,0.0,0.0,1.0,0.0,0.0,1.0,0.0,0.0,0.0,1.0,0.0,0.0,0
-0.12686567164179105,-1.5,-0.49682921605756186,-0.4710587722121777,0.0,0.0,0.0,1.0,0.0,1.0,0.0,0.0,0.0,0.0,0.0,1.0,0.0,0
-0.6753731343283582,0.0,-0.5259804561895701,-0.4336992631293537,0.0,1.0,0.0,0.0,1.0,1.0,0.0,0.0,0.0,0.0,0.0,1.0,0.0,0
-0.23507462686567165,1.0,0.9825656163448135,-0.34054170506252096,1.0,0.0,0.0,1.0,0.0,0.0,0.0,1.0,0.0,0.0,0.0,1.0,0.0,0
-0.835820895522388,0.5,-0.25806300782486674,0.9197469985942384,2.0,0.0,0.0,1.0,0.0,1.0,0.0,0.0,0.0,0.0,0.0,1.0,0.0,1
0.291044776119403,1.0,0.6325070564585039,-0.9351415931852273,2.0,1.0,0.0,1.0,0.0,0.0,0.0,0.0,0.0,1.0,0.0,1.0,0.0,1
-0.2835820895522388,0.5,0.9302149038518108,1.044934625177312,-1.0,0.0,0.0,1.0,0.0,0.0,1.0,0.0,0.0,0.0,1.0,0.0,0.0,0
-0.43656716417910446,0.5,1.2848542287211782,-0.5279314853092537,1.0,0.0,0.0,1.0,0.0,0.0,0.0,1.0,0.0,0.0,0.0,0.0,1.0,0
1.2985074626865671,0.5,-0.1018988291019395,-0.24816741431689399,1.0,1.0,0.0,1.0,0.0,1.0,0.0,0.0,0.0,0.0,1.0,0.0,0.0,0
0.3208955223880597,0.5,0.8396169196829637,-0.7059408108844213,1.0,0.0,0.0,1.0,0.0,1.0,0.0,0.0,0.0,0.0,0.0,0.0,1.0,0
0.5522388059701493,0.0,0.5559530698514348,0.125633674387365,0.0,0.0,0.0,1.0,0.0,1.0,0.0,0.0,0.0,0.0,0.0,0.0,1.0,0
0.48134328358208955,-1.0,0.35203085110091586,-0.6422007358141351,0.0,0.0,0.0,1.0,0.0,1.0,0.0,0.0,0.0,0.0,0.0,1.0,0.0,0
0.33955223880597013,1.0,-0.5723693736640793,0.38955657196463095,2.0,0.0,0.0,1.0,0.0,1.0,0.0,0.0,0.0,0.0,0.0,1.0,0.0,1
-0.48880597014925375,0.0,0.6967571761369158,-0.04939320293507491,1.0,0.0,0.0,1.0,0.0,0.0,0.0,1.0,0.0,0.0,0.0,0.0,1.0,0
-0.8134328358208955,-1.0,0.30999468353304876,0.7577173783278407,1.0,0.0,0.0,1.0,0.0,1.0,0.0,0.0,0.0,0.0,0.0,1.0,0.0,0
0.029850746268656716,-1.0,-0.1573311591109475,-0.8172547620666749,-1.0,0.0,0.0,1.0,0.0,1.0,0.0,0.0,0.0,0.0,0.0,0.0,1.0,1
-0.332089552238806,0.5,-0.229128409809763,-0.6188028129925839,0.0,0.0,0.0,1.0,0.0,0.0,0.0,1.0,0.0,0.0,0.0,1.0,0.0,0
-0.6828358208955224,-1.0,0.178092432470442,0.3060561474335949,3.0,1.0,0.0,1.0,0.0,0.0,0.0,1.0,0.0,0.0,1.0,0.0,0.0,1
-1.4701492537313432,1.0,-0.2152671884435965,0.24138470600817033,1.0,0.0,0.0,1.0,0.0,0.0,0.0,1.0,0.0,0.0,1.0,0.0,0.0,0
-0.4701492537313433,-1.0,1.3302435847061787,0.4811563429099195,1.0,1.0,0.0,1.0,0.0,1.0,0.0,0.0,0.0,0.0,0.0,0.0,1.0,0
0.16417910447761194,0.0,1.2358874797891364,0.38613699350892594,0.0,1.0,0.0,1.0,0.0,1.0,0.0,0.0,0.0,0.0,1.0,0.0,0.0,0
-0.376865671641791,-0.5,-0.5142099084092286,1.2590934946107435,2.0,0.0,0.0,1.0,0.0,1.0,0.0,0.0,0.0,0.0,1.0,0.0,0.0,1
-0.7985074626865671,1.0,0.11138697028051645,-0.46289248557883783,-1.0,0.0,0.0,0.0,1.0,0.0,1.0,0.0,0.0,0.0,1.0,0.0,0.0,0
0.7947761194029851,1.5,-0.37698942107609584,-0.7282204476383838,-1.0,0.0,0.0,1.0,0.0,0.0,1.0,0.0,0.0,0.0,0.0,1.0,0.0,1
1.2835820895522387,0.0,-0.29465610068843034,0.8831516058408766,1.0,0.0,0.0,1.0,0.0,1.0,0.0,0.0,0.0,0.0,1.0,0.0,0.0,0
0.11567164179104478,0.0,1.0494939729554909,-0.32133120425712147,0.0,0.0,0.0,1.0,0.0,0.0,0.0,1.0,0.0,0.0,0.0,1.0,0.0,0
-0.23134328358208955,1.5,0.9721370321932729,0.6012574194914084,3.0,0.0,0.0,1.0,0.0,0.0,0.0,0.0,1.0,0.0,1.0,0.0,0.0,1
-0.07835820895522388,0.5,2.6091869086002366,1.1865058618327364,-1.0,0.0,0.0,1.0,0.0,0.0,1.0,0.0,0.0,0.0,1.0,0.0,0.0,1
0.09328358208955224,-1.0,-0.4164228093876673,1.4186801536754348,1.0,0.0,0.0,1.0,0.0,1.0,0.0,0.0,0.0,0.0,0.0,0.0,1.0,1
-0.5597014925373134,-1.0,0.9483873392221958,0.7975496184903595,0.0,0.0,0.0,0.0,1.0,1.0,0.0,0.0,0.0,0.0,0.0,1.0,0.0,0
0.3917910447761194,-1.5,0.07309733817938675,-0.022477136516857628,1.0,0.0,0.0,1.0,0.0,1.0,0.0,0.0,0.0,0.0,1.0,0.0,0.0,0
-0.27611940298507465,-0.5,0.30777016453801204,-0.028592812125679476,2.0,0.0,0.0,1.0,0.0,1.0,0.0,0.0,0.0,0.0,1.0,0.0,0.0,1
0.6343283582089553,0.0,-0.23834143585459142,-0.5967180316671135,0.0,1.0,0.0,0.0,1.0,0.0,1.0,0.0,0.0,0.0,1.0,0.0,0.0,0
0.1828358208955224,-1.5,0.0682651925021529,-0.48736007127979014,0.0,0.0,0.0,1.0,0.0,0.0,0.0,1.0,0.0,0.0,0.0,1.0,0.0,0
-0.23134328358208955,0.0,-0.37625900508734195,0.029951103818093048,2.0,0.0,0.0,0.0,1.0,0.0,1.0,0.0,0.0,0.0,1.0,0.0,0.0,1
-0.24253731343283583,-1.0,-0.09334801751242698,0.3944803907161924,2.0,0.0,0.0,0.0,1.0,0.0,0.0,0.0,1.0,0.0,0.0,1.0,0.0,1
0.8619402985074627,0.0,0.015520482740128278,-0.92760622517072,1.0,1.0,0.0,1.0,0.0,1.0,0.0,0.0,0.0,0.0,0.0,0.0,1.0,0
0.6455223880597015,-0.5,3.2256681834972762,0.187636480417721,2.0,0.0,0.0,1.0,0.0,0.0,0.0,1.0,0.0,0.0,1.0,0.0,0.0,1
-0.7425373134328358,0.5,-0.16978791325739748,-0.2013606715687574,1.0,1.0,0.0,1.0,0.0,0.0,1.0,0.0,0.0,0.0,1.0,0.0,0.0,0
-0.291044776119403,-0.5,0.377271957308314,-0.9358745565617235,1.0,0.0,0.0,0.0,1.0,0.0,1.0,0.0,0.0,0.0,0.0,0.0,1.0,0
-1.462686567164179,1.0,1.0616082618092852,-0.8736356668567259,-1.0,1.0,1.0,0.0,0.0,1.0,0.0,0.0,0.0,0.0,1.0,0.0,0.0,0
0.5410447761194029,0.0,-0.49281063526004665,1.1745098602582733,0.0,0.0,0.0,0.0,1.0,1.0,0.0,0.0,0.0,0.0,0.0,0.0,1.0,1
-0.3694029850746269,1.0,0.23407629981587091,-0.937668157424277,-1.0,0.0,0.0,1.0,0.0,1.0,0.0,0.0,0.0,0.0,1.0,0.0,0.0,0
0.332089552238806,2.5,-0.1653543441880854,0.2116609196240699,1.0,0.0,0.0,0.0,1.0,1.0,0.0,0.0,0.0,0.0,0.0,0.0,1.0,1
-0.7201492537313433,1.0,1.17455683267737,0.12227493206172745,0.0,0.0,0.0,1.0,0.0,0.0,1.0,0.0,0.0,0.0,1.0,0.0,0.0,0
0.9365671641791045,-0.5,-0.07108585929651627,0.5602731226261976,1.0,1.0,0.0,0.0,1.0,1.0,0.0,0.0,0.0,0.0,1.0,0.0,0.0,0
0.6902985074626866,-0.5,0.3637138007459301,-0.07275974234916864,-1.0,0.0,0.0,1.0,0.0,1.0,0.0,0.0,0.0,0.0,0.0,0.0,1.0,0
0.27611940298507465,-1.0,1.4146421501639739,-0.5620611875865915,2.0,0.0,0.0,0.0,1.0,0.0,0.0,1.0,0.0,0.0,1.0,0.0,0.0,1
-0.48880597014925375,-1.5,1.8766083187782705,-0.48110970848818013,0.0,1.0,0.0,1.0,0.0,0.0,1.0,0.0,0.0,0.0,1.0,0.0,0.0,0
1.3320895522388059,-1.5,3.488464304680498,1.2424981088112361,0.0,1.0,0.0,1.0,0.0,0.0,0.0,1.0,0.0,0.0,1.0,0.0,0.0,1
1.1940298507462686,-1.5,-0.42198569488371646,-0.1904295639297278,1.0,1.0,0.0,1.0,0.0,0.0,0.0,1.0,0.0,0.0,1.0,0.0,0.0,0
-1.6194029850746268,-1.0,-0.2855876151337491,0.9033980338109936,0.0,0.0,0.0,1.0,0.0,0.0,1.0,0.0,0.0,0.0,0.0,1.0,0.0,0
-1.6194029850746268,0.0,-0.15404601339969515,-0.571568445479843,-1.0,1.0,0.0,1.0,0.0,0.0,0.0,1.0,0.0,0.0,0.0,1.0,0.0,1
1.085820895522388,0.0,0.22284926103212127,-0.12574765059265947,1.0,1.0,0.0,0.0,1.0,0.0,0.0,0.0,0.0,1.0,0.0,0.0,1.0,1
0.06343283582089553,0.5,-0.1419137414038177,0.2023750504414729,0.0,0.0,0.0,1.0,0.0,0.0,0.0,0.0,0.0,1.0,1.0,0.0,0.0,1
-0.13432835820895522,-0.5,-0.05263624946647162,0.2386683803834836,2.0,0.0,0.0,0.0,1.0,1.0,0.0,0.0,0.0,0.0,0.0,1.0,0.0,1
0.47761194029850745,-1.0,-0.11848150158790778,0.7028060568233925,-1.0,0.0,0.0,0.0,1.0,1.0,0.0,0.0,0.0,0.0,1.0,0.0,0.0,0
0.4216417910447761,0.5,0.114518952164189,-0.5124708121511526,0.0,0.0,0.0,0.0,1.0,1.0,0.0,0.0,0.0,0.0,0.0,0.0,1.0,0
0.7798507462686567,0.0,-0.09155932525798464,0.026433327114676823,0.0,0.0,0.0,1.0,0.0,1.0,0.0,0.0,0.0,0.0,1.0,0.0,0.0,0
-0.4664179104477612,-0.5,0.7138281820608755,-0.5733253574913324,0.0,0.0,0.0,1.0,0.0,0.0,1.0,0.0,0.0,0.0,0.0,1.0,0.0,0
0.41044776119402987,0.5,-0.35102506729697497,0.9633274486478081,-1.0,0.0,0.0,1.0,0.0,1.0,0.0,0.0,0.0,0.0,1.0,0.0,0.0,0
0.6343283582089553,1.0,-0.6217278394225659,-0.013266470665605459,1.0,0.0,0.0,1.0,0.0,0.0,1.0,0.0,0.0,0.0,1.0,0.0,0.0,0
-1.3171641791044777,-0.5,0.5226515461485135,0.9889668598660426,0.0,0.0,1.0,0.0,0.0,0.0,0.0,0.0,1.0,0.0,1.0,0.0,0.0,0
-0.16044776119402984,1.0,-0.3803216413928911,1.214142362737845,2.0,0.0,0.0,1.0,0.0,0.0,0.0,0.0,1.0,0.0,0.0,0.0,1.0,1
-0.291044776119403,1.5,-0.27228244032063037,-0.4304292450373806,1.0,0.0,1.0,0.0,0.0,1.0,0.0,0.0,0.0,0.0,1.0,0.0,0.0,1
0.6791044776119403,-1.5,0.04839534940082538,-0.8246376640664818,1.0,0.0,0.0,1.0,0.0,1.0,0.0,0.0,0.0,0.0,1.0,0.0,0.0,0
-0.3283582089552239,-1.0,1.8097585473641185,-0.7471841802428599,0.0,1.0,0.0,1.0,0.0,0.0,0.0,1.0,0.0,0.0,0.0,0.0,1.0,0
-0.6044776119402985,0.5,-0.49440892505855233,1.122440082058903,-1.0,0.0,0.0,1.0,0.0,0.0,1.0,0.0,0.0,0.0,0.0,1.0,0.0,1
0.033582089552238806,0.5,-0.5572107554486235,0.5469161758304119,1.0,0.0,0.0,1.0,0.0,0.0,1.0,0.0,0.0,0.0,0.0,1.0,0.0,0
-0.1044776119402985,0.5,0.4166193087650816,0.26415301088909005,0.0,0.0,0.0,1.0,0.0,1.0,0.0,0.0,0.0,0.0,0.0,0.0,1.0,0
1.7682089552238844,-1.0,0.7713906909104422,0.30185510996861836,0.0,0.0,0.0,1.0,0.0,1.0,0.0,0.0,0.0,0.0,1.0,0.0,0.0,0
0.8432835820895522,0.0,0.28390308413720344,-0.8756570261759486,2.0,0.0,0.0,0.0,1.0,1.0,0.0,0.0,0.0,0.0,0.0,0.0,1.0,1
0.5186567164179104,1.0,0.4774102242420085,-0.2390452367095871,0.0,0.0,0.0,0.0,1.0,1.0,0.0,0.0,0.0,0.0,1.0,0.0,0.0,0
0.39552238805970147,-1.0,3.488464304680498,-0.5371463954746856,2.0,0.0,0.0,0.0,1.0,0.0,0.0,0.0,0.0,1.0,1.0,0.0,0.0,1
-0.21641791044776118,0.0,0.11483163558794404,-0.10703486943146887,0.0,0.0,0.0,1.0,0.0,0.0,0.0,1.0,0.0,0.0,1.0,0.0,0.0,1
-0.8544776119402985,2.5,-0.5243689266759985,0.7272217458389909,-1.0,0.0,0.0,1.0,0.0,1.0,0.0,0.0,0.0,0.0,0.0,0.0,1.0,1
-0.8955223880597015,1.0,1.2649534698422136,-0.5905421131069143,-1.0,0.0,0.0,1.0,0.0,0.0,0.0,1.0,0.0,0.0,0.0,1.0,0.0,0
-1.257462686567164,0.0,2.170987914794407,0.29367933699740295,0.0,0.0,0.0,1.0,0.0,1.0,0.0,0.0,0.0,0.0,1.0,0.0,0.0,1
-0.19402985074626866,0.0,0.05221214677481575,1.1320760367646598,0.0,1.0,0.0,1.0,0.0,1.0,0.0,0.0,0.0,0.0,1.0,0.0,0.0,1
0.7238805970149254,-1.0,0.288474279973546,-0.09620301483633942,0.0,0.0,0.0,1.0,0.0,0.0,0.0,1.0,0.0,0.0,0.0,0.0,1.0,0
-0.30970149253731344,0.5,0.10426052003040401,-0.8858001265462987,1.0,0.0,0.0,0.0,1.0,1.0,0.0,0.0,0.0,0.0,0.0,0.0,1.0,1
1.0335820895522387,0.5,0.3013004889924377,0.6506228420729763,-1.0,1.0,0.0,0.0,1.0,0.0,0.0,1.0,0.0,0.0,1.0,0.0,0.0,0
-0.018656716417910446,-1.0,-0.46064131570815653,-0.4138201621918789,1.0,0.0,0.0,0.0,1.0,1.0,0.0,0.0,0.0,0.0,0.0,1.0,0.0,0
0.1417910447761194,0.5,0.02957434698495304,0.13929508187920125,1.0,0.0,0.0,1.0,0.0,0.0,0.0,1.0,0.0,0.0,0.0,0.0,1.0,0
0.011194029850746268,-0.5,-0.3421948446229425,-0.3373617981651496,1.0,0.0,0.0,0.0,1.0,0.0,1.0,0.0,0.0,0.0,0.0,1.0,0.0,0
0.2574626865671642,0.5,-0.5379750623896833,-1.0420855175915908,0.0,1.0,0.0,0.0,1.0,0.0,1.0,0.0,0.0,0.0,1.0,0.0,0.0,0
0.026119402985074626,1.0,0.11673652035871913,-0.11109371674661588,1.0,0.0,0.0,1.0,0.0,0.0,0.0,1.0,0.0,0.0,0.0,0.0,1.0,0
-0.917910447761194,0.0,0.585462344169161,-0.12532074860881842,2.0,0.0,0.0,1.0,0.0,0.0,1.0,0.0,0.0,0.0,0.0,0.0,1.0,1
-0.026119402985074626,0.0,-0.2728982786899654,-0.03703906539616865,1.0,0.0,0.0,0.0,1.0,0.0,0.0,0.0,0.0,1.0,1.0,0.0,0.0,1
0.029850746268656716,1.0,-0.4323883970557287,-0.8420709148389955,-1.0,0.0,0.0,1.0,0.0,1.0,0.0,0.0,0.0,0.0,1.0,0.0,0.0,0
-0.4626865671641791,-1.0,0.6948347708855883,0.6568503578773418,0.0,0.0,0.0,1.0,0.0,0.0,1.0,0.0,0.0,0.0,1.0,0.0,0.0,0
0.7910447761194029,-1.0,-0.24859648402534396,0.21432342172499366,2.0,0.0,0.0,1.0,0.0,0.0,0.0,1.0,0.0,0.0,0.0,1.0,0.0,1
0.23507462686567165,0.5,2.759264189589843,-0.38806255259169703,0.0,0.0,0.0,1.0,0.0,0.0,0.0,1.0,0.0,0.0,0.0,0.0,1.0,0
-0.03731343283582089,-1.0,-0.31999907533256183,-0.7433415998500132,2.0,0.0,0.0,1.0,0.0,1.0,0.0,0.0,0.0,0.0,1.0,0.0,0.0,1
0.22388059701492538,0.0,-0.5804625357099529,0.1916229111876014,1.0,0.0,0.0,1.0,0.0,1.0,0.0,0.0,0.0,0.0,1.0,0.0,0.0,0
1.0597014925373134,-0.5,-0.5250305037619752,1.0171423871468823,1.0,0.0,0.0,0.0,1.0,0.0,0.0,1.0,0.0,0.0,0.0,1.0,0.0,0
1.044776119402985,-1.0,-0.489179728902615,0.25296294245453,0.0,1.0,0.0,0.0,1.0,0.0,1.0,0.0,0.0,0.0,0.0,1.0,0.0,0
-0.35447761194029853,1.0,1.5661050738139897,1.2204223013736002,0.0,1.0,0.0,0.0,1.0,0.0,1.0,0.0,0.0,0.0,0.0,1.0,0.0,1
-0.3358208955223881,-0.5,-0.12476741801717978,0.0025162567521470744,0.0,0.0,0.0,1.0,0.0,1.0,0.0,0.0,0.0,0.0,1.0,0.0,0.0,0
-0.3843283582089552,1.0,0.5153045055856914,0.7163358086933708,2.0,0.0,0.0,1.0,0.0,1.0,0.0,0.0,0.0,0.0,0.0,1.0,0.0,1
-0.7238805970149254,-0.5,-0.4024167815645102,-0.04977862683066832,-1.0,0.0,0.0,1.0,0.0,1.0,0.0,0.0,0.0,0.0,0.0,1.0,0.0,1
-0.11567164179104478,1.5,-0.45074454119857027,-1.0693196078992746,0.0,0.0,0.0,1.0,0.0,1.0,0.0,0.0,0.0,0.0,0.0,0.0,1.0,1
-0.08582089552238806,0.5,-0.3894358478163075,-0.13531681426550915,0.0,0.0,0.0,0.0,1.0,1.0,0.0,0.0,0.0,0.0,1.0,0.0,0.0,0
-0.417910447761194,0.5,0.6544745309672932,-0.8782422626060916,-1.0,0.0,0.0,1.0,0.0,1.0,0.0,0.0,0.0,0.0,1.0,0.0,0.0,0
-0.5634328358208955,2.0,0.27652431254827364,0.08347417832798382,0.0,1.0,0.0,1.0,0.0,0.0,0.0,1.0,0.0,0.0,1.0,0.0,0.0,1
0.06343283582089553,-1.0,-0.1691589531201298,-0.9318560861818294,1.0,0.0,0.0,1.0,0.0,1.0,0.0,0.0,0.0,0.0,1.0,0.0,0.0,0
0.06716417910447761,1.5,0.2517923403657982,0.9609506469802438,2.0,1.0,0.0,0.0,1.0,0.0,1.0,0.0,0.0,0.0,0.0,1.0,0.0,1
1.25,1.5,-0.4127877902243284,-0.9734615896951132,2.0,1.0,0.0,1.0,0.0,0.0,0.0,0.0,0.0,1.0,1.0,0.0,0.0,1
0.22761194029850745,0.5,0.2998955904096313,-0.29648441661267394,2.0,0.0,0.0,1.0,0.0,0.0,1.0,0.0,0.0,0.0,1.0,0.0,0.0,1
-0.6082089552238806,-1.0,-0.6075290505611988,0.2191878285192497,1.0,0.0,0.0,1.0,0.0,1.0,0.0,0.0,0.0,0.0,1.0,0.0,0.0,1
-0.9067164179104478,-0.5,0.3422689529517105,-0.009603910689665872,1.0,0.0,0.0,1.0,0.0,0.0,1.0,0.0,0.0,0.0,1.0,0.0,0.0,0
-0.15671641791044777,-1.0,-0.06313812331965626,-1.0693196078992746,-1.0,0.0,0.0,1.0,0.0,1.0,0.0,0.0,0.0,0.0,0.0,1.0,0.0,0
0.4626865671641791,0.0,1.5463616982934163,0.286669028000005,1.0,1.0,0.0,1.0,0.0,1.0,0.0,0.0,0.0,0.0,1.0,0.0,0.0,0
-0.667910447761194,0.0,0.26003012531837894,0.5783980174764753,0.0,0.0,0.0,1.0,0.0,0.0,1.0,0.0,0.0,0.0,0.0,0.0,1.0,0
-0.09328358208955224,2.0,-0.29459344834601103,0.9156135911247154,0.0,0.0,0.0,0.0,1.0,0.0,0.0,0.0,1.0,0.0,1.0,0.0,0.0,1
0.47388059701492535,-1.0,1.812679523929983,-0.3297593818165881,0.0,1.0,0.0,1.0,0.0,1.0,0.0,0.0,0.0,0.0,0.0,0.0,1.0,0
-0.27611940298507465,-0.5,-0.326870932107478,-0.18135407990047148,0.0,0.0,0.0,1.0,0.0,0.0,1.0,0.0,0.0,0.0,0.0,1.0,0.0,1
1.1082089552238805,-1.5,-0.1804086765360323,0.0035477221315400294,3.0,1.0,0.0,1.0,0.0,0.0,1.0,0.0,0.0,0.0,1.0,0.0,0.0,1
-0.4141791044776119,0.0,-0.46711534443938785,-0.09566087820703066,1.0,0.0,0.0,1.0,0.0,1.0,0.0,0.0,0.0,0.0,0.0,1.0,0.0,1
0.10074626865671642,-0.5,0.2710846109546644,0.07390098235302187,0.0,0.0,0.0,0.0,1.0,1.0,0.0,0.0,0.0,0.0,0.0,0.0,1.0,0
-0.16791044776119404,0.5,-0.021172609061924308,-0.9825855310735709,0.0,0.0,0.0,1.0,0.0,0.0,0.0,1.0,0.0,0.0,1.0,0.0,0.0,0
-1.257462686567164,2.0,0.7983927239395138,0.8286909405691225,3.0,0.0,0.0,1.0,0.0,1.0,0.0,0.0,0.0,0.0,0.0,0.0,1.0,1
-1.5820895522388059,0.5,0.09731823442523561,-0.08756904580900089,2.0,1.0,0.0,1.0,0.0,0.0,0.0,1.0,0.0,0.0,0.0,1.0,0.0,1
-0.8880597014925373,0.5,0.23455777375462028,0.4025145124413629,1.0,0.0,0.0,1.0,0.0,0.0,0.0,0.0,0.0,1.0,1.0,0.0,0.0,1
-0.47388059701492535,1.0,-0.2240820768639395,0.7621662916503184,2.0,0.0,0.0,1.0,0.0,1.0,0.0,0.0,0.0,0.0,0.0,0.0,1.0,1
-0.029850746268656716,1.0,0.33033483069115727,-0.7207507099168949,2.0,0.0,0.0,0.0,1.0,1.0,0.0,0.0,0.0,0.0,1.0,0.0,0.0,1
-0.6716417910447762,-1.5,-0.42456069706715865,-0.2246110497796212,3.0,0.0,0.0,1.0,0.0,1.0,0.0,0.0,0.0,0.0,1.0,0.0,0.0,1
0.7761194029850746,-0.5,0.19790253029753505,0.06421800835769217,0.0,1.0,1.0,0.0,0.0,0.0,0.0,0.0,0.0,1.0,0.0,0.0,1.0,0
-0.4626865671641791,-0.5,0.30217399065353656,1.0212460365146305,-1.0,0.0,0.0,1.0,0.0,1.0,0.0,0.0,0.0,0.0,0.0,0.0,1.0,0
-0.48507462686567165,0.5,2.542335973760863,-0.9665941602201322,0.0,0.0,0.0,0.0,1.0,0.0,1.0,0.0,0.0,0.0,1.0,0.0,0.0,0
-0.7574626865671642,-1.5,-0.42238925897199897,-0.5873590047989616,3.0,0.0,0.0,1.0,0.0,1.0,0.0,0.0,0.0,0.0,1.0,0.0,0.0,1
0.8470149253731343,1.0,-0.0794607948613953,-0.163424419505609,2.0,1.0,0.0,1.0,0.0,0.0,1.0,0.0,0.0,0.0,0.0,1.0,0.0,1
0.07462686567164178,0.0,-0.4799617590790723,-0.10191619656732276,0.0,0.0,0.0,1.0,0.0,0.0,1.0,0.0,0.0,0.0,1.0,0.0,0.0,0
-0.746268656716418,1.0,0.3565524041629747,-0.6904931476790337,1.0,0.0,0.0,0.0,1.0,1.0,0.0,0.0,0.0,0.0,0.0,0.0,1.0,0
-0.018656716417910446,-0.5,0.3904464656655576,0.7052864834263792,1.0,0.0,0.0,1.0,0.0,1.0,0.0,0.0,0.0,0.0,1.0,0.0,0.0,0
0.19029850746268656,1.0,1.4756807754859467,-0.15014821173179885,0.0,0.0,0.0,1.0,0.0,1.0,0.0,0.0,0.0,0.0,1.0,0.0,0.0,0
-0.26492537313432835,0.5,-0.3517983648561948,0.9276758641810758,0.0,1.0,0.0,1.0,0.0,0.0,0.0,0.0,0.0,1.0,1.0,0.0,0.0,1
0.6268656716417911,1.0,-0.5218159690695279,0.3794619608071508,1.0,0.0,0.0,1.0,0.0,0.0,0.0,1.0,0.0,0.0,0.0,0.0,1.0,0
0.8507462686567164,-1.0,-0.13017389750089509,-0.5727008111374089,0.0,0.0,0.0,1.0,0.0,1.0,0.0,0.0,0.0,0.0,0.0,1.0,0.0,0
-0.9477611940298507,0.0,-0.256108169285427,-0.01917130861166047,2.0,0.0,0.0,1.0,0.0,1.0,0.0,0.0,0.0,0.0,1.0,0.0,0.0,1
-1.537313432835821,0.0,0.8370518987968901,0.3220598639431333,1.0,0.0,0.0,1.0,0.0,1.0,0.0,0.0,0.0,0.0,0.0,1.0,0.0,1
1.544776119402985,1.0,-0.3274360051964955,0.7737059801914439,1.0,0.0,0.0,1.0,0.0,1.0,0.0,0.0,0.0,0.0,1.0,0.0,0.0,1
0.44776119402985076,-1.0,0.5029939091591047,0.9291415148661089,1.0,1.0,0.0,1.0,0.0,1.0,0.0,0.0,0.0,0.0,1.0,0.0,0.0,0
-0.9888059701492538,1.0,0.3112969205635613,0.43534025345359667,0.0,0.0,0.0,1.0,0.0,1.0,0.0,0.0,0.0,0.0,0.0,0.0,1.0,0
-0.1455223880597015,0.5,-0.5644430095549285,0.7093026825922081,-1.0,0.0,0.0,1.0,0.0,0.0,1.0,0.0,0.0,0.0,1.0,0.0,0.0,0
-0.05970149253731343,1.0,-0.35379365014740866,0.18594792291983064,0.0,0.0,0.0,1.0,0.0,1.0,0.0,0.0,0.0,0.0,1.0,0.0,0.0,0
-0.373134328358209,-1.0,-0.5629904982882209,-1.0693196078992746,1.0,1.0,0.0,1.0,0.0,1.0,0.0,0.0,0.0,0.0,0.0,1.0,0.0,0
-0.5298507462686567,-0.5,0.2885523067769686,0.18993773514640622,0.0,0.0,0.0,1.0,0.0,1.0,0.0,0.0,0.0,0.0,0.0,1.0,0.0,1
0.5597014925373134,0.5,0.13652068787264665,0.3348760439856708,2.0,0.0,0.0,1.0,0.0,1.0,0.0,0.0,0.0,0.0,1.0,0.0,0.0,1
-1.123134328358209,-0.5,0.933430722685397,0.8652408701933101,3.0,0.0,0.0,1.0,0.0,1.0,0.0,0.0,0.0,0.0,1.0,0.0,0.0,1
0.30223880597014924,-0.5,-0.336311686188146,-0.5175799378165685,1.0,0.0,0.0,1.0,0.0,0.0,0.0,0.0,0.0,1.0,0.0,0.0,1.0,1
0.7350746268656716,2.5,3.488464304680498,-1.0587595852292584,0.0,0.0,0.0,0.0,1.0,1.0,0.0,0.0,0.0,0.0,1.0,0.0,0.0,1
-0.041044776119402986,-1.5,0.4263024561472432,0.794047467629849,-1.0,0.0,0.0,1.0,0.0,0.0,0.0,1.0,0.0,0.0,0.0,1.0,0.0,0
-0.17164179104477612,0.0,-0.4826383642080455,1.7206757969526445,2.0,0.0,0.0,0.0,1.0,0.0,1.0,0.0,0.0,0.0,1.0,0.0,0.0,1
0.3582089552238806,0.5,-0.5945587214252811,0.5223617639580184,3.0,0.0,0.0,0.0,1.0,1.0,0.0,0.0,0.0,0.0,0.0,0.0,1.0,1
0.16791044776119404,0.5,-0.21800714550660122,0.19608558259296632,0.0,0.0,1.0,0.0,0.0,1.0,0.0,0.0,0.0,0.0,0.0,1.0,0.0,0
1.0708955223880596,0.0,0.7536447849326727,-0.27895619819956335,0.0,0.0,1.0,0.0,0.0,0.0,0.0,1.0,0.0,0.0,1.0,0.0,0.0,0
0.23507462686567165,-0.5,0.8490775037874959,-1.044767636430758,1.0,0.0,0.0,1.0,0.0,1.0,0.0,0.0,0.0,0.0,0.0,1.0,0.0,1
0.6567164179104478,2.0,1.432163083628286,1.113890236428767,0.0,0.0,0.0,0.0,1.0,1.0,0.0,0.0,0.0,0.0,1.0,0.0,0.0,1
-0.3358208955223881,1.0,0.5597302136313934,0.41202891916032686,1.0,0.0,0.0,1.0,0.0,0.0,1.0,0.0,0.0,0.0,0.0,0.0,1.0,0
1.421641791044776,2.5,-0.5744961718157596,1.1277643863098417,3.0,0.0,0.0,1.0,0.0,0.0,0.0,1.0,0.0,0.0,1.0,0.0,0.0,1
-0.832089552238806,1.0,0.3384749044176953,-0.25305615142696697,0.0,0.0,0.0,1.0,0.0,1.0,0.0,0.0,0.0,0.0,1.0,0.0,0.0,0
0.11194029850746269,1.0,2.365552977824509,0.41155566810927946,0.0,0.0,0.0,1.0,0.0,1.0,0.0,0.0,0.0,0.0,0.0,0.0,1.0,0
0.417910447761194,-1.0,-0.5204014703327665,0.7861281900811715,0.0,0.0,0.0,1.0,0.0,0.0,0.0,1.0,0.0,0.0,0.0,1.0,0.0,0
0.3880597014925373,0.0,1.4326750069215273,0.4005394721328795,2.0,0.0,0.0,1.0,0.0,1.0,0.0,0.0,0.0,0.0,1.0,0.0,0.0,1
-0.2798507462686567,-1.0,0.007261293440869883,0.9356370746734102,2.0,0.0,0.0,1.0,0.0,1.0,0.0,0.0,0.0,0.0,1.0,0.0,0.0,1
-0.40298507462686567,-0.5,-0.427142824926954,0.11660852242346677,0.0,0.0,0.0,1.0,0.0,1.0,0.0,0.0,0.0,0.0,1.0,0.0,0.0,0
0.34701492537313433,2.5,-0.5902172783362658,0.6240120316691925,-1.0,1.0,0.0,1.0,0.0,1.0,0.0,0.0,0.0,0.0,1.0,0.0,0.0,1
0.6007462686567164,0.0,0.012149765831368562,0.12276987999609669,-1.0,0.0,0.0,0.0,1.0,1.0,0.0,0.0,0.0,0.0,1.0,0.0,0.0,0
1.0895522388059702,0.0,-0.1490294770381615,-0.06326219245467705,1.0,0.0,1.0,0.0,0.0,1.0,0.0,0.0,0.0,0.0,0.0,0.0,1.0,0
0.7052238805970149,0.5,-0.03662721660069176,-0.1712686957429467,0.0,0.0,0.0,1.0,0.0,0.0,1.0,0.0,0.0,0.0,1.0,0.0,0.0,0
0.332089552238806,0.5,-0.43267582445372316,-0.13345978549782236,0.0,0.0,0.0,0.0,1.0,1.0,0.0,0.0,0.0,0.0,1.0,0.0,0.0,1
0.7164179104477612,0.5,0.10521812775925642,0.8476740784030856,1.0,1.0,0.0,1.0,0.0,1.0,0.0,0.0,0.0,0.0,1.0,0.0,0.0,0
0.2798507462686567,0.0,-0.35791753379021946,-1.0194878862523118,0.0,0.0,0.0,1.0,0.0,1.0,0.0,0.0,0.0,0.0,0.0,1.0,0.0,0
-0.503731343283582,2.5,0.6362459699638578,-0.5138711737507407,-1.0,0.0,0.0,1.0,0.0,1.0,0.0,0.0,0.0,0.0,0.0,1.0,0.0,1
-0.11940298507462686,-1.0,-0.24949874913866876,0.1368722831611306,0.0,0.0,0.0,1.0,0.0,1.0,0.0,0.0,0.0,0.0,0.0,0.0,1.0,0
-0.7052238805970149,1.5,0.47773792859872255,-0.6343914303379642,1.0,0.0,0.0,1.0,0.0,1.0,0.0,0.0,0.0,0.0,1.0,0.0,0.0,1
-0.75,2.0,0.9957396358505737,0.11641458896013511,2.0,0.0,0.0,1.0,0.0,0.0,0.0,1.0,0.0,0.0,1.0,0.0,0.0,1
-1.6194029850746268,0.5,-0.38905466387435517,0.3552304343048477,0.0,0.0,0.0,1.0,0.0,0.0,1.0,0.0,0.0,0.0,1.0,0.0,0.0,0
1.2462686567164178,-1.0,0.5230590246210062,0.25859473476135486,0.0,0.0,0.0,1.0,0.0,1.0,0.0,0.0,0.0,0.0,0.0,0.0,1.0,0
0.5,-1.0,0.3834770841667394,1.3692923495477196,0.0,0.0,0.0,1.0,0.0,0.0,0.0,1.0,0.0,0.0,1.0,0.0,0.0,1
-0.9701492537313433,-0.5,-0.2207463490437258,-0.6148540940373841,-1.0,1.0,0.0,1.0,0.0,1.0,0.0,0.0,0.0,0.0,0.0,0.0,1.0,1
0.6380597014925373,-1.5,-0.27513432946418964,0.6606195038614335,-1.0,0.0,0.0,0.0,1.0,1.0,0.0,0.0,0.0,0.0,0.0,1.0,0.0,1
0.31343283582089554,0.0,-0.08901382310204932,-0.5987199603418897,-1.0,0.0,0.0,1.0,0.0,1.0,0.0,0.0,0.0,0.0,1.0,0.0,0.0,0
-0.27611940298507465,-0.5,0.7133764943669983,-0.5839972360791879,0.0,1.0,0.0,0.0,1.0,1.0,0.0,0.0,0.0,0.0,1.0,0.0,0.0,0
0.1417910447761194,1.0,0.10522262215439214,1.6828889344072218,0.0,0.0,0.0,1.0,0.0,1.0,0.0,0.0,0.0,0.0,1.0,0.0,0.0,1
0.5223880597014925,-0.5,-0.41928094071152205,-0.9738214482918739,0.0,1.0,0.0,1.0,0.0,0.0,1.0,0.0,0.0,0.0,1.0,0.0,0.0,1
-0.011194029850746268,-0.5,1.679464467893689,0.21203089033989617,2.0,0.0,0.0,0.0,1.0,1.0,0.0,0.0,0.0,0.0,0.0,0.0,1.0,1
-0.7350746268656716,-0.5,0.3210501714926827,-0.518791496372054,0.0,0.0,0.0,0.0,1.0,0.0,0.0,1.0,0.0,0.0,1.0,0.0,0.0,0
-0.5410447761194029,1.5,0.019258695474180788,0.6398067686369826,2.0,0.0,0.0,1.0,0.0,1.0,0.0,0.0,0.0,0.0,1.0,0.0,0.0,1
-0.25,-0.5,-0.442490850797991,-0.7116855097926684,0.0,0.0,0.0,1.0,0.0,0.0,1.0,0.0,0.0,0.0,0.0,1.0,0.0,1
0.8843283582089553,-1.0,-0.2185100703368481,0.07675039978740571,1.0,0.0,0.0,0.0,1.0,1.0,0.0,0.0,0.0,0.0,1.0,0.0,0.0,0
0.8470149253731343,0.5,0.4151958986806852,0.26613476117362583,1.0,0.0,0.0,0.0,1.0,0.0,1.0,0.0,0.0,0.0,1.0,0.0,0.0,0
0.2574626865671642,0.5,-0.2547894036954556,-1.0693196078992746,0.0,1.0,0.0,1.0,0.0,1.0,0.0,0.0,0.0,0.0,1.0,0.0,0.0,1
-0.5895522388059702,-0.5,-0.15703528042089093,1.0370587829869071,0.0,0.0,0.0,1.0,0.0,0.0,0.0,0.0,1.0,0.0,0.0,1.0,0.0,0
0.16417910447761194,0.0,-0.4591134423242764,-0.3119866171015105,-1.0,0.0,0.0,1.0,0.0,1.0,0.0,0.0,0.0,0.0,1.0,0.0,0.0,0
-0.1865671641791045,-1.0,-0.5800376256790563,0.6245214195181358,0.0,0.0,0.0,1.0,0.0,1.0,0.0,0.0,0.0,0.0,0.0,0.0,1.0,1
0.0708955223880597,-1.0,-0.5368320324651249,0.7466080279586997,0.0,1.0,0.0,1.0,0.0,1.0,0.0,0.0,0.0,0.0,1.0,0.0,0.0,0
1.0820895522388059,0.0,0.9200261054747809,0.9169482356004849,0.0,0.0,0.0,0.0,1.0,0.0,0.0,1.0,0.0,0.0,0.0,1.0,0.0,1
1.3059701492537314,2.0,1.7840145002866572,-0.04804399123698297,1.0,0.0,0.0,0.0,1.0,1.0,0.0,0.0,0.0,0.0,1.0,0.0,0.0,1
-0.1455223880597015,0.0,-0.386345715513325,0.3367181730400102,1.0,0.0,0.0,1.0,0.0,0.0,1.0,0.0,0.0,0.0,0.0,1.0,0.0,0
-0.4552238805970149,-0.5,1.8338868882146522,-0.2502482857999133,1.0,0.0,0.0,0.0,1.0,0.0,0.0,0.0,1.0,0.0,0.0,0.0,1.0,1
0.3656716417910448,-1.0,-0.25659613706000783,-0.31134528906166137,0.0,0.0,0.0,1.0,0.0,0.0,0.0,1.0,0.0,0.0,0.0,1.0,0.0,0
-0.832089552238806,0.0,-0.32184049481482835,0.38642070829174263,0.0,0.0,0.0,1.0,0.0,0.0,0.0,1.0,0.0,0.0,0.0,1.0,0.0,0
-0.7276119402985075,-0.5,1.2376475930235797,0.5669494425146216,-1.0,0.0,0.0,1.0,0.0,0.0,0.0,0.0,1.0,0.0,0.0,0.0,1.0,0
0.06716417910447761,-0.5,3.209831004666507,-0.5963557865246637,1.0,1.0,0.0,1.0,0.0,1.0,0.0,0.0,0.0,0.0,0.0,1.0,0.0,1
0.19402985074626866,0.0,3.488464304680498,1.1648110554044169,0.0,0.0,0.0,1.0,0.0,0.0,0.0,1.0,0.0,0.0,1.0,0.0,0.0,1
1.25,-1.0,0.17134366140174362,1.1025641950078482,3.0,0.0,0.0,1.0,0.0,1.0,0.0,0.0,0.0,0.0,1.0,0.0,0.0,1
1.7682089552238844,-1.0,2.0769962933858546,-0.22052591338372138,1.0,0.0,0.0,1.0,0.0,0.0,0.0,0.0,0.0,1.0,0.0,1.0,0.0,0
0.23507462686567165,1.0,-0.6131848698333289,-0.8802643025310947,-1.0,0.0,0.0,0.0,1.0,0.0,0.0,0.0,0.0,1.0,1.0,0.0,0.0,1
0.06716417910447761,-0.5,-0.6217278394225659,-0.10157088723350649,0.0,0.0,0.0,1.0,0.0,0.0,0.0,0.0,1.0,0.0,1.0,0.0,0.0,1
-0.007462686567164179,-0.5,1.2367220273474517,1.4964065201096701,2.0,0.0,0.0,0.0,1.0,1.0,0.0,0.0,0.0,0.0,1.0,0.0,0.0,1
-0.3694029850746269,-0.5,0.805129562541447,0.3161457940980663,0.0,0.0,0.0,1.0,0.0,1.0,0.0,0.0,0.0,0.0,1.0,0.0,0.0,0
1.4067164179104477,0.0,0.4054162593853988,1.6990157961200723,2.0,0.0,0.0,1.0,0.0,0.0,0.0,1.0,0.0,0.0,1.0,0.0,0.0,1
-1.3134328358208955,-1.5,-0.165319983396735,0.009335104375028618,-1.0,0.0,0.0,1.0,0.0,0.0,1.0,0.0,0.0,0.0,0.0,1.0,0.0,0
0.44776119402985076,2.0,-0.046003304803730695,0.5423986064720561,0.0,1.0,1.0,0.0,0.0,0.0,0.0,0.0,0.0,1.0,1.0,0.0,0.0,1
-0.4962686567164179,0.0,0.9511923196538254,1.0130233073095911,2.0,0.0,0.0,1.0,0.0,0.0,1.0,0.0,0.0,0.0,1.0,0.0,0.0,1
0.4216417910447761,-0.5,-0.4859265696122061,0.6170267100285308,-1.0,0.0,0.0,1.0,0.0,1.0,0.0,0.0,0.0,0.0,1.0,0.0,0.0,0
-0.014925373134328358,0.0,-0.14122613840497783,0.2742700784119513,0.0,0.0,0.0,1.0,0.0,1.0,0.0,0.0,0.0,0.0,0.0,1.0,0.0,1
-1.0932835820895523,-0.5,-0.3337328528868206,-0.6646437110878408,2.0,0.0,0.0,1.0,0.0,0.0,0.0,1.0,0.0,0.0,1.0,0.0,0.0,1
-1.1940298507462686,1.0,2.336686856596907,1.298823207694641,0.0,0.0,0.0,0.0,1.0,0.0,1.0,0.0,0.0,0.0,0.0,1.0,0.0,1
0.5111940298507462,-1.0,0.6195524585672193,-0.4758688511268921,-1.0,1.0,0.0,1.0,0.0,0.0,0.0,1.0,0.0,0.0,0.0,0.0,1.0,0
-0.7985074626865671,-1.5,0.7742119507557739,0.3468698483290494,0.0,0.0,0.0,0.0,1.0,1.0,0.0,0.0,0.0,0.0,0.0,0.0,1.0,0
0.44029850746268656,-1.5,-0.3493621350835887,1.328562790284745,1.0,1.0,0.0,1.0,0.0,0.0,0.0,1.0,0.0,0.0,1.0,0.0,0.0,1
0.6156716417910447,0.0,-0.2912030805224595,-0.7671055926536637,1.0,0.0,0.0,0.0,1.0,1.0,0.0,0.0,0.0,0.0,0.0,0.0,1.0,0
0.7985074626865671,1.5,0.7869479780436052,0.9997227802992287,0.0,0.0,1.0,0.0,0.0,1.0,0.0,0.0,0.0,0.0,1.0,0.0,0.0,1
0.44776119402985076,-1.0,-0.5736720480203992,0.6909297578784663,3.0,0.0,0.0,1.0,0.0,0.0,1.0,0.0,0.0,0.0,0.0,0.0,1.0,1
1.708955223880597,0.5,0.33685288229315036,-0.2790544337248838,0.0,0.0,1.0,0.0,0.0,0.0,0.0,1.0,0.0,0.0,1.0,0.0,0.0,0
-1.6194029850746268,-1.0,0.08208935141376285,-0.9528232537797812,-1.0,0.0,0.0,1.0,0.0,0.0,0.0,1.0,0.0,0.0,0.0,1.0,0.0,0
-0.23134328358208955,0.0,0.32997499691390847,0.5575434570723331,-1.0,0.0,0.0,0.0,1.0,1.0,0.0,0.0,0.0,0.0,0.0,1.0,0.0,0
-0.7388059701492538,-0.5,0.06859127556120634,-0.4747574180864128,2.0,1.0,0.0,1.0,0.0,0.0,1.0,0.0,0.0,0.0,0.0,1.0,0.0,1
0.376865671641791,-0.5,-0.562129145688257,1.0447313426554101,-1.0,0.0,0.0,0.0,1.0,0.0,1.0,0.0,0.0,0.0,1.0,0.0,0.0,0
0.582089552238806,0.0,-0.31807921272911993,0.05516371252202135,-1.0,0.0,0.0,1.0,0.0,1.0,0.0,0.0,0.0,0.0,0.0,1.0,0.0,0
-0.6380597014925373,0.5,0.5378269293380448,1.166617850493281,0.0,1.0,0.0,1.0,0.0,1.0,0.0,0.0,0.0,0.0,0.0,1.0,0.0,1
-0.7985074626865671,1.0,0.6763177722846867,-0.5220750715320831,1.0,0.0,0.0,1.0,0.0,0.0,1.0,0.0,0.0,0.0,1.0,0.0,0.0,0
0.9477611940298507,2.0,2.0072236629773785,-0.757496066207536,0.0,0.0,0.0,1.0,0.0,1.0,0.0,0.0,0.0,0.0,1.0,0.0,0.0,1
-0.4664179104477612,-1.5,-0.3203240399824236,-0.8972944013674435,1.0,0.0,0.0,1.0,0.0,1.0,0.0,0.0,0.0,0.0,1.0,0.0,0.0,0
0.48507462686567165,-1.0,-0.10678516565139702,-0.25334791131296114,-1.0,0.0,0.0,1.0,0.0,1.0,0.0,0.0,0.0,0.0,0.0,1.0,0.0,0
0.15671641791044777,0.5,0.07982520881677217,0.6459845024117066,0.0,0.0,0.0,1.0,0.0,1.0,0.0,0.0,0.0,0.0,0.0,0.0,1.0,0
-1.2686567164179106,1.0,0.25166048285896875,-0.2164644376203228,1.0,0.0,0.0,1.0,0.0,0.0,1.0,0.0,0.0,0.0,1.0,0.0,0.0,0
-1.126865671641791,-1.0,-0.5864637153538005,-0.8882476279062959,-1.0,0.0,0.0,0.0,1.0,0.0,1.0,0.0,0.0,0.0,0.0,1.0,0.0,1
-0.5410447761194029,2.0,-0.5134204717980326,-0.29219728011784585,0.0,1.0,0.0,1.0,0.0,1.0,0.0,0.0,0.0,0.0,0.0,0.0,1.0,1
-0.22388059701492538,-0.5,-0.42699572773821837,1.2901479322157894,0.0,1.0,0.0,0.0,1.0,1.0,0.0,0.0,0.0,0.0,0.0,1.0,0.0,1
1.1940298507462686,0.0,0.1171566852562504,-0.4482032524325803,0.0,0.0,0.0,1.0,0.0,1.0,0.0,0.0,0.0,0.0,0.0,0.0,1.0,0
0.5410447761194029,-0.5,-0.3040690089217949,-0.2297204227034156,2.0,0.0,0.0,1.0,0.0,1.0,0.0,0.0,0.0,0.0,0.0,1.0,0.0,1
1.3470149253731343,0.0,-0.24931569875982346,0.6122775341934545,2.0,0.0,0.0,1.0,0.0,1.0,0.0,0.0,0.0,0.0,1.0,0.0,0.0,1
0.5559701492537313,1.5,-0.5866928527115806,0.01759039328378318,0.0,0.0,0.0,1.0,0.0,0.0,0.0,0.0,1.0,0.0,0.0,0.0,1.0,1
1.1380597014925373,1.0,0.6385740848299427,-0.11566095700960946,-1.0,0.0,0.0,1.0,0.0,1.0,0.0,0.0,0.0,0.0,1.0,0.0,0.0,0
1.4029850746268657,0.0,-0.35129123370460824,1.0903611083978493,0.0,0.0,1.0,0.0,0.0,0.0,1.0,0.0,0.0,0.0,1.0,0.0,0.0,1
-0.6305970149253731,2.5,-0.5757144372963573,-0.8055370193423952,1.0,0.0,0.0,1.0,0.0,0.0,0.0,1.0,0.0,0.0,0.0,0.0,1.0,1
-0.9067164179104478,0.0,-0.5951357112808531,-0.4507173925775624,0.0,0.0,0.0,1.0,0.0,0.0,0.0,1.0,0.0,0.0,0.0,0.0,1.0,0
-0.25,-1.0,1.876223198764662,-0.953298610547199,-1.0,0.0,0.0,1.0,0.0,1.0,0.0,0.0,0.0,0.0,0.0,0.0,1.0,1
0.0,0.5,0.8587701999237631,0.14476877180259812,0.0,1.0,0.0,1.0,0.0,0.0,0.0,0.0,1.0,0.0,1.0,0.0,0.0,0
-0.8134328358208955,-0.5,-0.21766804725257644,1.2329412640000759,0.0,1.0,0.0,1.0,0.0,1.0,0.0,0.0,0.0,0.0,0.0,0.0,1.0,1
0.23880597014925373,0.5,-0.4850158465068213,0.684305700397154,0.0,0.0,0.0,1.0,0.0,1.0,0.0,0.0,0.0,0.0,1.0,0.0,0.0,0
0.3582089552238806,1.0,-0.41246094673828704,-0.41413887089792056,0.0,0.0,0.0,1.0,0.0,0.0,1.0,0.0,0.0,0.0,1.0,0.0,0.0,0
-0.7238805970149254,2.0,-0.38986123494511266,-1.0693196078992746,-1.0,1.0,0.0,1.0,0.0,0.0,0.0,0.0,0.0,1.0,1.0,0.0,0.0,1
0.11567164179104478,-0.5,0.26432042719834326,0.6102806333062915,-1.0,0.0,0.0,0.0,1.0,0.0,0.0,1.0,0.0,0.0,0.0,0.0,1.0,0
0.26492537313432835,-1.0,0.1807941659210036,-0.026951915843296453,0.0,0.0,0.0,0.0,1.0,0.0,0.0,1.0,0.0,0.0,1.0,0.0,0.0,0
-0.7873134328358209,-1.5,-0.4611160277897547,-0.46187677030691526,1.0,1.0,0.0,0.0,1.0,1.0,0.0,0.0,0.0,0.0,1.0,0.0,0.0,0
-0.9104477611940298,1.5,-0.2816635914725208,-0.3740505613304557,0.0,0.0,0.0,1.0,0.0,1.0,0.0,0.0,0.0,0.0,1.0,0.0,0.0,1
-0.08955223880597014,0.0,-0.2769363699757682,-1.0218898445824376,3.0,0.0,1.0,0.0,0.0,1.0,0.0,0.0,0.0,0.0,1.0,0.0,0.0,1
0.3843283582089552,-1.0,-0.39406938784086143,0.39971267968905,2.0,1.0,0.0,1.0,0.0,1.0,0.0,0.0,0.0,0.0,1.0,0.0,0.0,1
1.1417910447761195,0.5,-0.24454348159512132,0.6296611523922107,0.0,0.0,0.0,0.0,1.0,0.0,0.0,1.0,0.0,0.0,0.0,0.0,1.0,0
1.044776119402985,0.5,-0.05953663047169926,0.7264684383655237,2.0,0.0,0.0,0.0,1.0,0.0,0.0,1.0,0.0,0.0,0.0,0.0,1.0,1
1.0335820895522387,0.5,-0.3404262775169363,0.01845792843461526,3.0,0.0,0.0,1.0,0.0,1.0,0.0,0.0,0.0,0.0,1.0,0.0,0.0,1
-1.6194029850746268,0.0,0.7440399269903277,0.6169696225233909,2.0,1.0,0.0,1.0,0.0,0.0,0.0,0.0,1.0,0.0,0.0,1.0,0.0,1
-0.44776119402985076,0.5,-0.17894700169355438,0.507846870376378,0.0,0.0,0.0,1.0,0.0,0.0,1.0,0.0,0.0,0.0,0.0,1.0,0.0,0
-0.6716417910447762,0.0,-0.25924760069713393,-0.059784618181885275,0.0,0.0,0.0,1.0,0.0,1.0,0.0,0.0,0.0,0.0,1.0,0.0,0.0,0
-0.1865671641791045,-1.0,0.8364087704426493,-1.0693196078992746,0.0,0.0,0.0,1.0,0.0,1.0,0.0,0.0,0.0,0.0,1.0,0.0,0.0,0
0.7238805970149254,0.5,1.2644060891069469,-0.07724244816571747,-1.0,1.0,0.0,1.0,0.0,1.0,0.0,0.0,0.0,0.0,0.0,0.0,1.0,0
-1.5708955223880596,-1.0,-0.019314506446134028,0.25739080873616904,2.0,0.0,0.0,1.0,0.0,1.0,0.0,0.0,0.0,0.0,1.0,0.0,0.0,1
-1.2388059701492538,-1.5,0.5823991709234998,-0.7794192153075361,2.0,0.0,0.0,1.0,0.0,0.0,1.0,0.0,0.0,0.0,1.0,0.0,0.0,1
-0.332089552238806,-1.0,-0.5629221682629795,-0.6589855084615671,1.0,0.0,0.0,0.0,1.0,1.0,0.0,0.0,0.0,0.0,0.0,1.0,0.0,0
0.417910447761194,2.5,0.018637606557236758,-0.4562940542367388,3.0,0.0,0.0,0.0,1.0,1.0,0.0,0.0,0.0,0.0,0.0,1.0,0.0,1
0.1865671641791045,-0.5,-0.28858224917264813,0.7283373553342373,-1.0,0.0,0.0,1.0,0.0,1.0,0.0,0.0,0.0,0.0,0.0,0.0,1.0,0
0.19776119402985073,2.0,-0.4240794077967516,-0.9402477874329974,2.0,0.0,1.0,0.0,0.0,1.0,0.0,0.0,0.0,0.0,1.0,0.0,0.0,1
-0.048507462686567165,0.5,0.6478551949640381,-0.5995963103265082,-1.0,0.0,0.0,1.0,0.0,1.0,0.0,0.0,0.0,0.0,1.0,0.0,0.0,0
-0.45149253731343286,0.0,0.4305830000345844,-0.9956720699272159,-1.0,0.0,0.0,0.0,1.0,0.0,0.0,0.0,0.0,1.0,1.0,0.0,0.0,1
0.15671641791044777,2.0,0.2755170774839166,-0.6832502173632126,0.0,0.0,0.0,1.0,0.0,1.0,0.0,0.0,0.0,0.0,0.0,1.0,0.0,1
-0.018656716417910446,0.0,0.06312735788887454,-0.06757405075338409,-1.0,0.0,0.0,1.0,0.0,1.0,0.0,0.0,0.0,0.0,1.0,0.0,0.0,0
0.9104477611940298,-0.5,0.5355294898454843,-0.6152669468167012,2.0,0.0,0.0,1.0,0.0,1.0,0.0,0.0,0.0,0.0,1.0,0.0,0.0,1
-0.16791044776119404,-1.0,-0.39347149721343183,0.9582237621943451,0.0,0.0,0.0,0.0,1.0,1.0,0.0,0.0,0.0,0.0,1.0,0.0,0.0,0
-0.3582089552238806,1.0,0.8280899430160699,0.39379368953200816,0.0,0.0,0.0,0.0,1.0,1.0,0.0,0.0,0.0,0.0,1.0,0.0,0.0,1
-1.085820895522388,-0.5,0.0723047569209217,1.7206757969526445,0.0,0.0,0.0,0.0,1.0,1.0,0.0,0.0,0.0,0.0,1.0,0.0,0.0,1
-0.5410447761194029,-0.5,-0.44740700319398224,1.7206757969526445,1.0,1.0,0.0,0.0,1.0,0.0,0.0,1.0,0.0,0.0,1.0,0.0,0.0,1
-0.8843283582089553,0.0,-0.10990553083274678,0.1470656864298668,1.0,0.0,0.0,0.0,1.0,1.0,0.0,0.0,0.0,0.0,0.0,1.0,0.0,0
-1.6194029850746268,-0.5,1.2778636111529076,1.007464273427721,-1.0,1.0,0.0,1.0,0.0,1.0,0.0,0.0,0.0,0.0,0.0,0.0,1.0,1
0.332089552238806,1.0,-0.4331523305227793,1.0839717523747445,1.0,0.0,0.0,0.0,1.0,0.0,0.0,0.0,1.0,0.0,1.0,0.0,0.0,1
0.11194029850746269,-1.5,-0.08732148571469854,-0.23121641800920334,1.0,1.0,0.0,0.0,1.0,1.0,0.0,0.0,0.0,0.0,0.0,0.0,1.0,0
1.1977611940298507,-0.5,-0.36414601891523035,-0.8022230763075506,0.0,0.0,0.0,0.0,1.0,1.0,0.0,0.0,0.0,0.0,1.0,0.0,0.0,0
-0.5708955223880597,-1.0,0.09707401048587175,-0.9271400052060246,0.0,0.0,0.0,1.0,0.0,1.0,0.0,0.0,0.0,0.0,1.0,0.0,0.0,0
-0.9888059701492538,0.5,-0.450562675751982,-0.35575578852843254,0.0,0.0,0.0,1.0,0.0,1.0,0.0,0.0,0.0,0.0,0.0,1.0,0.0,0
0.0,-0.5,-0.44546859393292204,-0.8013173570131926,0.0,0.0,0.0,1.0,0.0,1.0,0.0,0.0,0.0,0.0,1.0,0.0,0.0,0
-0.6380597014925373,0.0,0.3568922093542999,0.736195142756267,0.0,1.0,0.0,1.0,0.0,1.0,0.0,0.0,0.0,0.0,0.0,0.0,1.0,0
0.47388059701492535,1.5,0.5624367776599796,-0.37617186089201093,1.0,0.0,0.0,1.0,0.0,1.0,0.0,0.0,0.0,0.0,0.0,0.0,1.0,1
-0.6305970149253731,0.0,-0.5451564492506011,1.0003966429581042,1.0,1.0,0.0,1.0,0.0,0.0,0.0,1.0,0.0,0.0,1.0,0.0,0.0,0
1.757462686567164,1.0,0.25956826491949486,1.167378108316603,0.0,0.0,0.0,1.0,0.0,1.0,0.0,0.0,0.0,0.0,0.0,1.0,0.0,1
-0.6305970149253731,0.5,-0.31127268838621563,1.0386238748279,1.0,0.0,0.0,1.0,0.0,1.0,0.0,0.0,0.0,0.0,1.0,0.0,0.0,0
0.08955223880597014,1.5,-0.2643022666025317,1.5304062195644317,0.0,0.0,1.0,0.0,0.0,0.0,0.0,1.0,0.0,0.0,1.0,0.0,0.0,1
0.0,1.0,-0.28516876326311097,1.3628645430816642,2.0,0.0,0.0,1.0,0.0,0.0,0.0,1.0,0.0,0.0,0.0,0.0,1.0,1
-1.5223880597014925,-0.5,-0.5569305445405425,0.07639136948841288,1.0,0.0,0.0,1.0,0.0,0.0,0.0,1.0,0.0,0.0,0.0,1.0,0.0,1
-0.05223880597014925,0.5,0.050616222553296585,-0.7074822148081114,-1.0,0.0,0.0,0.0,1.0,0.0,0.0,1.0,0.0,0.0,0.0,0.0,1.0,0
0.5895522388059702,1.0,-0.17180741459113574,-0.6457244418672987,-1.0,0.0,0.0,1.0,0.0,1.0,0.0,0.0,0.0,0.0,1.0,0.0,0.0,0
-0.44776119402985076,0.5,0.016159554756641006,0.9185675406938907,0.0,1.0,0.0,1.0,0.0,1.0,0.0,0.0,0.0,0.0,0.0,1.0,0.0,0
-0.5970149253731343,-0.5,-0.5919352535017149,-0.7202251623712536,1.0,0.0,0.0,0.0,1.0,1.0,0.0,0.0,0.0,0.0,1.0,0.0,0.0,0
-0.24253731343283583,1.0,-0.4144415789309628,0.21776041633084395,0.0,0.0,0.0,0.0,1.0,0.0,0.0,0.0,0.0,1.0,0.0,0.0,1.0,1
-0.12686567164179105,0.5,0.12989030326409118,0.5712535253101927,3.0,0.0,0.0,1.0,0.0,0.0,0.0,1.0,0.0,0.0,0.0,0.0,1.0,1
0.8917910447761194,0.0,-0.5655896215304013,1.660041846814615,1.0,0.0,0.0,1.0,0.0,1.0,0.0,0.0,0.0,0.0,1.0,0.0,0.0,1
0.9291044776119403,0.0,0.6644967481081255,0.5071778601677315,1.0,0.0,0.0,0.0,1.0,0.0,0.0,0.0,1.0,0.0,1.0,0.0,0.0,0
-0.8955223880597015,0.5,-0.03118960497617265,0.27776797816488136,2.0,0.0,0.0,1.0,0.0,0.0,0.0,1.0,0.0,0.0,0.0,1.0,0.0,1
0.05970149253731343,0.0,-0.49282835357529786,0.6687340549965118,1.0,0.0,0.0,1.0,0.0,1.0,0.0,0.0,0.0,0.0,0.0,0.0,1.0,0
0.05223880597014925,-0.5,0.5540508615983872,-0.224275472267575,2.0,0.0,0.0,1.0,0.0,1.0,0.0,0.0,0.0,0.0,0.0,0.0,1.0,1
-0.8395522388059702,1.5,-0.40714551440320496,-0.30122392678094245,1.0,1.0,0.0,1.0,0.0,0.0,1.0,0.0,0.0,0.0,1.0,0.0,0.0,1
-1.2388059701492538,-1.5,-0.5035803098607875,0.4065401460829409,1.0,0.0,0.0,1.0,0.0,1.0,0.0,0.0,0.0,0.0,1.0,0.0,0.0,0
-1.0522388059701493,1.0,-0.2418727791484889,1.7206757969526445,-1.0,0.0,0.0,1.0,0.0,0.0,1.0,0.0,0.0,0.0,1.0,0.0,0.0,1
-0.8582089552238806,1.5,1.761785204059055,-0.7507719554895985,-1.0,0.0,0.0,1.0,0.0,1.0,0.0,0.0,0.0,0.0,1.0,0.0,0.0,1
-1.0335820895522387,-1.0,0.0734117684198985,-1.0693196078992746,0.0,0.0,0.0,1.0,0.0,0.0,0.0,1.0,0.0,0.0,0.0,1.0,0.0,0
0.8656716417910447,-1.0,-0.5673833826281248,-0.6470167195511167,1.0,1.0,1.0,0.0,0.0,1.0,0.0,0.0,0.0,0.0,0.0,1.0,0.0,0
1.1082089552238805,1.0,-0.2540736759903427,-0.2060882474997707,0.0,0.0,0.0,0.0,1.0,1.0,0.0,0.0,0.0,0.0,0.0,0.0,1.0,1
-0.746268656716418,-1.0,-0.5888263295931648,-0.11916405316432503,-1.0,0.0,0.0,1.0,0.0,0.0,0.0,0.0,0.0,1.0,1.0,0.0,0.0,0
-1.6194029850746268,-1.0,1.7290695873406128,0.9209195358690916,1.0,0.0,0.0,1.0,0.0,0.0,0.0,1.0,0.0,0.0,1.0,0.0,0.0,0
0.8917910447761194,-0.5,1.0821956007909341,-0.44202529945270297,-1.0,0.0,0.0,0.0,1.0,1.0,0.0,0.0,0.0,0.0,1.0,0.0,0.0,0
-0.664179104477612,-0.5,1.0595281891089188,-0.6689126523447009,2.0,0.0,0.0,1.0,0.0,1.0,0.0,0.0,0.0,0.0,1.0,0.0,0.0,1
-1.3395522388059702,-0.5,-0.4566577153653829,-0.472097458574096,1.0,0.0,0.0,1.0,0.0,1.0,0.0,0.0,0.0,0.0,1.0,0.0,0.0,1
1.2276119402985075,-0.5,-0.6159873895147434,-0.09914579952906367,0.0,1.0,0.0,1.0,0.0,1.0,0.0,0.0,0.0,0.0,1.0,0.0,0.0,1
-0.4962686567164179,1.5,-0.2707613312542659,-0.6936588951933859,2.0,1.0,0.0,1.0,0.0,0.0,0.0,1.0,0.0,0.0,1.0,0.0,0.0,1
-0.8059701492537313,-0.5,0.78449211938366,0.90463084192618,0.0,0.0,1.0,0.0,0.0,0.0,0.0,0.0,1.0,0.0,1.0,0.0,0.0,0
-0.6940298507462687,0.5,1.5321467634040664,1.591345728314365,0.0,0.0,0.0,1.0,0.0,1.0,0.0,0.0,0.0,0.0,1.0,0.0,0.0,1
0.417910447761194,-1.0,0.8333205616854467,0.7898727849850776,2.0,0.0,0.0,0.0,1.0,1.0,0.0,0.0,0.0,0.0,1.0,0.0,0.0,1
1.537313432835821,0.0,-0.5829593330566427,-0.7523365576964735,0.0,1.0,0.0,1.0,0.0,1.0,0.0,0.0,0.0,0.0,1.0,0.0,0.0,0
-1.6194029850746268,1.5,-0.3953029986460701,-0.06456784828930467,2.0,0.0,0.0,0.0,1.0,1.0,0.0,0.0,0.0,0.0,1.0,0.0,0.0,1
-0.23134328358208955,-1.0,0.17730867628896574,0.16971970607280062,-1.0,0.0,0.0,1.0,0.0,1.0,0.0,0.0,0.0,0.0,1.0,0.0,0.0,0
0.19029850746268656,1.5,0.13849898078584433,0.9436672899640886,2.0,0.0,0.0,1.0,0.0,1.0,0.0,0.0,0.0,0.0,0.0,0.0,1.0,1
0.29850746268656714,-0.5,-0.475169111416541,-0.8576352918853191,2.0,0.0,0.0,1.0,0.0,0.0,1.0,0.0,0.0,0.0,1.0,0.0,0.0,1
-0.16791044776119404,1.0,0.20182875194750938,-0.10721695080445785,1.0,0.0,0.0,0.0,1.0,1.0,0.0,0.0,0.0,0.0,1.0,0.0,0.0,1
0.8843283582089553,0.5,-0.5983078522099954,-0.8874321594205067,0.0,0.0,0.0,1.0,0.0,0.0,1.0,0.0,0.0,0.0,0.0,1.0,0.0,0
-0.835820895522388,-1.5,-0.034349436992730784,1.6071603878114789,1.0,0.0,0.0,0.0,1.0,0.0,0.0,1.0,0.0,0.0,0.0,1.0,0.0,1
-0.23134328358208955,-0.5,0.2170719105431325,-0.735148347104252,1.0,0.0,0.0,1.0,0.0,0.0,0.0,0.0,1.0,0.0,0.0,1.0,0.0,0
0.4626865671641791,-1.0,-0.45665055288611134,0.10319861869149746,2.0,0.0,0.0,0.0,1.0,0.0,1.0,0.0,0.0,0.0,1.0,0.0,0.0,1
-0.4626865671641791,-1.5,1.0584477234614758,0.24758143885565248,2.0,0.0,0.0,1.0,0.0,0.0,1.0,0.0,0.0,0.0,0.0,1.0,0.0,1
1.5335820895522387,0.0,2.3710121015775916,0.590352206481878,0.0,0.0,0.0,1.0,0.0,1.0,0.0,0.0,0.0,0.0,0.0,1.0,0.0,0
-0.018656716417910446,0.5,-0.4626005382211259,0.48124477687637524,1.0,0.0,0.0,1.0,0.0,1.0,0.0,0.0,0.0,0.0,1.0,0.0,0.0,0
-0.5932835820895522,1.0,-0.6039153317009119,0.5620181218502424,1.0,0.0,0.0,0.0,1.0,1.0,0.0,0.0,0.0,0.0,1.0,0.0,0.0,0
0.291044776119403,1.0,-0.5758748244528141,0.4781404009494809,1.0,0.0,0.0,1.0,0.0,0.0,1.0,0.0,0.0,0.0,0.0,1.0,0.0,0
-0.022388059701492536,0.5,0.3656662302190371,-0.24627981265718155,2.0,0.0,0.0,1.0,0.0,0.0,1.0,0.0,0.0,0.0,0.0,1.0,0.0,1
-1.6194029850746268,-0.5,1.0586668031539508,-0.8048560634314476,1.0,0.0,0.0,1.0,0.0,1.0,0.0,0.0,0.0,0.0,1.0,0.0,0.0,1
-0.06716417910447761,-1.5,1.129062960087049,-0.7962294468214203,2.0,0.0,1.0,0.0,0.0,1.0,0.0,0.0,0.0,0.0,0.0,0.0,1.0,1
-0.8955223880597015,1.0,2.4521752132479766,0.4946773712345254,0.0,0.0,0.0,1.0,0.0,0.0,0.0,1.0,0.0,0.0,1.0,0.0,0.0,0
-0.34701492537313433,2.0,-0.10613409215911507,0.6672134179008575,0.0,0.0,0.0,1.0,0.0,1.0,0.0,0.0,0.0,0.0,1.0,0.0,0.0,1
0.1044776119402985,0.0,-0.5758785812282909,-0.6611118599144356,-1.0,0.0,0.0,1.0,0.0,1.0,0.0,0.0,0.0,0.0,0.0,1.0,0.0,0
0.8171641791044776,0.0,0.8751249860545965,0.4749924694712537,1.0,0.0,0.0,1.0,0.0,1.0,0.0,0.0,0.0,0.0,1.0,0.0,0.0,0
-0.7686567164179104,0.0,-0.1263544180787649,-0.791810103972026,2.0,0.0,0.0,0.0,1.0,1.0,0.0,0.0,0.0,0.0,1.0,0.0,0.0,1
-0.31716417910447764,1.5,-0.028857351554936943,-0.5116070669188177,-1.0,0.0,1.0,0.0,0.0,0.0,0.0,1.0,0.0,0.0,0.0,1.0,0.0,1
-0.6492537313432836,0.5,0.9524654313812816,0.9720786905434189,1.0,0.0,0.0,0.0,1.0,1.0,0.0,0.0,0.0,0.0,1.0,0.0,0.0,0
-0.3843283582089552,1.0,-0.22544683452328998,0.6395489115283722,1.0,0.0,0.0,1.0,0.0,0.0,0.0,0.0,1.0,0.0,0.0,0.0,1.0,0
-0.08208955223880597,-0.5,-0.2377532092219925,-0.5584727385854674,0.0,0.0,0.0,1.0,0.0,0.0,0.0,1.0,0.0,0.0,0.0,1.0,0.0,1
0.2798507462686567,-1.5,-0.14760292335454517,0.3311867039480173,2.0,0.0,0.0,1.0,0.0,0.0,0.0,1.0,0.0,0.0,1.0,0.0,0.0,1
-1.3432835820895523,1.0,0.07708842967937328,1.213076971709684,1.0,0.0,0.0,1.0,0.0,1.0,0.0,0.0,0.0,0.0,1.0,0.0,0.0,1
1.1902985074626866,-0.5,-0.4943296958225733,0.3642054059412283,0.0,1.0,0.0,1.0,0.0,1.0,0.0,0.0,0.0,0.0,0.0,1.0,0.0,0
0.7873134328358209,0.0,-0.12227561287115807,-0.18079853909075638,-1.0,0.0,0.0,1.0,0.0,1.0,0.0,0.0,0.0,0.0,0.0,1.0,0.0,0
-0.664179104477612,-1.0,-0.06544841119195335,0.08624366401868924,2.0,0.0,0.0,1.0,0.0,0.0,0.0,0.0,0.0,1.0,1.0,0.0,0.0,1
-0.35447761194029853,0.5,-0.2926918638161087,-0.5688128976336122,1.0,0.0,0.0,1.0,0.0,1.0,0.0,0.0,0.0,0.0,0.0,1.0,0.0,0
-1.1791044776119404,-1.5,-0.22919140656440967,0.9090379752838934,2.0,0.0,0.0,1.0,0.0,1.0,0.0,0.0,0.0,0.0,1.0,0.0,0.0,1
-0.033582089552238806,0.0,0.09056340735631821,0.4449743711488548,0.0,0.0,0.0,0.0,1.0,1.0,0.0,0.0,0.0,0.0,0.0,1.0,0.0,1
-0.5074626865671642,-1.5,0.08189956987687853,0.6818110542182315,1.0,0.0,0.0,1.0,0.0,0.0,1.0,0.0,0.0,0.0,0.0,1.0,0.0,1
0.23507462686567165,0.0,0.9129892859539642,0.4155550828693974,0.0,0.0,0.0,1.0,0.0,1.0,0.0,0.0,0.0,0.0,0.0,1.0,0.0,0
-0.48134328358208955,0.0,-0.5034664412995278,0.11301215694689243,1.0,0.0,0.0,1.0,0.0,1.0,0.0,0.0,0.0,0.0,0.0,1.0,0.0,0
0.011194029850746268,-1.5,-0.5115679972720502,-0.47268096311684377,0.0,0.0,0.0,1.0,0.0,1.0,0.0,0.0,0.0,0.0,0.0,1.0,0.0,0
0.5,1.0,-0.2695125625567767,0.2522978794262984,1.0,0.0,0.0,1.0,0.0,0.0,0.0,1.0,0.0,0.0,1.0,0.0,0.0,0
-1.085820895522388,1.0,0.60049201614944,-1.0244815448760707,1.0,0.0,0.0,1.0,0.0,0.0,0.0,1.0,0.0,0.0,1.0,0.0,0.0,0
-0.3619402985074627,0.0,-0.551269958600317,0.628210675460199,2.0,0.0,0.0,1.0,0.0,1.0,0.0,0.0,0.0,0.0,0.0,0.0,1.0,1
-0.2873134328358209,-0.5,1.5365620477946929,-0.9448411709108112,2.0,1.0,0.0,1.0,0.0,1.0,0.0,0.0,0.0,0.0,0.0,1.0,0.0,1
0.4253731343283582,-0.5,-0.37026216991198224,-0.593880023546663,-1.0,0.0,0.0,0.0,1.0,0.0,1.0,0.0,0.0,0.0,0.0,1.0,0.0,0
1.5708955223880596,-1.5,-0.29601624567720736,0.8220081895227289,1.0,1.0,0.0,1.0,0.0,1.0,0.0,0.0,0.0,0.0,0.0,1.0,0.0,0
-0.9328358208955224,0.0,-0.45804751065958893,-0.4052566638034734,0.0,0.0,0.0,0.0,1.0,0.0,1.0,0.0,0.0,0.0,1.0,0.0,0.0,0
-0.6194029850746269,-0.5,-0.49543260717054083,-1.0693196078992746,1.0,0.0,0.0,1.0,0.0,1.0,0.0,0.0,0.0,0.0,1.0,0.0,0.0,0
0.3246268656716418,-0.5,-0.5581542679634013,0.6635129087499563,1.0,0.0,0.0,0.0,1.0,1.0,0.0,0.0,0.0,0.0,1.0,0.0,0.0,0
-0.30223880597014924,-1.5,-0.06503521697349884,-0.13540096948084696,-1.0,0.0,0.0,1.0,0.0,0.0,0.0,1.0,0.0,0.0,0.0,0.0,1.0,0
0.6231343283582089,-1.0,-0.43861495042763565,-0.013037110858615123,0.0,1.0,1.0,0.0,0.0,1.0,0.0,0.0,0.0,0.0,1.0,0.0,0.0,0
-0.6902985074626866,0.0,1.6789091499096656,0.2251360370702624,1.0,0.0,0.0,0.0,1.0,1.0,0.0,0.0,0.0,0.0,1.0,0.0,0.0,0
0.8097014925373134,-0.5,1.0775409270957184,0.6012451152445931,1.0,0.0,1.0,0.0,0.0,1.0,0.0,0.0,0.0,0.0,0.0,0.0,1.0,1
0.3843283582089552,-1.0,1.6517125539433115,-0.47188729127444035,0.0,1.0,0.0,1.0,0.0,1.0,0.0,0.0,0.0,0.0,1.0,0.0,0.0,0
-0.16417910447761194,-0.5,-0.30404394930357653,0.25575732152946096,2.0,1.0,0.0,1.0,0.0,1.0,0.0,0.0,0.0,0.0,1.0,0.0,0.0,1
-1.6194029850746268,0.5,-0.301847893384371,-0.45200527855162437,0.0,1.0,0.0,1.0,0.0,0.0,0.0,0.0,1.0,0.0,0.0,0.0,1.0,0
-0.23507462686567165,2.0,1.1333243035185439,-0.8474737835262364,0.0,0.0,0.0,1.0,0.0,0.0,0.0,1.0,0.0,0.0,1.0,0.0,0.0,1
0.8955223880597015,-1.5,-0.45756581857852663,0.3651313614844316,-1.0,0.0,0.0,0.0,1.0,1.0,0.0,0.0,0.0,0.0,0.0,1.0,0.0,0
0.27611940298507465,0.0,0.0007073939687871468,-0.19752775407712228,0.0,0.0,0.0,1.0,0.0,1.0,0.0,0.0,0.0,0.0,0.0,1.0,0.0,0
1.4888059701492538,0.5,-0.6009578071714353,-0.0187219536778102,1.0,0.0,0.0,1.0,0.0,1.0,0.0,0.0,0.0,0.0,1.0,0.0,0.0,0
-0.45149253731343286,-1.0,-0.5463888118852115,-0.4385448231425708,1.0,0.0,0.0,1.0,0.0,1.0,0.0,0.0,0.0,0.0,0.0,1.0,0.0,0
-0.13805970149253732,-1.0,0.8849316905897779,1.047356269135205,-1.0,0.0,0.0,0.0,1.0,0.0,1.0,0.0,0.0,0.0,0.0,1.0,0.0,0
0.4552238805970149,-1.0,-0.20051165088210568,-0.8365572840171873,2.0,0.0,0.0,1.0,0.0,0.0,1.0,0.0,0.0,0.0,1.0,0.0,0.0,1
1.4776119402985075,0.5,0.20066289044358993,-0.0480935910215977,0.0,0.0,0.0,1.0,0.0,1.0,0.0,0.0,0.0,0.0,0.0,0.0,1.0,0
-0.9626865671641791,-1.0,0.10276609474450375,0.09316156006159917,0.0,0.0,0.0,1.0,0.0,1.0,0.0,0.0,0.0,0.0,1.0,0.0,0.0,0
-0.9813432835820896,-0.5,0.2338278087259215,-0.24072683662015074,2.0,0.0,0.0,1.0,0.0,1.0,0.0,0.0,0.0,0.0,1.0,0.0,0.0,1
-0.048507462686567165,-0.5,-0.22262154003714263,0.03289901818252235,0.0,0.0,0.0,1.0,0.0,1.0,0.0,0.0,0.0,0.0,1.0,0.0,0.0,0
-1.041044776119403,-0.5,0.6570405660258695,-0.7219716137178483,3.0,0.0,0.0,1.0,0.0,1.0,0.0,0.0,0.0,0.0,0.0,0.0,1.0,1
-0.5522388059701493,0.5,0.38112901507510805,0.8654714559278379,0.0,0.0,0.0,1.0,0.0,0.0,0.0,1.0,0.0,0.0,0.0,0.0,1.0,0
0.4626865671641791,-1.5,0.8259232587531342,0.084850633294702,1.0,0.0,0.0,0.0,1.0,1.0,0.0,0.0,0.0,0.0,1.0,0.0,0.0,0
0.39552238805970147,-1.0,0.7418298469600819,0.7274602320474701,-1.0,0.0,0.0,1.0,0.0,0.0,1.0,0.0,0.0,0.0,1.0,0.0,0.0,0
-1.6194029850746268,0.0,0.4125078660945723,1.2690849972181901,0.0,0.0,0.0,1.0,0.0,0.0,0.0,1.0,0.0,0.0,0.0,0.0,1.0,1
-0.6492537313432836,-1.5,-0.6000504918437809,0.6816521995024297,2.0,0.0,0.0,1.0,0.0,1.0,0.0,0.0,0.0,0.0,0.0,0.0,1.0,1
-0.27611940298507465,-1.0,0.41065557154604515,-0.33063855214327453,0.0,0.0,0.0,1.0,0.0,1.0,0.0,0.0,0.0,0.0,0.0,0.0,1.0,0
-0.8283582089552238,-1.0,0.2493231025788546,-0.9625783437555032,0.0,0.0,0.0,1.0,0.0,0.0,0.0,0.0,1.0,0.0,0.0,0.0,1.0,0
1.705223880597015,0.5,2.144109980217077,-0.48541607216657473,1.0,0.0,0.0,1.0,0.0,0.0,0.0,0.0,0.0,1.0,1.0,0.0,0.0,1
0.44029850746268656,2.5,1.311987370807166,-0.12070986835478692,1.0,0.0,0.0,0.0,1.0,0.0,1.0,0.0,0.0,0.0,1.0,0.0,0.0,1
1.1529850746268657,-0.5,1.0348230055132082,1.1824761738491607,-1.0,0.0,0.0,1.0,0.0,0.0,0.0,0.0,0.0,1.0,1.0,0.0,0.0,1
1.0597014925373134,0.0,-0.5486901159846179,0.7529915428474255,-1.0,0.0,0.0,1.0,0.0,1.0,0.0,0.0,0.0,0.0,0.0,1.0,0.0,0
-1.6194029850746268,2.0,0.04839880360624989,-0.5552261737807614,2.0,0.0,0.0,1.0,0.0,1.0,0.0,0.0,0.0,0.0,1.0,0.0,0.0,1
-0.39552238805970147,-0.5,-0.4445135223170754,0.44175229451986237,1.0,0.0,0.0,1.0,0.0,1.0,0.0,0.0,0.0,0.0,0.0,0.0,1.0,0
-1.421641791044776,0.5,-0.13688811326654948,-0.2184447821038136,0.0,1.0,0.0,1.0,0.0,1.0,0.0,0.0,0.0,0.0,1.0,0.0,0.0,1
0.6007462686567164,-1.5,2.678168284343416,-0.5327868686999743,2.0,0.0,0.0,1.0,0.0,0.0,0.0,1.0,0.0,0.0,0.0,1.0,0.0,1
-0.664179104477612,0.5,0.7474378814744527,0.28229557980689796,0.0,0.0,0.0,1.0,0.0,0.0,1.0,0.0,0.0,0.0,1.0,0.0,0.0,0
-0.13432835820895522,0.5,1.1330050313676827,-1.038783956604984,1.0,0.0,0.0,1.0,0.0,1.0,0.0,0.0,0.0,0.0,1.0,0.0,0.0,0
-0.44776119402985076,0.5,0.06619242062935397,-0.11734981983716211,1.0,0.0,0.0,0.0,1.0,1.0,0.0,0.0,0.0,0.0,1.0,0.0,0.0,0
0.753731343283582,1.0,1.001860115119714,-0.4344250078887122,3.0,0.0,0.0,1.0,0.0,1.0,0.0,0.0,0.0,0.0,0.0,1.0,0.0,1
-0.5074626865671642,1.5,-0.09218584487392854,-0.33379193561229226,1.0,0.0,1.0,0.0,0.0,1.0,0.0,0.0,0.0,0.0,1.0,0.0,0.0,1
0.43283582089552236,2.0,0.2893414427157298,0.14226890077598114,0.0,0.0,0.0,0.0,1.0,1.0,0.0,0.0,0.0,0.0,0.0,0.0,1.0,1
-0.7425373134328358,1.0,0.23477759665200315,-0.30294229307803233,1.0,0.0,0.0,0.0,1.0,1.0,0.0,0.0,0.0,0.0,0.0,0.0,1.0,1
1.1567164179104477,-1.0,0.5748373128489925,0.5869624074963439,2.0,0.0,0.0,0.0,1.0,0.0,0.0,1.0,0.0,0.0,0.0,1.0,0.0,1
0.667910447761194,0.5,1.3890224807462634,-0.914665931371062,1.0,0.0,0.0,1.0,0.0,1.0,0.0,0.0,0.0,0.0,0.0,1.0,0.0,0
1.6119402985074627,1.0,0.8323821817394208,0.263527089308487,2.0,0.0,0.0,1.0,0.0,0.0,1.0,0.0,0.0,0.0,0.0,1.0,0.0,1
0.5298507462686567,2.5,0.4761462210633042,-0.7711198414203602,1.0,0.0,0.0,1.0,0.0,1.0,0.0,0.0,0.0,0.0,1.0,0.0,0.0,1
1.2761194029850746,0.5,-0.13515376742197152,-0.5019108093675417,1.0,0.0,0.0,1.0,0.0,0.0,0.0,0.0,0.0,1.0,1.0,0.0,0.0,1
1.2276119402985075,-0.5,5.4646398073148756e-05,-0.6590955241401715,0.0,0.0,0.0,1.0,0.0,0.0,1.0,0.0,0.0,0.0,0.0,0.0,1.0,0
0.585820895522388,-1.0,-0.3039436693777026,0.06580100883958855,1.0,0.0,0.0,0.0,1.0,1.0,0.0,0.0,0.0,0.0,1.0,0.0,0.0,0
-0.6007462686567164,-0.5,1.0662153020399547,0.10198235137936273,-1.0,0.0,0.0,1.0,0.0,1.0,0.0,0.0,0.0,0.0,0.0,0.0,1.0,1
-0.44776119402985076,0.0,-0.24357235310209444,-1.0693196078992746,1.0,0.0,0.0,1.0,0.0,0.0,1.0,0.0,0.0,0.0,1.0,0.0,0.0,0
-0.0037313432835820895,-1.0,0.5130795545407826,0.6037855811987005,1.0,0.0,0.0,1.0,0.0,0.0,0.0,0.0,0.0,1.0,0.0,1.0,0.0,0
-1.3470149253731343,-0.5,0.5264759568008459,1.0635954204134201,3.0,0.0,0.0,1.0,0.0,1.0,0.0,0.0,0.0,0.0,1.0,0.0,0.0,1
0.5895522388059702,0.0,0.4845907803664176,0.3394212553569627,1.0,0.0,0.0,1.0,0.0,1.0,0.0,0.0,0.0,0.0,1.0,0.0,0.0,0
0.376865671641791,-1.0,-0.21122293794280123,0.9121616931975459,0.0,0.0,0.0,1.0,0.0,0.0,1.0,0.0,0.0,0.0,0.0,1.0,0.0,0
0.7388059701492538,1.5,-0.05777427090481822,-0.8981638827240574,0.0,1.0,0.0,1.0,0.0,1.0,0.0,0.0,0.0,0.0,0.0,0.0,1.0,1
-1.2238805970149254,-1.0,0.9282757319125442,0.9148141142018473,2.0,1.0,0.0,1.0,0.0,0.0,1.0,0.0,0.0,0.0,1.0,0.0,0.0,1
-0.011194029850746268,0.5,-0.32968809358078327,-0.5443809055629314,-1.0,0.0,0.0,0.0,1.0,1.0,0.0,0.0,0.0,0.0,1.0,0.0,0.0,0
-0.19776119402985073,0.0,0.5887271546533027,-0.5502987656434494,1.0,0.0,0.0,1.0,0.0,1.0,0.0,0.0,0.0,0.0,0.0,0.0,1.0,0
-0.029850746268656716,-0.5,0.15981174710191637,-0.9120273426347316,0.0,0.0,0.0,1.0,0.0,0.0,0.0,0.0,0.0,1.0,1.0,0.0,0.0,0
0.27238805970149255,2.0,-0.33951453595164877,-0.07900292901687976,1.0,0.0,0.0,1.0,0.0,0.0,1.0,0.0,0.0,0.0,1.0,0.0,0.0,1
0.8805970149253731,-1.0,-0.44879659208198586,-0.32217000070908747,0.0,0.0,0.0,1.0,0.0,0.0,0.0,1.0,0.0,0.0,1.0,0.0,0.0,0
-1.0671641791044777,-0.5,0.6543736778908656,-0.1364374173150378,0.0,0.0,0.0,1.0,0.0,1.0,0.0,0.0,0.0,0.0,1.0,0.0,0.0,1
0.914179104477612,0.0,-0.5319984064370146,0.9179409617734825,1.0,0.0,0.0,1.0,0.0,1.0,0.0,0.0,0.0,0.0,1.0,0.0,0.0,1
-0.7052238805970149,-1.0,-0.4829956809351754,0.43349416275606617,1.0,0.0,0.0,1.0,0.0,0.0,0.0,0.0,0.0,1.0,0.0,1.0,0.0,0
-0.3208955223880597,0.0,0.21457614930717306,-0.3110978673113025,0.0,0.0,0.0,1.0,0.0,1.0,0.0,0.0,0.0,0.0,0.0,0.0,1.0,0
1.1343283582089552,-1.5,0.03360833964214415,0.9681342053504961,1.0,0.0,0.0,1.0,0.0,1.0,0.0,0.0,0.0,0.0,0.0,1.0,0.0,1
0.3843283582089552,2.5,-0.5620490489054768,-0.6154189426428452,1.0,1.0,0.0,0.0,1.0,0.0,0.0,0.0,0.0,1.0,0.0,1.0,0.0,1
-0.5970149253731343,1.0,0.20490740177211494,0.1679384902297977,-1.0,0.0,0.0,0.0,1.0,1.0,0.0,0.0,0.0,0.0,0.0,1.0,0.0,0
-0.1865671641791045,0.0,1.5887174252571112,0.2952024530255832,0.0,0.0,0.0,0.0,1.0,0.0,0.0,0.0,0.0,1.0,1.0,0.0,0.0,1
0.23880597014925373,-0.5,-0.28447085354079404,0.5337358580264202,-1.0,0.0,0.0,1.0,0.0,0.0,0.0,0.0,1.0,0.0,0.0,1.0,0.0,1
-0.09328358208955224,0.0,0.4225283616643422,-1.0375015526599798,2.0,0.0,0.0,1.0,0.0,0.0,0.0,1.0,0.0,0.0,1.0,0.0,0.0,1
-0.23134328358208955,-0.5,-0.1536030375589355,0.6653643200518619,1.0,0.0,0.0,1.0,0.0,1.0,0.0,0.0,0.0,0.0,0.0,1.0,0.0,0
-1.2014925373134329,0.0,0.2131190022199369,0.13392566879322818,2.0,0.0,0.0,0.0,1.0,0.0,0.0,0.0,0.0,1.0,1.0,0.0,0.0,1
0.9067164179104478,0.5,-0.04265109037222493,0.5342206422135115,1.0,0.0,0.0,1.0,0.0,0.0,1.0,0.0,0.0,0.0,1.0,0.0,0.0,1
0.06343283582089553,-1.0,-0.2504155953108075,-0.7027632291550838,1.0,0.0,0.0,0.0,1.0,1.0,0.0,0.0,0.0,0.0,1.0,0.0,0.0,0
-1.1940298507462686,-0.5,-0.6168204277033591,-0.1068967286941936,0.0,1.0,0.0,1.0,0.0,0.0,1.0,0.0,0.0,0.0,1.0,0.0,0.0,0
0.35447761194029853,0.5,-0.5172822239487522,-0.7035037035840218,-1.0,1.0,0.0,0.0,1.0,1.0,0.0,0.0,0.0,0.0,0.0,1.0,0.0,0
1.4701492537313432,-1.5,1.8698879798086265,0.6134282197530916,-1.0,0.0,0.0,0.0,1.0,0.0,0.0,0.0,1.0,0.0,1.0,0.0,0.0,0
-1.007462686567164,-1.0,-0.43234318327526394,-0.28498853438248106,1.0,1.0,0.0,1.0,0.0,1.0,0.0,0.0,0.0,0.0,0.0,1.0,0.0,1
-0.22761194029850745,0.5,-0.34196518697872913,-0.2792838254206135,0.0,0.0,0.0,0.0,1.0,0.0,0.0,0.0,0.0,1.0,0.0,0.0,1.0,1
-0.7052238805970149,-1.0,0.1298981041049249,-0.34001926737250204,0.0,0.0,0.0,1.0,0.0,1.0,0.0,0.0,0.0,0.0,0.0,1.0,0.0,0
-0.26865671641791045,-0.5,1.638454126441861,0.6578067963079087,1.0,0.0,0.0,0.0,1.0,1.0,0.0,0.0,0.0,0.0,1.0,0.0,0.0,0
0.06716417910447761,-1.0,-0.5227199073321792,-0.06552844715074745,-1.0,0.0,0.0,1.0,0.0,1.0,0.0,0.0,0.0,0.0,0.0,0.0,1.0,1
-1.0970149253731343,0.0,0.39903485489690205,0.08597327923643362,0.0,0.0,0.0,1.0,0.0,1.0,0.0,0.0,0.0,0.0,0.0,1.0,0.0,0
-0.13059701492537312,0.0,1.8736385154760193,0.20950487217078692,1.0,0.0,0.0,1.0,0.0,1.0,0.0,0.0,0.0,0.0,0.0,0.0,1.0,0
0.6716417910447762,-0.5,0.21313364972113474,-0.6784568267142621,2.0,0.0,0.0,1.0,0.0,0.0,1.0,0.0,0.0,0.0,1.0,0.0,0.0,1
-0.2462686567164179,-0.5,-0.4472609481703527,0.22881184885066652,0.0,0.0,0.0,1.0,0.0,0.0,1.0,0.0,0.0,0.0,1.0,0.0,0.0,1
1.1455223880597014,0.5,-0.1657990945081704,-0.6543140332434179,-1.0,1.0,0.0,0.0,1.0,0.0,0.0,0.0,0.0,1.0,0.0,1.0,0.0,1
-1.5,2.0,0.2516154723323046,-0.21950900805599646,-1.0,0.0,0.0,1.0,0.0,1.0,0.0,0.0,0.0,0.0,1.0,0.0,0.0,1
-0.5335820895522388,-1.0,2.286370871637035,0.2080575995135898,-1.0,0.0,0.0,1.0,0.0,1.0,0.0,0.0,0.0,0.0,1.0,0.0,0.0,0
0.22388059701492538,-1.5,-0.5241414515220525,-0.1602799757934238,1.0,0.0,0.0,1.0,0.0,1.0,0.0,0.0,0.0,0.0,1.0,0.0,0.0,1
0.08955223880597014,-0.5,-0.3338953646228386,-0.5910287625341082,1.0,0.0,0.0,0.0,1.0,1.0,0.0,0.0,0.0,0.0,1.0,0.0,0.0,0
0.04477611940298507,-0.5,0.2490995718823371,0.5114313357180721,0.0,1.0,1.0,0.0,0.0,0.0,0.0,0.0,1.0,0.0,0.0,0.0,1.0,1
0.7947761194029851,-1.0,-0.3005190830699291,0.18707391589487635,0.0,0.0,0.0,1.0,0.0,1.0,0.0,0.0,0.0,0.0,1.0,0.0,0.0,0
0.5149253731343284,-1.0,0.9807854363999708,-0.8178876222038468,0.0,0.0,0.0,1.0,0.0,1.0,0.0,0.0,0.0,0.0,0.0,1.0,0.0,0
-0.5,0.5,0.2686272517885458,-0.2742675385159425,1.0,0.0,0.0,1.0,0.0,1.0,0.0,0.0,0.0,0.0,0.0,1.0,0.0,0
0.6753731343283582,0.0,2.0268762520734187,0.1257445155894455,2.0,0.0,0.0,0.0,1.0,0.0,0.0,1.0,0.0,0.0,1.0,0.0,0.0,1
0.1791044776119403,-0.5,-0.244136771434497,0.3816218822753899,0.0,0.0,0.0,0.0,1.0,1.0,0.0,0.0,0.0,0.0,1.0,0.0,0.0,1
-0.17164179104477612,-0.5,0.3502255307426598,0.7559725594493539,1.0,0.0,0.0,1.0,0.0,0.0,1.0,0.0,0.0,0.0,0.0,0.0,1.0,0
-0.7910447761194029,0.5,-0.5779815676946889,1.1656002448254474,1.0,0.0,0.0,1.0,0.0,1.0,0.0,0.0,0.0,0.0,1.0,0.0,0.0,1
-0.27238805970149255,-0.5,1.2352160370234666,0.6537935979694858,0.0,0.0,0.0,1.0,0.0,0.0,1.0,0.0,0.0,0.0,0.0,0.0,1.0,0
-0.6567164179104478,2.5,2.900503305405921,0.34045911553468194,3.0,0.0,0.0,1.0,0.0,0.0,0.0,0.0,0.0,1.0,0.0,1.0,0.0,1
0.018656716417910446,-0.5,1.2600953937279264,1.7206757969526445,1.0,0.0,0.0,1.0,0.0,0.0,0.0,0.0,1.0,0.0,1.0,0.0,0.0,1
-0.3694029850746269,0.0,-0.306085557185452,0.4416326994737372,1.0,0.0,0.0,0.0,1.0,0.0,1.0,0.0,0.0,0.0,1.0,0.0,0.0,0
-0.03731343283582089,-1.0,-0.05959007828478717,0.10601210010166581,1.0,0.0,0.0,1.0,0.0,1.0,0.0,0.0,0.0,0.0,0.0,0.0,1.0,0
-0.33955223880597013,1.0,0.03394871850852288,-0.7252516893681104,2.0,0.0,0.0,0.0,1.0,0.0,0.0,1.0,0.0,0.0,0.0,1.0,0.0,1
-1.037313432835821,1.5,-0.6088495837728267,-0.19495875994310727,1.0,0.0,0.0,1.0,0.0,0.0,0.0,0.0,0.0,1.0,1.0,0.0,0.0,1
-0.7835820895522388,0.5,1.6526495499841767,-0.240324905785267,1.0,0.0,0.0,1.0,0.0,1.0,0.0,0.0,0.0,0.0,0.0,0.0,1.0,0
-0.27611940298507465,-0.5,-0.5744450662177477,-0.27115958217822617,3.0,1.0,0.0,1.0,0.0,1.0,0.0,0.0,0.0,0.0,1.0,0.0,0.0,1
0.6194029850746269,1.5,-0.20387655334794824,-0.3928061492170479,-1.0,0.0,0.0,1.0,0.0,1.0,0.0,0.0,0.0,0.0,0.0,1.0,0.0,1
0.1417910447761194,-1.5,-0.3116657705764715,-0.7796156630621844,1.0,0.0,0.0,1.0,0.0,1.0,0.0,0.0,0.0,0.0,1.0,0.0,0.0,0
0.5597014925373134,0.5,-0.5138647150197577,0.47705276012499154,2.0,0.0,0.0,1.0,0.0,1.0,0.0,0.0,0.0,0.0,1.0,0.0,0.0,1
0.5970149253731343,1.5,0.023738398335625983,-0.17908323923126576,1.0,0.0,0.0,0.0,1.0,1.0,0.0,0.0,0.0,0.0,0.0,0.0,1.0,1
1.0671641791044777,-0.5,-0.4469689215947241,0.21514190054887483,0.0,1.0,0.0,1.0,0.0,1.0,0.0,0.0,0.0,0.0,1.0,0.0,0.0,0
0.25,1.0,-0.40260070124327746,0.05929319270827434,-1.0,0.0,0.0,1.0,0.0,0.0,0.0,0.0,0.0,1.0,1.0,0.0,0.0,1
0.08208955223880597,1.5,3.488464304680498,0.2968227665481855,2.0,0.0,0.0,0.0,1.0,0.0,0.0,0.0,1.0,0.0,0.0,1.0,0.0,1
-0.8768656716417911,1.0,2.115279794895638,-0.5889748033422683,2.0,0.0,0.0,1.0,0.0,1.0,0.0,0.0,0.0,0.0,0.0,1.0,0.0,1
0.0,0.5,-0.4394206599099408,0.10288065130556241,0.0,0.0,0.0,1.0,0.0,1.0,0.0,0.0,0.0,0.0,0.0,0.0,1.0,0
-0.30597014925373134,-0.5,0.923094308149533,0.6383119265622249,1.0,0.0,0.0,0.0,1.0,1.0,0.0,0.0,0.0,0.0,1.0,0.0,0.0,0
-1.1977611940298507,-0.5,0.34580508987695224,0.08273574469287055,0.0,0.0,0.0,1.0,0.0,0.0,0.0,1.0,0.0,0.0,1.0,0.0,0.0,0
-0.026119402985074626,0.5,-0.41714374314011926,0.4317562804782655,0.0,0.0,0.0,0.0,1.0,1.0,0.0,0.0,0.0,0.0,1.0,0.0,0.0,0
0.5373134328358209,-1.5,-0.5245009179486038,-0.37688156634594855,1.0,0.0,0.0,1.0,0.0,1.0,0.0,0.0,0.0,0.0,0.0,0.0,1.0,1
-0.8656716417910447,0.0,0.15240505214868172,0.8109555690461168,0.0,0.0,0.0,0.0,1.0,0.0,0.0,1.0,0.0,0.0,0.0,1.0,0.0,0
0.8171641791044776,-0.5,1.1347621924048163,1.152984029261871,1.0,0.0,0.0,1.0,0.0,0.0,0.0,1.0,0.0,0.0,0.0,0.0,1.0,1
0.5895522388059702,0.5,0.68747725301095,0.11580584654582421,0.0,0.0,0.0,1.0,0.0,1.0,0.0,0.0,0.0,0.0,1.0,0.0,0.0,0
-0.08582089552238806,1.0,-0.5413860195799719,0.4362833992210958,1.0,0.0,0.0,1.0,0.0,1.0,0.0,0.0,0.0,0.0,1.0,0.0,0.0,0
-1.1343283582089552,-0.5,-0.3718124431515044,0.7685249744350591,2.0,0.0,1.0,0.0,0.0,1.0,0.0,0.0,0.0,0.0,1.0,0.0,0.0,1
-1.0895522388059702,0.5,0.14725874344987702,1.3160748974949716,-1.0,1.0,0.0,0.0,1.0,1.0,0.0,0.0,0.0,0.0,0.0,0.0,1.0,1
1.212686567164179,0.0,1.2656927397801911,-0.4138978557241699,0.0,0.0,0.0,1.0,0.0,1.0,0.0,0.0,0.0,0.0,0.0,1.0,0.0,0
0.048507462686567165,0.0,-0.012225702223501512,-0.4940683286520703,1.0,0.0,0.0,1.0,0.0,0.0,1.0,0.0,0.0,0.0,0.0,1.0,0.0,1
-0.14925373134328357,-0.5,0.3604569415737168,1.275163313643513,0.0,0.0,0.0,1.0,0.0,0.0,0.0,1.0,0.0,0.0,1.0,0.0,0.0,1
-1.6194029850746268,-1.0,-0.2505158896885926,-0.8037784300042713,2.0,0.0,0.0,1.0,0.0,1.0,0.0,0.0,0.0,0.0,0.0,1.0,0.0,1
0.20149253731343283,-0.5,-0.24675079471622352,0.36965444860247587,1.0,0.0,0.0,1.0,0.0,0.0,1.0,0.0,0.0,0.0,1.0,0.0,0.0,0
0.8432835820895522,-0.5,0.3559127071898371,0.24640793772075298,1.0,1.0,0.0,1.0,0.0,1.0,0.0,0.0,0.0,0.0,1.0,0.0,0.0,1
-0.3843283582089552,1.5,0.8728723272962129,-0.791241080342044,3.0,0.0,0.0,1.0,0.0,0.0,0.0,0.0,1.0,0.0,1.0,0.0,0.0,1
-0.6753731343283582,0.5,-0.48516577737998395,-0.9278773904503291,0.0,1.0,0.0,0.0,1.0,1.0,0.0,0.0,0.0,0.0,0.0,1.0,0.0,0
-0.2537313432835821,1.0,0.18068109681497696,-1.0693196078992746,0.0,0.0,0.0,1.0,0.0,0.0,1.0,0.0,0.0,0.0,1.0,0.0,0.0,0
0.011194029850746268,2.5,0.05472536341073372,-0.7681707121338861,1.0,0.0,0.0,1.0,0.0,1.0,0.0,0.0,0.0,0.0,0.0,0.0,1.0,1
0.41044776119402987,-1.5,0.659312582610359,0.17052561340888536,0.0,0.0,0.0,1.0,0.0,1.0,0.0,0.0,0.0,0.0,0.0,0.0,1.0,1
-0.5559701492537313,1.5,0.28711030998485537,-0.22031966198185501,2.0,1.0,1.0,0.0,0.0,1.0,0.0,0.0,0.0,0.0,1.0,0.0,0.0,1
0.2462686567164179,0.0,-0.41084441449446957,-0.18551977923457,0.0,0.0,0.0,0.0,1.0,1.0,0.0,0.0,0.0,0.0,1.0,0.0,0.0,0
0.30223880597014924,-1.0,0.9600636166988161,1.7206757969526445,1.0,0.0,0.0,1.0,0.0,1.0,0.0,0.0,0.0,0.0,1.0,0.0,0.0,1
1.2388059701492538,0.0,-0.507046210825004,0.7098008586079237,2.0,0.0,0.0,0.0,1.0,1.0,0.0,0.0,0.0,0.0,1.0,0.0,0.0,1
-0.13805970149253732,-0.5,-0.3700374771335147,0.27418807414770674,0.0,0.0,0.0,1.0,0.0,1.0,0.0,0.0,0.0,0.0,1.0,0.0,0.0,0
0.7014925373134329,2.0,2.1806569756056566,-0.7995006410620709,0.0,0.0,0.0,1.0,0.0,1.0,0.0,0.0,0.0,0.0,0.0,1.0,0.0,1
-0.2462686567164179,1.0,-0.5739509316820111,0.9128596786875766,1.0,0.0,0.0,1.0,0.0,1.0,0.0,0.0,0.0,0.0,0.0,1.0,0.0,0
-0.16044776119402984,-0.5,0.10649458687322344,1.217691355425417,1.0,0.0,0.0,1.0,0.0,0.0,0.0,0.0,0.0,1.0,0.0,1.0,0.0,1
0.33955223880597013,-1.5,-0.5979371617493231,-0.5570582117027034,0.0,0.0,0.0,1.0,0.0,1.0,0.0,0.0,0.0,0.0,0.0,1.0,0.0,0
-0.15298507462686567,-1.0,-0.5735854388807903,0.09178830047028128,0.0,0.0,0.0,1.0,0.0,0.0,1.0,0.0,0.0,0.0,0.0,0.0,1.0,0
0.7649253731343284,0.5,-0.22509563473544836,-0.40591364900219834,0.0,0.0,0.0,0.0,1.0,0.0,1.0,0.0,0.0,0.0,1.0,0.0,0.0,1
0.8470149253731343,0.5,0.22344357428621422,1.7206757969526445,0.0,0.0,0.0,1.0,0.0,0.0,0.0,1.0,0.0,0.0,0.0,0.0,1.0,1
-1.3097014925373134,-1.5,0.585307122060357,-0.19378982824303387,0.0,0.0,0.0,1.0,0.0,0.0,1.0,0.0,0.0,0.0,1.0,0.0,0.0,0
1.5,-1.5,0.1244901581567311,-1.0278447328102276,1.0,0.0,0.0,1.0,0.0,0.0,0.0,1.0,0.0,0.0,0.0,1.0,0.0,0
-0.17537313432835822,1.5,0.9581152651873018,-0.36614653723758633,0.0,0.0,0.0,1.0,0.0,0.0,0.0,0.0,1.0,0.0,1.0,0.0,0.0,1
1.7682089552238844,-0.5,0.6219034725323044,-0.4680056826200196,-1.0,0.0,0.0,1.0,0.0,1.0,0.0,0.0,0.0,0.0,1.0,0.0,0.0,0
-0.7276119402985075,0.5,-0.6033761742220387,0.5907253486944112,1.0,0.0,0.0,1.0,0.0,1.0,0.0,0.0,0.0,0.0,1.0,0.0,0.0,0
-1.585820895522388,1.0,-0.5945479558727416,0.3432186079565275,0.0,0.0,0.0,1.0,0.0,1.0,0.0,0.0,0.0,0.0,1.0,0.0,0.0,0
1.544776119402985,-1.0,0.9012463492890599,-0.6763435565813741,0.0,0.0,1.0,0.0,0.0,1.0,0.0,0.0,0.0,0.0,1.0,0.0,0.0,0
-0.8022388059701493,0.0,-0.004254827209723782,-0.5889807902925207,0.0,0.0,0.0,1.0,0.0,1.0,0.0,0.0,0.0,0.0,1.0,0.0,0.0,0
0.2462686567164179,-0.5,0.08308662066889295,-0.26680903259183386,-1.0,0.0,0.0,1.0,0.0,0.0,1.0,0.0,0.0,0.0,1.0,0.0,0.0,0
0.7164179104477612,2.0,-0.22176847598192642,-0.38495705540353164,0.0,0.0,0.0,1.0,0.0,1.0,0.0,0.0,0.0,0.0,0.0,0.0,1.0,1
-0.17537313432835822,-0.5,0.5853158102961241,0.4133576708466477,0.0,0.0,0.0,1.0,0.0,0.0,0.0,0.0,0.0,1.0,0.0,1.0,0.0,0
-0.33955223880597013,1.0,0.3658175119137225,0.09012336708408754,0.0,0.0,0.0,1.0,0.0,1.0,0.0,0.0,0.0,0.0,1.0,0.0,0.0,0
-0.16044776119402984,0.0,-0.41604864038173206,-0.3491957663733942,1.0,0.0,0.0,0.0,1.0,0.0,0.0,1.0,0.0,0.0,0.0,0.0,1.0,0
-0.48507462686567165,-0.5,-0.12192822188445061,-0.10633525976278618,2.0,0.0,0.0,0.0,1.0,1.0,0.0,0.0,0.0,0.0,0.0,1.0,0.0,1
-0.48507462686567165,0.5,-0.41405425279346153,0.26789290959662365,0.0,0.0,0.0,1.0,0.0,0.0,1.0,0.0,0.0,0.0,1.0,0.0,0.0,0
0.23880597014925373,0.5,-0.0617847217391961,-0.24368864003539434,0.0,0.0,0.0,0.0,1.0,0.0,0.0,1.0,0.0,0.0,1.0,0.0,0.0,0
-0.20522388059701493,-1.0,-0.10121685997762321,0.6717114844384408,0.0,0.0,0.0,1.0,0.0,0.0,1.0,0.0,0.0,0.0,0.0,1.0,0.0,0
-0.30970149253731344,-1.0,-0.29340515345730456,-0.41583186695219215,2.0,0.0,0.0,1.0,0.0,1.0,0.0,0.0,0.0,0.0,1.0,0.0,0.0,1
-0.22014925373134328,1.5,-0.21254691720316454,0.4094172685881164,0.0,1.0,0.0,1.0,0.0,0.0,0.0,1.0,0.0,0.0,1.0,0.0,0.0,1
0.13059701492537312,0.5,-0.5980226567312481,-0.8540803266385925,1.0,0.0,0.0,0.0,1.0,1.0,0.0,0.0,0.0,0.0,0.0,1.0,0.0,0
0.055970149253731345,0.0,-0.570739811177262,0.15626588760553994,-1.0,0.0,1.0,0.0,0.0,1.0,0.0,0.0,0.0,0.0,1.0,0.0,0.0,0
-0.664179104477612,-1.5,-0.4292808533408918,-0.07299065159506953,1.0,0.0,0.0,1.0,0.0,0.0,1.0,0.0,0.0,0.0,0.0,0.0,1.0,0
0.746268656716418,0.5,0.06057010359916348,-0.24263626415227144,1.0,0.0,1.0,0.0,0.0,0.0,1.0,0.0,0.0,0.0,0.0,1.0,0.0,1
0.8097014925373134,0.0,-0.292991467436225,1.1589864810336532,0.0,0.0,0.0,1.0,0.0,0.0,0.0,1.0,0.0,0.0,1.0,0.0,0.0,1
1.7682089552238844,-1.5,1.8605379939706383,-1.0693196078992746,1.0,0.0,0.0,1.0,0.0,1.0,0.0,0.0,0.0,0.0,1.0,0.0,0.0,0
-0.041044776119402986,-0.5,0.46038078752278483,-0.639648995735406,0.0,1.0,0.0,0.0,1.0,1.0,0.0,0.0,0.0,0.0,0.0,1.0,0.0,0
-0.35447761194029853,-1.0,-0.4551092857343526,1.0443936156323368,2.0,0.0,0.0,1.0,0.0,0.0,0.0,1.0,0.0,0.0,0.0,0.0,1.0,1
1.037313432835821,0.5,-0.3937968523459854,-0.774072215962457,1.0,0.0,0.0,0.0,1.0,0.0,1.0,0.0,0.0,0.0,1.0,0.0,0.0,0
0.30223880597014924,0.5,1.3495988704303599,-0.6734039253055535,-1.0,0.0,0.0,1.0,0.0,0.0,0.0,0.0,0.0,1.0,0.0,0.0,1.0,1
-0.29850746268656714,-1.0,0.8188650702520817,-0.19882605550947205,-1.0,0.0,0.0,1.0,0.0,0.0,0.0,1.0,0.0,0.0,0.0,1.0,0.0,0
-0.029850746268656716,0.0,0.03704835754614279,-0.3315431226348608,0.0,1.0,0.0,1.0,0.0,1.0,0.0,0.0,0.0,0.0,0.0,0.0,1.0,0
0.2947761194029851,-0.5,-0.4120410425962512,1.218246909360841,0.0,0.0,0.0,1.0,0.0,1.0,0.0,0.0,0.0,0.0,1.0,0.0,0.0,1
0.48134328358208955,0.5,-0.4256633265387082,0.10035382477910766,1.0,0.0,0.0,1.0,0.0,1.0,0.0,0.0,0.0,0.0,0.0,0.0,1.0,0
-0.5485074626865671,-1.5,1.5986224348494464,-0.3659351600358546,1.0,0.0,0.0,1.0,0.0,1.0,0.0,0.0,0.0,0.0,1.0,0.0,0.0,0
-0.5223880597014925,0.5,-0.4520078762290369,-0.14069413577359627,0.0,0.0,0.0,1.0,0.0,1.0,0.0,0.0,0.0,0.0,1.0,0.0,0.0,0
-0.21641791044776118,-0.5,1.2840150132676353,-0.6002900227508611,1.0,0.0,0.0,1.0,0.0,0.0,1.0,0.0,0.0,0.0,0.0,1.0,0.0,0
1.4328358208955223,-0.5,-0.15967741572145241,0.3879866234767023,0.0,0.0,0.0,1.0,0.0,1.0,0.0,0.0,0.0,0.0,0.0,1.0,0.0,0
0.13432835820895522,-0.5,0.30310530485150955,0.353586924890124,-1.0,0.0,0.0,1.0,0.0,1.0,0.0,0.0,0.0,0.0,0.0,0.0,1.0,0
-0.22388059701492538,0.0,-0.37138008864869154,0.2204545592122783,2.0,0.0,0.0,0.0,1.0,0.0,0.0,1.0,0.0,0.0,0.0,1.0,0.0,1
-0.5970149253731343,0.0,0.823638903764649,0.29556326218308115,1.0,1.0,0.0,1.0,0.0,1.0,0.0,0.0,0.0,0.0,0.0,1.0,0.0,1
0.3694029850746269,-0.5,-0.24679494829787002,-0.5528061976058868,-1.0,1.0,0.0,1.0,0.0,1.0,0.0,0.0,0.0,0.0,0.0,1.0,0.0,0
0.2126865671641791,-1.0,0.41995021098334706,0.8136202427096902,0.0,0.0,0.0,1.0,0.0,1.0,0.0,0.0,0.0,0.0,0.0,1.0,0.0,0
0.7835820895522388,-0.5,-0.0351152964521679,-0.32571325762466946,2.0,0.0,0.0,1.0,0.0,1.0,0.0,0.0,0.0,0.0,0.0,1.0,0.0,1
1.0149253731343284,-1.0,-0.5305704706672306,-0.8497877082893918,3.0,0.0,0.0,1.0,0.0,1.0,0.0,0.0,0.0,0.0,1.0,0.0,0.0,1
0.9402985074626866,-0.5,0.7722243506041048,0.3169022380723868,1.0,1.0,1.0,0.0,0.0,1.0,0.0,0.0,0.0,0.0,0.0,0.0,1.0,0
-1.0186567164179106,0.5,-0.01206963396831988,0.20979209065976062,1.0,0.0,0.0,0.0,1.0,1.0,0.0,0.0,0.0,0.0,1.0,0.0,0.0,0
0.1417910447761194,0.0,-0.14055839242240994,1.4054519641788226,0.0,1.0,0.0,1.0,0.0,1.0,0.0,0.0,0.0,0.0,1.0,0.0,0.0,1
-0.6828358208955224,0.0,-0.25509560526668074,-0.20346642096978435,2.0,0.0,0.0,1.0,0.0,0.0,0.0,0.0,0.0,1.0,0.0,1.0,0.0,1
0.417910447761194,-0.5,-0.0633684266027234,0.1961382935580481,1.0,0.0,0.0,0.0,1.0,1.0,0.0,0.0,0.0,0.0,0.0,1.0,0.0,0
-0.4925373134328358,1.0,0.5227935714222011,-1.012042491665451,-1.0,1.0,0.0,1.0,0.0,0.0,0.0,1.0,0.0,0.0,0.0,1.0,0.0,0
0.6940298507462687,-0.5,-0.3551510316390972,0.09515189991730286,-1.0,0.0,0.0,1.0,0.0,1.0,0.0,0.0,0.0,0.0,0.0,0.0,1.0,0
-0.47761194029850745,-0.5,-0.06878428411616541,0.7795052415928906,0.0,0.0,0.0,1.0,0.0,1.0,0.0,0.0,0.0,0.0,1.0,0.0,0.0,0
0.21641791044776118,0.5,2.0765358933483617,-0.8163352833288404,0.0,0.0,0.0,1.0,0.0,0.0,1.0,0.0,0.0,0.0,1.0,0.0,0.0,0
-0.2537313432835821,0.5,0.8202906393062148,-0.8770615752490001,0.0,0.0,0.0,0.0,1.0,0.0,0.0,1.0,0.0,0.0,0.0,1.0,0.0,0
0.5634328358208955,-0.5,-0.6109688378445949,1.1387519672651127,1.0,0.0,0.0,1.0,0.0,1.0,0.0,0.0,0.0,0.0,0.0,1.0,0.0,1
-0.15671641791044777,-0.5,1.1009020445174946,-0.03367987768625445,0.0,0.0,1.0,0.0,0.0,1.0,0.0,0.0,0.0,0.0,0.0,1.0,0.0,1
-1.0932835820895523,0.0,-0.3946449535621928,-0.2493309195612073,-1.0,0.0,0.0,0.0,1.0,1.0,0.0,0.0,0.0,0.0,1.0,0.0,0.0,0
1.2313432835820894,0.5,0.23346477027348478,-0.4811318138350818,2.0,0.0,0.0,0.0,1.0,1.0,0.0,0.0,0.0,0.0,0.0,0.0,1.0,1
-0.055970149253731345,1.5,0.1706893279804632,1.1588347400110575,1.0,0.0,0.0,1.0,0.0,1.0,0.0,0.0,0.0,0.0,0.0,1.0,0.0,1
-0.9253731343283582,0.0,0.5429810404115201,-0.6485855378646828,1.0,0.0,0.0,1.0,0.0,1.0,0.0,0.0,0.0,0.0,1.0,0.0,0.0,0
-1.0522388059701493,0.5,-0.14789267879089277,0.18309702473757028,1.0,0.0,0.0,1.0,0.0,0.0,1.0,0.0,0.0,0.0,1.0,0.0,0.0,0
0.373134328358209,-1.5,-0.10666462308721436,1.7206757969526445,-1.0,0.0,0.0,1.0,0.0,0.0,1.0,0.0,0.0,0.0,0.0,1.0,0.0,1
0.1044776119402985,1.0,0.18768357474507386,0.29368222304147085,2.0,0.0,0.0,0.0,1.0,0.0,0.0,1.0,0.0,0.0,0.0,1.0,0.0,1
0.0708955223880597,0.5,0.19785881919434142,0.7798497059874456,0.0,0.0,0.0,0.0,1.0,1.0,0.0,0.0,0.0,0.0,1.0,0.0,0.0,0
-0.12686567164179105,0.5,-0.5711753305893928,-0.6611056780683272,2.0,0.0,0.0,1.0,0.0,0.0,0.0,1.0,0.0,0.0,0.0,0.0,1.0,1
-0.417910447761194,0.5,1.1256734733312639,1.095562013246864,1.0,0.0,0.0,0.0,1.0,0.0,0.0,0.0,1.0,0.0,1.0,0.0,0.0,1
-1.1977611940298507,-0.5,0.8217552707094112,-0.7629021775384509,0.0,0.0,1.0,0.0,0.0,0.0,0.0,1.0,0.0,0.0,0.0,0.0,1.0,0
1.3544776119402986,-0.5,0.1822564718016016,-0.5332839568650772,1.0,0.0,0.0,1.0,0.0,1.0,0.0,0.0,0.0,0.0,1.0,0.0,0.0,0
-0.04477611940298507,1.5,0.28604954107792535,0.5570976642151803,2.0,0.0,0.0,1.0,0.0,1.0,0.0,0.0,0.0,0.0,0.0,0.0,1.0,1
-1.0,-1.0,-0.2916660483748226,-0.698189336508472,3.0,1.0,0.0,0.0,1.0,1.0,0.0,0.0,0.0,0.0,0.0,1.0,0.0,1
1.037313432835821,-0.5,0.6465864297937363,1.232737861273729,-1.0,0.0,0.0,0.0,1.0,1.0,0.0,0.0,0.0,0.0,1.0,0.0,0.0,1
0.4216417910447761,-1.5,-0.036180276640226876,-0.8276387068319521,1.0,0.0,0.0,1.0,0.0,1.0,0.0,0.0,0.0,0.0,0.0,0.0,1.0,0
1.4291044776119404,0.0,-0.5165426736134979,0.16792712230230045,0.0,0.0,0.0,0.0,1.0,1.0,0.0,0.0,0.0,0.0,0.0,1.0,0.0,0
0.11940298507462686,0.5,0.7075472000833214,0.23041768516525973,1.0,0.0,0.0,1.0,0.0,1.0,0.0,0.0,0.0,0.0,0.0,1.0,0.0,1
-0.3694029850746269,1.0,1.444712571613895,0.7633558668059215,1.0,0.0,0.0,0.0,1.0,0.0,0.0,1.0,0.0,0.0,1.0,0.0,0.0,1
-0.014925373134328358,1.5,0.74653710095778,0.6317953106900216,2.0,0.0,0.0,1.0,0.0,0.0,0.0,1.0,0.0,0.0,0.0,1.0,0.0,1
1.7276119402985075,0.0,0.08186465727171223,-0.5533437992067285,0.0,0.0,0.0,1.0,0.0,1.0,0.0,0.0,0.0,0.0,0.0,1.0,0.0,1
0.19402985074626866,2.0,-0.6072180857699332,-0.596430930386524,1.0,0.0,0.0,1.0,0.0,1.0,0.0,0.0,0.0,0.0,1.0,0.0,0.0,1
0.6567164179104478,0.0,-0.541475922868117,-0.498982843635176,2.0,0.0,0.0,1.0,0.0,0.0,1.0,0.0,0.0,0.0,1.0,0.0,0.0,1
0.7238805970149254,0.0,0.9951350693413864,0.19184277723952783,0.0,0.0,0.0,1.0,0.0,1.0,0.0,0.0,0.0,0.0,0.0,0.0,1.0,1
0.373134328358209,0.5,0.8158213740708764,-0.6298856847875468,1.0,0.0,0.0,0.0,1.0,0.0,0.0,1.0,0.0,0.0,1.0,0.0,0.0,0
0.7313432835820896,-0.5,-0.37774761023076203,0.6609141566233543,2.0,1.0,0.0,1.0,0.0,0.0,0.0,1.0,0.0,0.0,1.0,0.0,0.0,1
0.8992537313432836,-0.5,-0.31727477920581265,0.6204213039137104,1.0,0.0,1.0,0.0,0.0,0.0,0.0,1.0,0.0,0.0,1.0,0.0,0.0,0
-1.3059701492537314,0.0,0.10156272227756816,1.0023810519275356,0.0,0.0,0.0,1.0,0.0,0.0,0.0,0.0,0.0,1.0,1.0,0.0,0.0,1
1.1828358208955223,0.0,0.20256422724309867,0.3752030547274138,0.0,0.0,1.0,0.0,0.0,1.0,0.0,0.0,0.0,0.0,1.0,0.0,0.0,1
0.26492537313432835,-1.0,-0.14744497249447328,0.3929989859585853,2.0,0.0,0.0,1.0,0.0,0.0,0.0,1.0,0.0,0.0,1.0,0.0,0.0,1
1.7682089552238844,2.0,-0.07080284457945307,-0.06836223318306306,0.0,1.0,0.0,0.0,1.0,0.0,0.0,1.0,0.0,0.0,1.0,0.0,0.0,1
-0.8656716417910447,0.5,-0.47496983297560846,0.3299878058962354,1.0,0.0,0.0,1.0,0.0,0.0,0.0,0.0,1.0,0.0,0.0,0.0,1.0,0
-0.8059701492537313,-1.5,-0.30721673239728464,-0.6611450148213024,-1.0,0.0,0.0,1.0,0.0,0.0,0.0,0.0,0.0,1.0,1.0,0.0,0.0,0
0.7425373134328358,-1.0,0.3318909494437864,-0.153118433011807,2.0,0.0,0.0,1.0,0.0,0.0,1.0,0.0,0.0,0.0,1.0,0.0,0.0,1
0.041044776119402986,0.5,0.03105382938005639,-0.7657575613092954,-1.0,0.0,0.0,1.0,0.0,1.0,0.0,0.0,0.0,0.0,0.0,0.0,1.0,1
0.5298507462686567,-0.5,-0.11728128043573208,0.4453995196917701,1.0,1.0,0.0,0.0,1.0,0.0,0.0,1.0,0.0,0.0,0.0,1.0,0.0,0
-0.5522388059701493,-1.0,-0.17363409747779962,-1.0693196078992746,-1.0,0.0,0.0,1.0,0.0,1.0,0.0,0.0,0.0,0.0,0.0,1.0,0.0,0
1.1604477611940298,0.0,-0.273817019610397,-0.36863504060229096,0.0,1.0,0.0,1.0,0.0,0.0,0.0,1.0,0.0,0.0,1.0,0.0,0.0,0
-0.4664179104477612,0.5,0.02269533627636735,-0.3774963357929135,2.0,0.0,0.0,1.0,0.0,0.0,0.0,0.0,0.0,1.0,1.0,0.0,0.0,1
-0.48134328358208955,0.0,-0.4079192120315642,0.48117879420658244,0.0,0.0,0.0,1.0,0.0,1.0,0.0,0.0,0.0,0.0,0.0,1.0,0.0,0
0.5485074626865671,0.5,-0.6217278394225659,-0.5063366261153645,0.0,0.0,0.0,0.0,1.0,1.0,0.0,0.0,0.0,0.0,0.0,1.0,0.0,0
0.7201492537313433,0.0,-0.17416936310975054,-0.3786367676960246,1.0,0.0,0.0,1.0,0.0,0.0,0.0,1.0,0.0,0.0,1.0,0.0,0.0,0
0.6567164179104478,0.0,-0.47690376239255217,0.5405911646711173,2.0,0.0,0.0,0.0,1.0,0.0,0.0,1.0,0.0,0.0,0.0,0.0,1.0,1
-1.123134328358209,-0.5,-0.1128744293388474,0.3430918313254873,1.0,1.0,0.0,1.0,0.0,0.0,1.0,0.0,0.0,0.0,1.0,0.0,0.0,0
-0.45149253731343286,-1.0,-0.5154906614742751,-0.8554958643438441,2.0,1.0,0.0,0.0,1.0,1.0,0.0,0.0,0.0,0.0,0.0,0.0,1.0,1
0.3246268656716418,1.0,-0.0720187151666366,0.23308523560148445,3.0,0.0,0.0,0.0,1.0,0.0,0.0,1.0,0.0,0.0,0.0,0.0,1.0,1
-0.6865671641791045,-0.5,-0.45808880471204455,-0.3884188573954301,-1.0,0.0,0.0,1.0,0.0,0.0,0.0,1.0,0.0,0.0,0.0,1.0,0.0,0
1.257462686567164,-1.0,-0.34823985818828057,0.6437748967243435,-1.0,1.0,0.0,0.0,1.0,0.0,0.0,0.0,1.0,0.0,0.0,0.0,1.0,0
1.1567164179104477,2.5,0.8875663035052028,-0.5305857348391675,2.0,0.0,0.0,1.0,0.0,1.0,0.0,0.0,0.0,0.0,1.0,0.0,0.0,1
0.011194029850746268,0.0,-0.6217278394225659,-0.900469401907422,1.0,1.0,0.0,1.0,0.0,0.0,1.0,0.0,0.0,0.0,0.0,1.0,0.0,0
0.2126865671641791,-1.0,-0.3361224361790936,1.0473727197960383,1.0,0.0,0.0,1.0,0.0,0.0,1.0,0.0,0.0,0.0,1.0,0.0,0.0,0
-0.44776119402985076,0.0,2.5608618454331964,-0.27912332086205977,2.0,0.0,0.0,0.0,1.0,0.0,0.0,0.0,0.0,1.0,1.0,0.0,0.0,1
0.9813432835820896,-1.5,0.46743704297830996,-0.5185082081207314,1.0,0.0,1.0,0.0,0.0,1.0,0.0,0.0,0.0,0.0,1.0,0.0,0.0,0
-1.6194029850746268,-0.5,-0.3718317326449017,0.7625501575370475,0.0,0.0,0.0,0.0,1.0,1.0,0.0,0.0,0.0,0.0,0.0,1.0,0.0,0
0.014925373134328358,0.5,0.39921592799976163,1.0760501072813984,-1.0,0.0,0.0,1.0,0.0,0.0,0.0,1.0,0.0,0.0,1.0,0.0,0.0,0
-0.0037313432835820895,0.5,-0.04982160385940131,0.9117702891797822,0.0,0.0,0.0,1.0,0.0,0.0,0.0,0.0,0.0,1.0,0.0,0.0,1.0,1
0.07835820895522388,1.0,-0.10148072012318587,-0.7574181032825947,1.0,0.0,0.0,1.0,0.0,0.0,1.0,0.0,0.0,0.0,0.0,1.0,0.0,0
0.3656716417910448,-0.5,-0.5892639458865869,0.45031466398378267,0.0,0.0,1.0,0.0,0.0,1.0,0.0,0.0,0.0,0.0,0.0,0.0,1.0,0
0.35074626865671643,1.5,0.6345438461915507,0.666145216186161,1.0,0.0,0.0,1.0,0.0,1.0,0.0,0.0,0.0,0.0,0.0,1.0,0.0,1
-0.746268656716418,0.0,-0.33654835029025343,-0.5159070275565208,2.0,0.0,0.0,0.0,1.0,1.0,0.0,0.0,0.0,0.0,0.0,1.0,0.0,1
-0.9365671641791045,-1.0,0.6563888992418677,0.2668950517397569,2.0,0.0,0.0,1.0,0.0,1.0,0.0,0.0,0.0,0.0,0.0,0.0,1.0,1
0.0,1.0,-0.28219563298237293,0.16453616853369,1.0,0.0,0.0,1.0,0.0,0.0,0.0,1.0,0.0,0.0,1.0,0.0,0.0,1
1.0111940298507462,0.5,3.2681675721334136,-0.631060109028034,1.0,0.0,0.0,1.0,0.0,1.0,0.0,0.0,0.0,0.0,0.0,0.0,1.0,0
-0.7238805970149254,0.5,0.0015772808735340753,0.2379567778931071,1.0,1.0,0.0,0.0,1.0,0.0,1.0,0.0,0.0,0.0,0.0,1.0,0.0,1
-0.018656716417910446,-0.5,0.5511204157951439,-1.0693196078992746,-1.0,0.0,1.0,0.0,0.0,1.0,0.0,0.0,0.0,0.0,0.0,0.0,1.0,0
-0.3208955223880597,-1.0,1.747915076120459,-1.0693196078992746,1.0,0.0,0.0,1.0,0.0,1.0,0.0,0.0,0.0,0.0,1.0,0.0,0.0,1
-1.2164179104477613,1.0,1.3378872380060283,0.07132439887762936,0.0,1.0,0.0,0.0,1.0,0.0,1.0,0.0,0.0,0.0,0.0,1.0,0.0,0
-1.4477611940298507,-0.5,-0.2803915239200833,-0.9116948046831546,0.0,0.0,1.0,0.0,0.0,1.0,0.0,0.0,0.0,0.0,0.0,1.0,0.0,0
0.27238805970149255,0.5,-0.2135880331606775,-0.5676661486467525,1.0,0.0,0.0,1.0,0.0,1.0,0.0,0.0,0.0,0.0,1.0,0.0,0.0,0
0.8731343283582089,0.5,0.02215170269864056,-0.3184422343715341,-1.0,0.0,0.0,1.0,0.0,1.0,0.0,0.0,0.0,0.0,0.0,1.0,0.0,0
-0.26865671641791045,-0.5,-0.491574600327124,-0.8656294840830097,0.0,1.0,1.0,0.0,0.0,0.0,1.0,0.0,0.0,0.0,0.0,1.0,0.0,1
1.0708955223880596,-1.0,1.5191483058035498,-0.8114838693037105,1.0,0.0,0.0,1.0,0.0,1.0,0.0,0.0,0.0,0.0,0.0,0.0,1.0,0
0.5223880597014925,-1.0,0.5345753320726158,0.690367300161953,1.0,0.0,0.0,0.0,1.0,0.0,0.0,0.0,0.0,1.0,1.0,0.0,0.0,0
0.13805970149253732,1.5,-0.572628471218535,1.7140352717004155,0.0,1.0,0.0,1.0,0.0,0.0,1.0,0.0,0.0,0.0,0.0,1.0,0.0,1
-0.40298507462686567,1.0,-0.5177372297209846,-0.8934249131281592,1.0,0.0,0.0,1.0,0.0,1.0,0.0,0.0,0.0,0.0,1.0,0.0,0.0,0
-0.3246268656716418,1.5,0.3743895325155414,-0.4176749189832288,-1.0,0.0,1.0,0.0,0.0,0.0,0.0,1.0,0.0,0.0,0.0,1.0,0.0,1
0.9589552238805971,1.5,-0.37097298255854466,1.430735585519848,0.0,0.0,0.0,1.0,0.0,0.0,0.0,0.0,1.0,0.0,1.0,0.0,0.0,1
0.917910447761194,0.0,0.6177263670088924,-0.39015095600733835,1.0,0.0,0.0,1.0,0.0,0.0,0.0,1.0,0.0,0.0,0.0,0.0,1.0,0
0.8955223880597015,2.5,0.08975248970179613,-0.2541662668727122,1.0,0.0,0.0,1.0,0.0,1.0,0.0,0.0,0.0,0.0,0.0,1.0,0.0,1
0.15298507462686567,-1.0,0.39861775934721044,-0.34544999274134636,0.0,0.0,0.0,0.0,1.0,1.0,0.0,0.0,0.0,0.0,0.0,0.0,1.0,0
0.8768656716417911,1.0,0.9675590515371119,-0.29298667589040744,0.0,0.0,0.0,1.0,0.0,1.0,0.0,0.0,0.0,0.0,0.0,1.0,0.0,0
1.4328358208955223,-1.0,-0.25784263095041376,-0.13848902564650764,0.0,0.0,0.0,1.0,0.0,0.0,0.0,1.0,0.0,0.0,0.0,1.0,0.0,0
-1.1305970149253732,0.0,0.1069051536945148,0.7453059021174687,1.0,0.0,0.0,1.0,0.0,0.0,0.0,1.0,0.0,0.0,1.0,0.0,0.0,1
0.27611940298507465,0.0,3.20824761720018,0.33065491748957143,1.0,0.0,0.0,0.0,1.0,0.0,1.0,0.0,0.0,0.0,1.0,0.0,0.0,0
-1.007462686567164,-1.0,0.6091054409220842,-0.777302089780146,1.0,0.0,0.0,1.0,0.0,1.0,0.0,0.0,0.0,0.0,1.0,0.0,0.0,0
0.5223880597014925,-0.5,-0.412933448323749,0.07971892462466096,1.0,0.0,0.0,1.0,0.0,1.0,0.0,0.0,0.0,0.0,0.0,1.0,0.0,0
0.6417910447761194,2.5,0.7137432783535026,1.6574128092274887,0.0,0.0,0.0,1.0,0.0,1.0,0.0,0.0,0.0,0.0,0.0,0.0,1.0,1
0.2947761194029851,0.0,-0.48133279671330864,-0.19186103097163798,-1.0,0.0,0.0,1.0,0.0,0.0,0.0,1.0,0.0,0.0,0.0,1.0,0.0,0
-1.0522388059701493,0.0,1.4357593684598693,0.4449291135228635,-1.0,0.0,0.0,1.0,0.0,0.0,0.0,0.0,0.0,1.0,0.0,0.0,1.0,1
-0.7388059701492538,0.0,-0.27462287198729074,-0.5065909652830332,2.0,1.0,0.0,0.0,1.0,1.0,0.0,0.0,0.0,0.0,0.0,0.0,1.0,1
0.6380597014925373,-0.5,0.5328988171790374,1.0027480419462094,1.0,0.0,0.0,1.0,0.0,1.0,0.0,0.0,0.0,0.0,0.0,0.0,1.0,0
-0.09701492537313433,-1.0,-0.5990764550918878,-0.8575289248776254,0.0,0.0,0.0,1.0,0.0,1.0,0.0,0.0,0.0,0.0,0.0,1.0,0.0,0
0.3619402985074627,-1.0,1.240404997807227,1.0938305738168155,1.0,0.0,0.0,0.0,1.0,0.0,0.0,1.0,0.0,0.0,1.0,0.0,0.0,1
-0.11194029850746269,-1.0,1.2122592714460962,0.08764840077164969,0.0,0.0,0.0,1.0,0.0,1.0,0.0,0.0,0.0,0.0,1.0,0.0,0.0,0
-0.06716417910447761,-1.5,-0.07490566690945116,0.17701306549373888,2.0,1.0,0.0,1.0,0.0,1.0,0.0,0.0,0.0,0.0,1.0,0.0,0.0,1
-1.455223880597015,1.5,3.1738825110505924,-0.8893842684620492,1.0,0.0,0.0,1.0,0.0,0.0,0.0,1.0,0.0,0.0,1.0,0.0,0.0,1
0.03731343283582089,0.5,-0.39792758322552574,-0.07831337072410649,1.0,0.0,0.0,1.0,0.0,1.0,0.0,0.0,0.0,0.0,0.0,0.0,1.0,0
-0.9813432835820896,-1.5,0.2616794940595902,-0.8681134162198955,1.0,0.0,0.0,1.0,0.0,0.0,0.0,1.0,0.0,0.0,1.0,0.0,0.0,1
-0.2873134328358209,2.5,-0.09988035984744853,0.593759606571188,1.0,0.0,0.0,1.0,0.0,1.0,0.0,0.0,0.0,0.0,1.0,0.0,0.0,1
0.31716417910447764,-1.0,-0.05394564075133611,-0.8000255476386817,2.0,0.0,0.0,0.0,1.0,0.0,0.0,0.0,0.0,1.0,0.0,0.0,1.0,1
0.08582089552238806,0.5,0.11846800585718227,-0.7204881420849254,1.0,0.0,0.0,1.0,0.0,1.0,0.0,0.0,0.0,0.0,1.0,0.0,0.0,0
-0.2835820895522388,-0.5,0.6554119441167024,-0.40977816492612906,0.0,0.0,0.0,1.0,0.0,1.0,0.0,0.0,0.0,0.0,1.0,0.0,0.0,0
0.7052238805970149,1.5,0.46225597805306484,-0.11508867065721283,2.0,0.0,0.0,1.0,0.0,0.0,0.0,0.0,1.0,0.0,0.0,0.0,1.0,1
-1.1455223880597014,0.5,-0.6067517566284696,-1.0693196078992746,0.0,1.0,0.0,1.0,0.0,1.0,0.0,0.0,0.0,0.0,1.0,0.0,0.0,0
0.17164179104477612,-0.5,0.46842700138018606,-0.6794898813461797,1.0,0.0,0.0,0.0,1.0,1.0,0.0,0.0,0.0,0.0,0.0,1.0,0.0,0
0.6268656716417911,-0.5,-0.5995505870198651,1.712081708826194,-1.0,1.0,0.0,1.0,0.0,0.0,0.0,1.0,0.0,0.0,0.0,0.0,1.0,1
0.5373134328358209,-1.0,1.1369871699361702,-0.9668824327790397,1.0,0.0,0.0,0.0,1.0,0.0,0.0,1.0,0.0,0.0,0.0,1.0,0.0,0
-0.8843283582089553,2.5,3.488464304680498,-0.45341010493140227,0.0,0.0,0.0,1.0,0.0,1.0,0.0,0.0,0.0,0.0,0.0,1.0,0.0,1
0.11940298507462686,0.5,0.28789814570831007,-0.40577366904364864,-1.0,0.0,0.0,1.0,0.0,1.0,0.0,0.0,0.0,0.0,0.0,1.0,0.0,0
-0.7238805970149254,0.5,0.6059720544804307,0.702598821177252,2.0,0.0,0.0,1.0,0.0,0.0,0.0,0.0,1.0,0.0,1.0,0.0,0.0,1
-0.06343283582089553,-1.5,2.5001993211999274,0.3742147386549605,0.0,0.0,0.0,1.0,0.0,0.0,1.0,0.0,0.0,0.0,0.0,1.0,0.0,1
-0.21641791044776118,0.5,0.8405534139348892,0.9105278005585713,1.0,1.0,0.0,1.0,0.0,0.0,1.0,0.0,0.0,0.0,1.0,0.0,0.0,0
-0.5559701492537313,0.0,0.1985774540624358,-0.7580672922321073,0.0,0.0,0.0,1.0,0.0,1.0,0.0,0.0,0.0,0.0,0.0,1.0,0.0,0
0.26492537313432835,-0.5,-0.5350723695991987,-0.47277108777046234,-1.0,0.0,0.0,1.0,0.0,1.0,0.0,0.0,0.0,0.0,1.0,0.0,0.0,0
1.75,1.5,1.3664012420756937,0.5816558588523856,1.0,0.0,0.0,1.0,0.0,1.0,0.0,0.0,0.0,0.0,0.0,1.0,0.0,1
-1.6194029850746268,0.5,0.00562991734087894,-0.03908807077075141,-1.0,0.0,0.0,0.0,1.0,0.0,0.0,1.0,0.0,0.0,1.0,0.0,0.0,0
0.376865671641791,-0.5,-0.54838769109891,0.5365363527196907,2.0,1.0,0.0,1.0,0.0,1.0,0.0,0.0,0.0,0.0,1.0,0.0,0.0,1
-0.40671641791044777,-0.5,-0.3279610303461284,-0.05334517848192375,-1.0,0.0,0.0,1.0,0.0,1.0,0.0,0.0,0.0,0.0,1.0,0.0,0.0,0
0.7350746268656716,-1.0,-0.031528492776908786,0.9511866420698495,3.0,0.0,0.0,1.0,0.0,1.0,0.0,0.0,0.0,0.0,1.0,0.0,0.0,1
1.0820895522388059,1.0,-0.556514480041474,0.5805759317332099,0.0,0.0,0.0,1.0,0.0,1.0,0.0,0.0,0.0,0.0,1.0,0.0,0.0,1
-0.6044776119402985,0.5,0.5467758907180456,0.37738399436543907,0.0,0.0,0.0,1.0,0.0,0.0,0.0,1.0,0.0,0.0,1.0,0.0,0.0,0
1.7682089552238844,1.0,-0.4082401945205399,-0.555261570458064,-1.0,1.0,0.0,0.0,1.0,1.0,0.0,0.0,0.0,0.0,1.0,0.0,0.0,0
-0.2835820895522388,-0.5,-0.23942835072943883,-0.8182801438695756,1.0,0.0,0.0,1.0,0.0,1.0,0.0,0.0,0.0,0.0,0.0,0.0,1.0,0
-0.19776119402985073,-0.5,2.371324645142722,0.6068272610272488,1.0,0.0,0.0,1.0,0.0,0.0,0.0,1.0,0.0,0.0,0.0,0.0,1.0,0
1.1492537313432836,0.5,2.814226340284131,0.3657887791073472,1.0,0.0,0.0,1.0,0.0,0.0,0.0,1.0,0.0,0.0,1.0,0.0,0.0,0
0.5410447761194029,0.0,-0.20174379751085408,-0.9854670006359804,-1.0,0.0,0.0,0.0,1.0,0.0,0.0,1.0,0.0,0.0,0.0,1.0,0.0,0
0.2873134328358209,0.0,0.7736815099452821,-0.5305074330627235,1.0,0.0,0.0,1.0,0.0,0.0,0.0,1.0,0.0,0.0,0.0,1.0,0.0,0
0.291044776119403,0.0,1.3254128624978692,1.1579614702205794,0.0,0.0,0.0,1.0,0.0,0.0,0.0,0.0,1.0,0.0,0.0,0.0,1.0,1
-0.4552238805970149,-0.5,-0.378102384593735,0.7096992777663995,2.0,0.0,0.0,1.0,0.0,1.0,0.0,0.0,0.0,0.0,0.0,0.0,1.0,1
-0.5895522388059702,1.0,-0.5310329368092704,-0.14197471035105436,3.0,1.0,0.0,1.0,0.0,1.0,0.0,0.0,0.0,0.0,0.0,0.0,1.0,1
-0.4626865671641791,1.5,0.30805297442063917,-0.5055451994742443,0.0,0.0,1.0,0.0,0.0,1.0,0.0,0.0,0.0,0.0,1.0,0.0,0.0,1
-1.5223880597014925,1.0,-0.014561670883287985,0.1439353581992151,3.0,1.0,0.0,1.0,0.0,0.0,0.0,1.0,0.0,0.0,1.0,0.0,0.0,1
-0.2462686567164179,1.0,1.386307219081589,-0.3392317616342704,0.0,0.0,0.0,1.0,0.0,1.0,0.0,0.0,0.0,0.0,1.0,0.0,0.0,0
1.2388059701492538,1.5,1.5955961233719465,0.6600224370901494,0.0,0.0,0.0,0.0,1.0,1.0,0.0,0.0,0.0,0.0,1.0,0.0,0.0,1
0.43283582089552236,-0.5,0.08784516526263299,-0.2809153727096816,0.0,1.0,0.0,0.0,1.0,0.0,1.0,0.0,0.0,0.0,1.0,0.0,0.0,0
0.44029850746268656,0.5,-0.372427996532094,-0.3412184889798961,0.0,0.0,0.0,1.0,0.0,0.0,0.0,1.0,0.0,0.0,0.0,1.0,0.0,0
0.6902985074626866,0.5,-0.17208930498854158,-0.1047815340690604,3.0,0.0,0.0,1.0,0.0,0.0,0.0,0.0,1.0,0.0,0.0,0.0,1.0,1
1.205223880597015,-1.5,2.1476764264838204,-0.5794546983858152,-1.0,0.0,0.0,1.0,0.0,1.0,0.0,0.0,0.0,0.0,0.0,1.0,0.0,0
0.7947761194029851,0.5,-0.24449522300390408,0.44649257795869807,2.0,0.0,0.0,1.0,0.0,0.0,0.0,1.0,0.0,0.0,0.0,0.0,1.0,1
1.078358208955224,1.0,0.22714189929261774,-0.04042176480624803,-1.0,0.0,0.0,1.0,0.0,1.0,0.0,0.0,0.0,0.0,0.0,0.0,1.0,0
1.1044776119402986,-1.0,-0.5950575679455088,0.10734883044298994,1.0,0.0,0.0,1.0,0.0,1.0,0.0,0.0,0.0,0.0,0.0,1.0,0.0,0
-0.4552238805970149,-1.5,-0.4244398352789709,-0.5891835433285844,1.0,0.0,0.0,0.0,1.0,1.0,0.0,0.0,0.0,0.0,1.0,0.0,0.0,0
0.31343283582089554,-1.5,-0.5677270212963562,0.46323923655621524,0.0,0.0,0.0,1.0,0.0,1.0,0.0,0.0,0.0,0.0,0.0,0.0,1.0,0
-0.4701492537313433,-1.0,0.8726353042081206,0.3144184549066746,2.0,0.0,0.0,1.0,0.0,0.0,0.0,1.0,0.0,0.0,1.0,0.0,0.0,1
0.15298507462686567,-1.0,0.3229220717799884,0.8952352203771,-1.0,0.0,0.0,0.0,1.0,0.0,1.0,0.0,0.0,0.0,0.0,0.0,1.0,1
-0.029850746268656716,0.5,-0.49202516426537457,0.3687808064261804,0.0,0.0,0.0,0.0,1.0,0.0,1.0,0.0,0.0,0.0,1.0,0.0,0.0,0
-0.7164179104477612,-0.5,-0.6138766376161844,-0.2971146694485228,-1.0,0.0,0.0,1.0,0.0,0.0,0.0,1.0,0.0,0.0,0.0,1.0,0.0,0
-0.03731343283582089,-1.0,-0.028292827107750173,1.2216976455631792,1.0,0.0,0.0,1.0,0.0,1.0,0.0,0.0,0.0,0.0,1.0,0.0,0.0,1
-0.5522388059701493,-1.5,0.2395958874655183,0.7446455778249944,-1.0,0.0,0.0,1.0,0.0,1.0,0.0,0.0,0.0,0.0,1.0,0.0,0.0,0
-0.9291044776119403,-0.5,2.000585205285252,-0.34360658568463864,-1.0,0.0,0.0,1.0,0.0,0.0,0.0,1.0,0.0,0.0,0.0,1.0,0.0,0
-1.25,-0.5,0.686869753246473,-0.16048010370171925,1.0,0.0,0.0,0.0,1.0,1.0,0.0,0.0,0.0,0.0,1.0,0.0,0.0,0
0.8208955223880597,-1.5,0.37505843153429846,-0.15477220361492902,0.0,0.0,1.0,0.0,0.0,1.0,0.0,0.0,0.0,0.0,1.0,0.0,0.0,0
1.0970149253731343,1.0,0.6415117640371893,0.30432038747105,0.0,1.0,0.0,0.0,1.0,0.0,1.0,0.0,0.0,0.0,1.0,0.0,0.0,1
-0.5335820895522388,0.0,1.2756613391065792,0.9140056899332413,-1.0,0.0,0.0,0.0,1.0,1.0,0.0,0.0,0.0,0.0,1.0,0.0,0.0,0
-0.5970149253731343,0.5,-0.23598031759410987,-0.34234359680862836,1.0,0.0,0.0,1.0,0.0,1.0,0.0,0.0,0.0,0.0,1.0,0.0,0.0,0
0.08582089552238806,-0.5,0.26205247630639966,-0.11087857218543454,0.0,0.0,0.0,1.0,0.0,0.0,1.0,0.0,0.0,0.0,1.0,0.0,0.0,0
0.08208955223880597,-1.0,-0.5701034175905465,0.4008032842103818,2.0,0.0,0.0,0.0,1.0,0.0,0.0,1.0,0.0,0.0,0.0,1.0,0.0,1
-0.5634328358208955,-0.5,-0.420155768412403,0.4597524119670774,0.0,1.0,0.0,0.0,1.0,0.0,0.0,1.0,0.0,0.0,0.0,0.0,1.0,0
-0.6940298507462687,2.0,-0.0733806749133557,-0.2069972099521647,-1.0,0.0,0.0,1.0,0.0,0.0,1.0,0.0,0.0,0.0,1.0,0.0,0.0,1
0.30597014925373134,-0.5,-0.4101528212191039,-0.6720949910254587,0.0,1.0,0.0,0.0,1.0,1.0,0.0,0.0,0.0,0.0,0.0,1.0,0.0,0
-0.7164179104477612,-0.5,-0.21394835873551532,0.7931726237040199,2.0,0.0,0.0,0.0,1.0,1.0,0.0,0.0,0.0,0.0,1.0,0.0,0.0,1
0.21641791044776118,1.0,0.600801901577162,-0.39475994126902836,0.0,0.0,0.0,1.0,0.0,1.0,0.0,0.0,0.0,0.0,0.0,1.0,0.0,1
-0.44776119402985076,-1.0,-0.25348817919150907,0.42702623650205224,1.0,0.0,0.0,1.0,0.0,0.0,0.0,1.0,0.0,0.0,0.0,1.0,0.0,0
-1.041044776119403,-0.5,0.13812575827458612,0.3954944815793162,1.0,0.0,0.0,1.0,0.0,0.0,1.0,0.0,0.0,0.0,0.0,1.0,0.0,0
-0.24253731343283583,1.5,0.8112549958938672,-0.6944949952772984,1.0,0.0,0.0,1.0,0.0,1.0,0.0,0.0,0.0,0.0,1.0,0.0,0.0,1
-0.014925373134328358,-1.5,0.01630963965085774,-0.21434989773623087,1.0,0.0,0.0,0.0,1.0,0.0,1.0,0.0,0.0,0.0,0.0,0.0,1.0,0
0.2537313432835821,0.0,1.1216508998678472,0.14562178855487717,2.0,0.0,0.0,1.0,0.0,1.0,0.0,0.0,0.0,0.0,1.0,0.0,0.0,1
-0.664179104477612,1.5,-0.06483993083665102,-0.4132787664713861,-1.0,1.0,0.0,1.0,0.0,1.0,0.0,0.0,0.0,0.0,0.0,1.0,0.0,1
-0.30597014925373134,0.0,-0.18869268883561832,-0.6528131691893202,2.0,0.0,0.0,0.0,1.0,0.0,0.0,1.0,0.0,0.0,1.0,0.0,0.0,1
-0.3283582089552239,0.0,1.81956904182027,-1.0186229356027967,0.0,0.0,0.0,1.0,0.0,0.0,0.0,1.0,0.0,0.0,1.0,0.0,0.0,0
0.4701492537313433,-0.5,-0.44368753477369616,1.0327135918103973,0.0,0.0,0.0,1.0,0.0,0.0,0.0,1.0,0.0,0.0,0.0,1.0,0.0,0
-0.0037313432835820895,1.0,-0.2727458053275979,0.18784746664916616,0.0,0.0,0.0,0.0,1.0,0.0,0.0,0.0,1.0,0.0,0.0,0.0,1.0,0
-0.5970149253731343,-0.5,-0.43110255370074385,-0.6137562337978996,-1.0,0.0,0.0,1.0,0.0,0.0,0.0,1.0,0.0,0.0,1.0,0.0,0.0,0
-1.6194029850746268,0.0,0.8106246984012744,1.1403239791071442,1.0,0.0,0.0,1.0,0.0,0.0,0.0,1.0,0.0,0.0,0.0,0.0,1.0,1
0.09701492537313433,0.0,1.1088631423202804,0.2356597304617587,1.0,0.0,0.0,1.0,0.0,1.0,0.0,0.0,0.0,0.0,0.0,1.0,0.0,0
-0.5522388059701493,-1.5,-0.5973957783168498,-0.23099234212481534,-1.0,0.0,0.0,1.0,0.0,1.0,0.0,0.0,0.0,0.0,0.0,1.0,0.0,0
0.9552238805970149,-1.5,0.28899086194820545,-0.7582460941073379,0.0,0.0,1.0,0.0,0.0,1.0,0.0,0.0,0.0,0.0,1.0,0.0,0.0,1
-0.05970149253731343,-0.5,1.129025660722491,-0.11683188158062013,0.0,0.0,0.0,1.0,0.0,1.0,0.0,0.0,0.0,0.0,0.0,1.0,0.0,0
-0.3246268656716418,-0.5,-0.3131909548404511,1.046651644932823,1.0,0.0,0.0,1.0,0.0,1.0,0.0,0.0,0.0,0.0,1.0,0.0,0.0,0
1.164179104477612,-1.5,0.2435621207116186,0.34427335313097357,1.0,0.0,0.0,1.0,0.0,1.0,0.0,0.0,0.0,0.0,1.0,0.0,0.0,0
1.2462686567164178,0.5,-0.2481921540632711,-0.6968273110343993,0.0,0.0,0.0,1.0,0.0,1.0,0.0,0.0,0.0,0.0,1.0,0.0,0.0,1
-0.34328358208955223,-1.0,3.488464304680498,-1.0262225088468961,3.0,0.0,0.0,1.0,0.0,1.0,0.0,0.0,0.0,0.0,0.0,0.0,1.0,1
-1.208955223880597,0.5,-0.47348285436516546,1.3920939122646834,2.0,0.0,0.0,1.0,0.0,0.0,0.0,1.0,0.0,0.0,0.0,1.0,0.0,1
-0.9776119402985075,2.0,-0.5214219334341567,-0.3296685003055411,-1.0,1.0,0.0,1.0,0.0,0.0,1.0,0.0,0.0,0.0,0.0,0.0,1.0,1
0.9813432835820896,0.5,0.041891274274281534,-0.34499657067145195,2.0,0.0,0.0,1.0,0.0,1.0,0.0,0.0,0.0,0.0,1.0,0.0,0.0,1
0.6417910447761194,-0.5,0.162153278899069,-0.6661280068164949,-1.0,1.0,0.0,1.0,0.0,1.0,0.0,0.0,0.0,0.0,0.0,1.0,0.0,0
0.34701492537313433,1.0,0.4866772233717342,0.8261654649440695,0.0,0.0,0.0,1.0,0.0,1.0,0.0,0.0,0.0,0.0,0.0,1.0,0.0,1
-0.16417910447761194,-1.5,1.8025303348450474,0.24169947665931388,1.0,0.0,0.0,1.0,0.0,0.0,0.0,0.0,0.0,1.0,0.0,0.0,1.0,0
-1.6194029850746268,0.5,-0.326333466625488,0.2993643264147452,0.0,0.0,1.0,0.0,0.0,1.0,0.0,0.0,0.0,0.0,0.0,0.0,1.0,0
1.3544776119402986,-1.0,0.353441706384829,1.6263229393046486,-1.0,0.0,0.0,1.0,0.0,0.0,0.0,1.0,0.0,0.0,1.0,0.0,0.0,1
-0.20149253731343283,-1.0,-0.5342485952694158,-0.0469255784145526,1.0,0.0,0.0,1.0,0.0,0.0,0.0,1.0,0.0,0.0,0.0,0.0,1.0,0
0.35447761194029853,2.0,0.7731585545324656,0.6108405119107301,1.0,0.0,0.0,1.0,0.0,0.0,1.0,0.0,0.0,0.0,0.0,1.0,0.0,1
-0.11567164179104478,-1.0,0.22774874486340146,-0.7665037046900659,1.0,0.0,0.0,0.0,1.0,1.0,0.0,0.0,0.0,0.0,0.0,1.0,0.0,0
-0.1828358208955224,-0.5,-0.15320092929232826,-0.8999393299193768,1.0,0.0,0.0,0.0,1.0,1.0,0.0,0.0,0.0,0.0,0.0,1.0,0.0,1
-0.16791044776119404,-1.0,0.11987312437443454,0.10029415495711981,1.0,0.0,0.0,1.0,0.0,0.0,0.0,0.0,0.0,1.0,1.0,0.0,0.0,0
-0.17164179104477612,-0.5,-0.5950744100139109,-0.8814041802861647,1.0,1.0,0.0,0.0,1.0,1.0,0.0,0.0,0.0,0.0,0.0,0.0,1.0,1
-1.6194029850746268,-0.5,-0.47345230236327657,-0.4326953332527978,1.0,0.0,0.0,1.0,0.0,0.0,0.0,0.0,0.0,1.0,1.0,0.0,0.0,0
0.5522388059701493,-1.0,0.18941383122588026,-0.07875117184361557,1.0,0.0,0.0,1.0,0.0,1.0,0.0,0.0,0.0,0.0,1.0,0.0,0.0,0
0.7985074626865671,-1.0,-0.24967423940130806,0.1350936629657588,1.0,1.0,0.0,1.0,0.0,1.0,0.0,0.0,0.0,0.0,1.0,0.0,0.0,0
0.7276119402985075,1.0,0.5591334248540573,0.512116652455191,2.0,0.0,0.0,1.0,0.0,0.0,0.0,1.0,0.0,0.0,0.0,1.0,0.0,1
0.20522388059701493,1.0,0.9228057635966731,0.9024567374915734,1.0,0.0,0.0,1.0,0.0,1.0,0.0,0.0,0.0,0.0,1.0,0.0,0.0,0
0.022388059701492536,-1.0,0.48795760894247586,0.9130037148874243,0.0,0.0,0.0,0.0,1.0,1.0,0.0,0.0,0.0,0.0,1.0,0.0,0.0,0
-0.8059701492537313,0.5,0.010987577608554202,-0.2834603815324301,1.0,0.0,0.0,1.0,0.0,0.0,1.0,0.0,0.0,0.0,1.0,0.0,0.0,1
0.6977611940298507,0.5,0.22960487733389548,0.3685126169289496,1.0,1.0,0.0,1.0,0.0,1.0,0.0,0.0,0.0,0.0,0.0,1.0,0.0,0
-0.15671641791044777,0.0,-0.19815619633055367,1.1516063840178465,-1.0,0.0,0.0,0.0,1.0,0.0,0.0,1.0,0.0,0.0,0.0,0.0,1.0,1
0.15671641791044777,0.5,0.5212819604293648,1.0928215628830005,1.0,0.0,0.0,1.0,0.0,1.0,0.0,0.0,0.0,0.0,0.0,1.0,0.0,1
0.8022388059701493,0.5,-0.19473680170104835,0.5824689151468857,1.0,0.0,0.0,1.0,0.0,1.0,0.0,0.0,0.0,0.0,0.0,0.0,1.0,1
-0.5447761194029851,0.0,0.4255951432238027,-0.5275183430406993,1.0,1.0,0.0,1.0,0.0,1.0,0.0,0.0,0.0,0.0,0.0,0.0,1.0,0
1.7313432835820894,-0.5,-0.4060793335025312,0.9540785340032378,0.0,1.0,0.0,0.0,1.0,1.0,0.0,0.0,0.0,0.0,1.0,0.0,0.0,0
1.7682089552238844,-1.5,0.6071958143653676,0.7438731559105725,1.0,0.0,0.0,0.0,1.0,0.0,0.0,0.0,1.0,0.0,0.0,1.0,0.0,0
0.8656716417910447,1.0,0.19026704500326824,-0.9900365993517822,2.0,0.0,0.0,1.0,0.0,0.0,1.0,0.0,0.0,0.0,1.0,0.0,0.0,1
-0.03731343283582089,1.0,0.5998315687762654,0.6648382939910555,0.0,0.0,0.0,0.0,1.0,0.0,1.0,0.0,0.0,0.0,1.0,0.0,0.0,1
0.6417910447761194,-1.0,3.488464304680498,0.6122457134465443,-1.0,0.0,0.0,1.0,0.0,0.0,1.0,0.0,0.0,0.0,1.0,0.0,0.0,0
-0.22761194029850745,-0.5,2.184537844017075,0.1876327978184058,-1.0,0.0,0.0,0.0,1.0,0.0,0.0,1.0,0.0,0.0,0.0,1.0,0.0,0
-0.6044776119402985,-1.0,0.6764833224325028,0.11504073654043069,0.0,0.0,0.0,1.0,0.0,0.0,1.0,0.0,0.0,0.0,1.0,0.0,0.0,0
-0.417910447761194,-1.0,0.6533279151833136,-0.31809435131272745,0.0,0.0,0.0,1.0,0.0,1.0,0.0,0.0,0.0,0.0,0.0,0.0,1.0,0
-0.08955223880597014,-0.5,0.7247319306970101,-0.783956938714047,0.0,0.0,0.0,1.0,0.0,0.0,0.0,0.0,0.0,1.0,0.0,0.0,1.0,0
0.4552238805970149,-0.5,-0.3635625166329834,0.7807293464064368,-1.0,0.0,0.0,1.0,0.0,1.0,0.0,0.0,0.0,0.0,0.0,0.0,1.0,0
-0.2537313432835821,0.0,-0.04287872788753723,-0.2591613459628493,0.0,0.0,0.0,1.0,0.0,1.0,0.0,0.0,0.0,0.0,1.0,0.0,0.0,0
-1.6194029850746268,1.5,-0.6217278394225659,-0.6000354919074767,-1.0,0.0,0.0,0.0,1.0,1.0,0.0,0.0,0.0,0.0,0.0,1.0,0.0,1
0.13805970149253732,1.0,-0.6108436426813165,0.1573516076021529,-1.0,1.0,0.0,0.0,1.0,0.0,0.0,1.0,0.0,0.0,0.0,1.0,0.0,0
-0.5485074626865671,1.5,-0.517010172170538,-0.34996456424932987,1.0,0.0,0.0,1.0,0.0,0.0,0.0,1.0,0.0,0.0,1.0,0.0,0.0,1
0.04477611940298507,0.0,0.20514769318492468,-0.5978640831357945,1.0,0.0,0.0,0.0,1.0,1.0,0.0,0.0,0.0,0.0,0.0,1.0,0.0,1
1.3134328358208955,2.0,-0.298108491424035,0.3573058834868821,0.0,0.0,0.0,0.0,1.0,1.0,0.0,0.0,0.0,0.0,1.0,0.0,0.0,1
0.5298507462686567,-1.0,-0.1400668475477716,0.18734247441885926,-1.0,0.0,0.0,1.0,0.0,1.0,0.0,0.0,0.0,0.0,1.0,0.0,0.0,0
-0.9365671641791045,1.0,-0.44481527752652583,-0.3861836119711887,1.0,0.0,0.0,1.0,0.0,1.0,0.0,0.0,0.0,0.0,0.0,1.0,0.0,0
0.7947761194029851,0.5,0.8367334725198724,-0.4053742568298277,1.0,0.0,0.0,1.0,0.0,0.0,1.0,0.0,0.0,0.0,1.0,0.0,0.0,1
0.7947761194029851,-1.0,0.355399457233102,0.2532786218061172,1.0,0.0,0.0,1.0,0.0,1.0,0.0,0.0,0.0,0.0,1.0,0.0,0.0,0
-1.1119402985074627,0.5,0.7704796813039761,1.0124160329799565,1.0,0.0,0.0,1.0,0.0,1.0,0.0,0.0,0.0,0.0,0.0,0.0,1.0,0
-0.6343283582089553,0.5,-0.09033769496713691,0.052131127869283034,1.0,0.0,0.0,1.0,0.0,1.0,0.0,0.0,0.0,0.0,1.0,0.0,0.0,0
1.7682089552238844,-1.0,-0.4228395012745878,-0.036795232403873966,2.0,0.0,0.0,1.0,0.0,0.0,0.0,0.0,1.0,0.0,1.0,0.0,0.0,1
0.47388059701492535,1.0,-0.48596908996188715,-0.38345723031534934,0.0,0.0,0.0,1.0,0.0,1.0,0.0,0.0,0.0,0.0,0.0,1.0,0.0,0
-0.5671641791044776,0.0,-0.33462132519039406,0.19771048765743277,0.0,0.0,0.0,1.0,0.0,1.0,0.0,0.0,0.0,0.0,0.0,1.0,0.0,0
0.6119402985074627,-0.5,-0.5149338516334226,0.3632133860191059,0.0,0.0,0.0,1.0,0.0,0.0,1.0,0.0,0.0,0.0,1.0,0.0,0.0,0
-0.7425373134328358,-0.5,-0.07141182990923634,-0.19692065859331584,2.0,0.0,0.0,1.0,0.0,0.0,0.0,1.0,0.0,0.0,1.0,0.0,0.0,1
1.7682089552238844,-0.5,0.8038750244297941,0.2553971168925326,1.0,0.0,0.0,0.0,1.0,0.0,1.0,0.0,0.0,0.0,1.0,0.0,0.0,0
-0.40298507462686567,0.5,0.05612154033141219,-0.1506664005781501,0.0,1.0,0.0,1.0,0.0,1.0,0.0,0.0,0.0,0.0,1.0,0.0,0.0,0
-0.19776119402985073,1.5,-0.00015894682527573995,-0.2424705174390689,0.0,0.0,0.0,0.0,1.0,0.0,0.0,1.0,0.0,0.0,0.0,0.0,1.0,1
0.5261194029850746,0.0,0.5040184058144251,-0.48146715003028984,2.0,0.0,0.0,1.0,0.0,0.0,0.0,1.0,0.0,0.0,1.0,0.0,0.0,1
-0.7238805970149254,-0.5,0.10014974742377193,0.23674846479785433,2.0,0.0,0.0,1.0,0.0,1.0,0.0,0.0,0.0,0.0,0.0,1.0,0.0,1
-1.6194029850746268,-1.0,-0.2296997765251578,-0.9902997430663706,2.0,1.0,0.0,1.0,0.0,0.0,0.0,1.0,0.0,0.0,1.0,0.0,0.0,1
-0.8992537313432836,-1.0,0.16476943217978945,0.04060214081275537,2.0,0.0,0.0,1.0,0.0,0.0,0.0,1.0,0.0,0.0,0.0,0.0,1.0,1
-0.9813432835820896,0.5,1.0229195022711703,0.0340832036654837,-1.0,0.0,0.0,0.0,1.0,0.0,1.0,0.0,0.0,0.0,0.0,0.0,1.0,1
-1.0485074626865671,0.5,-0.48295160981694024,1.0495359899565997,-1.0,1.0,0.0,0.0,1.0,1.0,0.0,0.0,0.0,0.0,1.0,0.0,0.0,0
-1.6194029850746268,0.5,-0.1889656250990946,0.6140332233570521,0.0,0.0,0.0,0.0,1.0,0.0,0.0,1.0,0.0,0.0,1.0,0.0,0.0,0
1.5559701492537314,0.0,-0.43272192528843995,1.0097316870721913,-1.0,0.0,0.0,1.0,0.0,0.0,0.0,1.0,0.0,0.0,0.0,1.0,0.0,0
0.48507462686567165,0.0,-0.3023905969396458,1.6726386265765694,1.0,1.0,0.0,1.0,0.0,0.0,1.0,0.0,0.0,0.0,1.0,0.0,0.0,1
-0.026119402985074626,-1.0,-0.4821616691356803,-0.1321343835770628,1.0,0.0,0.0,0.0,1.0,0.0,1.0,0.0,0.0,0.0,0.0,1.0,0.0,0
-0.5522388059701493,0.5,-0.6143331383462344,0.8523209230874652,0.0,0.0,0.0,0.0,1.0,1.0,0.0,0.0,0.0,0.0,1.0,0.0,0.0,0
0.19029850746268656,0.0,0.1570542139143576,0.3244290028378698,0.0,0.0,0.0,0.0,1.0,0.0,0.0,1.0,0.0,0.0,0.0,0.0,1.0,1
0.30970149253731344,-1.5,-0.6217278394225659,0.17700838328090923,0.0,0.0,0.0,0.0,1.0,0.0,0.0,1.0,0.0,0.0,1.0,0.0,0.0,0
-0.35447761194029853,-1.5,-0.44438922610359854,0.6234154649954425,-1.0,0.0,0.0,1.0,0.0,1.0,0.0,0.0,0.0,0.0,1.0,0.0,0.0,0
0.3656716417910448,-1.0,-0.061808628187546,-0.74407629581054,1.0,0.0,0.0,1.0,0.0,1.0,0.0,0.0,0.0,0.0,1.0,0.0,0.0,0
1.3544776119402986,-1.0,0.49591636180013676,0.2392924547758203,0.0,0.0,0.0,0.0,1.0,0.0,1.0,0.0,0.0,0.0,0.0,1.0,0.0,0
1.541044776119403,1.5,-0.23878309606890716,0.13982789648592628,0.0,0.0,0.0,0.0,1.0,1.0,0.0,0.0,0.0,0.0,0.0,0.0,1.0,1
0.7686567164179104,-1.5,-0.41009388129333973,-0.5421247004223072,2.0,0.0,0.0,1.0,0.0,0.0,0.0,1.0,0.0,0.0,1.0,0.0,0.0,1
0.3619402985074627,-0.5,0.49709510236825855,0.40359443936880185,1.0,0.0,0.0,1.0,0.0,0.0,1.0,0.0,0.0,0.0,0.0,0.0,1.0,0
0.3880597014925373,0.0,0.09656359459136017,1.2712031191261275,1.0,0.0,0.0,1.0,0.0,0.0,1.0,0.0,0.0,0.0,1.0,0.0,0.0,1
0.05223880597014925,0.0,-0.5401747705719743,0.3135048110041915,-1.0,0.0,0.0,1.0,0.0,0.0,1.0,0.0,0.0,0.0,1.0,0.0,0.0,0
-0.16791044776119404,-0.5,-0.4175389700738122,0.6718051147766725,1.0,0.0,0.0,1.0,0.0,0.0,0.0,1.0,0.0,0.0,0.0,0.0,1.0,0
0.34328358208955223,0.5,-0.5373874092820823,0.8410003550122944,0.0,0.0,0.0,1.0,0.0,1.0,0.0,0.0,0.0,0.0,0.0,1.0,0.0,0
-0.06716417910447761,0.5,0.3806052429447329,-0.2503730850823098,1.0,0.0,0.0,1.0,0.0,0.0,1.0,0.0,0.0,0.0,1.0,0.0,0.0,0
-1.3395522388059702,-1.5,0.2226567962413556,0.4446893717678235,1.0,0.0,0.0,1.0,0.0,1.0,0.0,0.0,0.0,0.0,1.0,0.0,0.0,0
-0.35447761194029853,2.5,-0.49075287827995806,-0.1904737611061674,0.0,1.0,0.0,0.0,1.0,1.0,0.0,0.0,0.0,0.0,1.0,0.0,0.0,1
-0.06716417910447761,2.5,-0.3537818403485469,-0.1871408888974573,-1.0,1.0,0.0,1.0,0.0,0.0,0.0,0.0,1.0,0.0,0.0,1.0,0.0,1
1.0,1.0,0.5931953083291233,-0.7715453938645471,-1.0,0.0,0.0,1.0,0.0,1.0,0.0,0.0,0.0,0.0,0.0,0.0,1.0,1
0.0708955223880597,-1.5,0.15737213609004547,-0.26125243197233067,0.0,0.0,0.0,1.0,0.0,1.0,0.0,0.0,0.0,0.0,1.0,0.0,0.0,0
-0.5261194029850746,0.5,0.4472756252837851,0.4979878566499785,2.0,0.0,0.0,1.0,0.0,1.0,0.0,0.0,0.0,0.0,0.0,1.0,0.0,1
-0.07835820895522388,-1.5,-0.5337194463708905,-0.7095753196552277,1.0,0.0,0.0,0.0,1.0,1.0,0.0,0.0,0.0,0.0,0.0,1.0,0.0,0
0.1865671641791045,2.0,1.7488248637155626,1.0475268722989737,0.0,0.0,0.0,0.0,1.0,1.0,0.0,0.0,0.0,0.0,1.0,0.0,0.0,1
-0.9850746268656716,0.5,2.7867048591506696,-0.9098682532892517,-1.0,1.0,0.0,1.0,0.0,0.0,0.0,1.0,0.0,0.0,0.0,0.0,1.0,1
0.5783582089552238,0.5,-0.6127461048384742,-0.43709776430072445,2.0,0.0,0.0,1.0,0.0,0.0,0.0,0.0,1.0,0.0,1.0,0.0,0.0,1
0.30223880597014924,2.5,-0.20427813742303558,-0.39920807136900055,2.0,0.0,0.0,0.0,1.0,1.0,0.0,0.0,0.0,0.0,0.0,1.0,0.0,1
0.332089552238806,1.0,0.7240478505691599,0.1862286901693897,0.0,0.0,0.0,1.0,0.0,0.0,1.0,0.0,0.0,0.0,1.0,0.0,0.0,1
1.044776119402985,-1.0,-0.5045514813986214,-0.5934171274071183,1.0,0.0,0.0,1.0,0.0,1.0,0.0,0.0,0.0,0.0,1.0,0.0,0.0,1
-0.22388059701492538,0.5,0.7366496522579723,0.4555378030430602,0.0,0.0,0.0,1.0,0.0,0.0,0.0,1.0,0.0,0.0,0.0,1.0,0.0,0
0.3283582089552239,-1.0,-0.6177602470570636,-0.10749526459029991,1.0,0.0,0.0,0.0,1.0,1.0,0.0,0.0,0.0,0.0,1.0,0.0,0.0,0
-1.044776119402985,-0.5,0.21720413599533825,-1.0243596108579198,-1.0,0.0,0.0,1.0,0.0,1.0,0.0,0.0,0.0,0.0,0.0,1.0,0.0,0
0.4216417910447761,-0.5,3.488464304680498,-0.00788900890188978,2.0,0.0,0.0,1.0,0.0,1.0,0.0,0.0,0.0,0.0,0.0,0.0,1.0,1
0.8843283582089553,-1.0,-0.47964318375458104,0.13780455566797525,1.0,0.0,0.0,1.0,0.0,0.0,0.0,0.0,1.0,0.0,1.0,0.0,0.0,0
0.2835820895522388,-1.0,0.9042145161797354,-0.44087605592142937,-1.0,0.0,1.0,0.0,0.0,1.0,0.0,0.0,0.0,0.0,1.0,0.0,0.0,0
0.7350746268656716,0.5,-0.25556419144240405,-0.49865215130854884,1.0,0.0,0.0,1.0,0.0,0.0,0.0,0.0,1.0,0.0,0.0,1.0,0.0,0
-0.20522388059701493,-1.5,0.7814940535304629,0.20948006235727878,1.0,0.0,0.0,0.0,1.0,1.0,0.0,0.0,0.0,0.0,1.0,0.0,0.0,0
0.25,-1.5,-0.5712942999029236,0.6523328243447438,-1.0,0.0,0.0,1.0,0.0,1.0,0.0,0.0,0.0,0.0,0.0,0.0,1.0,0
1.0671641791044777,-1.0,-0.031023127532791517,-0.1359600141861711,1.0,0.0,0.0,1.0,0.0,1.0,0.0,0.0,0.0,0.0,1.0,0.0,0.0,0
-1.1156716417910448,0.5,0.13179885573636405,-0.48861854155638473,1.0,0.0,1.0,0.0,0.0,0.0,1.0,0.0,0.0,0.0,1.0,0.0,0.0,0
0.2126865671641791,-1.5,-0.17725473554233184,0.07779314940936947,0.0,0.0,0.0,1.0,0.0,0.0,1.0,0.0,0.0,0.0,1.0,0.0,0.0,0
0.3805970149253731,-1.5,2.016471804678451,-0.008455747337399112,2.0,0.0,1.0,0.0,0.0,1.0,0.0,0.0,0.0,0.0,1.0,0.0,0.0,1
-0.6492537313432836,0.0,0.18589743248930213,-0.7358208942512608,0.0,0.0,0.0,1.0,0.0,0.0,0.0,1.0,0.0,0.0,0.0,0.0,1.0,0
0.6977611940298507,-1.0,1.821427747125109,0.3065654486993342,1.0,0.0,0.0,0.0,1.0,1.0,0.0,0.0,0.0,0.0,1.0,0.0,0.0,0
-0.4701492537313433,-1.5,0.3215182501087876,0.5437273750136717,0.0,0.0,0.0,1.0,0.0,0.0,0.0,1.0,0.0,0.0,1.0,0.0,0.0,0
-0.458955223880597,-0.5,-0.08318488189819068,-0.3143466769036872,2.0,0.0,0.0,1.0,0.0,1.0,0.0,0.0,0.0,0.0,1.0,0.0,0.0,1
-1.6194029850746268,0.5,1.6625592744127797,-0.9187818683096454,1.0,0.0,0.0,1.0,0.0,0.0,0.0,1.0,0.0,0.0,0.0,1.0,0.0,0
-0.44029850746268656,-1.5,0.2842996261990875,-1.047889822201791,1.0,0.0,0.0,0.0,1.0,0.0,0.0,1.0,0.0,0.0,1.0,0.0,0.0,0
-0.4626865671641791,1.5,-0.3620132202640883,0.614832052861082,2.0,0.0,0.0,1.0,0.0,0.0,1.0,0.0,0.0,0.0,1.0,0.0,0.0,1
0.48880597014925375,-1.0,0.8040574850162369,0.12335728160498043,-1.0,1.0,0.0,1.0,0.0,1.0,0.0,0.0,0.0,0.0,1.0,0.0,0.0,1
0.5186567164179104,-1.0,-0.36364742196088345,0.6131948507646866,3.0,0.0,0.0,1.0,0.0,1.0,0.0,0.0,0.0,0.0,0.0,1.0,0.0,1
-1.1343283582089552,1.5,0.38357880283179957,-0.2499707858392062,1.0,0.0,0.0,1.0,0.0,1.0,0.0,0.0,0.0,0.0,1.0,0.0,0.0,1
1.3171641791044777,1.5,-0.4257027932123996,-0.2575793440952834,1.0,0.0,0.0,1.0,0.0,0.0,0.0,1.0,0.0,0.0,0.0,1.0,0.0,1
-0.35447761194029853,2.5,0.07526121788570811,-0.5561796669769902,0.0,0.0,0.0,1.0,0.0,1.0,0.0,0.0,0.0,0.0,0.0,1.0,0.0,1
-0.6865671641791045,1.0,0.1099954546919612,0.022758311721246243,0.0,0.0,0.0,1.0,0.0,0.0,1.0,0.0,0.0,0.0,0.0,1.0,0.0,0
-0.6902985074626866,1.0,1.1659126180265555,-0.2987204511944533,-1.0,0.0,0.0,1.0,0.0,0.0,0.0,1.0,0.0,0.0,0.0,1.0,0.0,0
-0.7201492537313433,-1.0,-0.3695832044293011,0.5816544098825861,1.0,0.0,0.0,1.0,0.0,0.0,1.0,0.0,0.0,0.0,1.0,0.0,0.0,0
0.8694029850746269,0.5,0.0,0.9271184243931881,0.0,0.0,0.0,1.0,0.0,0.0,1.0,0.0,0.0,0.0,0.0,1.0,0.0,1
0.7238805970149254,1.0,0.6753542489852851,-0.6261387742260229,-1.0,0.0,1.0,0.0,0.0,0.0,0.0,1.0,0.0,0.0,0.0,1.0,0.0,1
0.5485074626865671,1.0,1.2242080521695369,-0.3023203274313836,1.0,0.0,0.0,0.0,1.0,0.0,0.0,1.0,0.0,0.0,0.0,0.0,1.0,0
1.7682089552238844,1.0,0.059458588001205355,-0.6483054398578912,0.0,0.0,0.0,1.0,0.0,1.0,0.0,0.0,0.0,0.0,0.0,0.0,1.0,0
0.3619402985074627,0.5,-0.594337044730493,-0.36264548209953124,2.0,1.0,0.0,0.0,1.0,1.0,0.0,0.0,0.0,0.0,1.0,0.0,0.0,1
-0.022388059701492536,1.5,-0.6217278394225659,0.5295873981462659,-1.0,0.0,0.0,1.0,0.0,0.0,0.0,0.0,1.0,0.0,0.0,0.0,1.0,1
0.033582089552238806,0.5,2.251080911177355,0.5399177904476739,-1.0,0.0,0.0,0.0,1.0,0.0,1.0,0.0,0.0,0.0,0.0,1.0,0.0,0
